# ************************************************************
# Sequel Ace SQL dump
# Version 20025
#
# https://sequel-ace.com/
# https://github.com/Sequel-Ace/Sequel-Ace
#
# Host: localhost (MySQL 8.0.27)
# Database: orm_app
# Generation Time: 2022-01-28 11:46:59 +0000
# ************************************************************


/*!40101 SET @OLD_CHARACTER_SET_CLIENT=@@CHARACTER_SET_CLIENT */;
/*!40101 SET @OLD_CHARACTER_SET_RESULTS=@@CHARACTER_SET_RESULTS */;
/*!40101 SET @OLD_COLLATION_CONNECTION=@@COLLATION_CONNECTION */;
SET NAMES utf8mb4;
/*!40014 SET @OLD_FOREIGN_KEY_CHECKS=@@FOREIGN_KEY_CHECKS, FOREIGN_KEY_CHECKS=0 */;
/*!40101 SET @OLD_SQL_MODE='NO_AUTO_VALUE_ON_ZERO', SQL_MODE='NO_AUTO_VALUE_ON_ZERO' */;
/*!40111 SET @OLD_SQL_NOTES=@@SQL_NOTES, SQL_NOTES=0 */;


# Dump of table cities
# ------------------------------------------------------------

DROP TABLE IF EXISTS `cities`;

CREATE TABLE `cities` (
  `id` bigint unsigned NOT NULL AUTO_INCREMENT,
  `country_id` bigint unsigned NOT NULL,
  `name` varchar(255) COLLATE utf8mb4_unicode_ci NOT NULL,
  `created_at` timestamp NULL DEFAULT NULL,
  `updated_at` timestamp NULL DEFAULT NULL,
  PRIMARY KEY (`id`),
  KEY `cities_country_id_foreign` (`country_id`),
  CONSTRAINT `cities_country_id_foreign` FOREIGN KEY (`country_id`) REFERENCES `countries` (`id`) ON DELETE CASCADE
) ENGINE=InnoDB DEFAULT CHARSET=utf8mb4 COLLATE=utf8mb4_unicode_ci;

LOCK TABLES `cities` WRITE;
/*!40000 ALTER TABLE `cities` DISABLE KEYS */;

INSERT INTO `cities` (`id`, `country_id`, `name`, `created_at`, `updated_at`)
VALUES
	(1,28,'North Weldon','2022-01-27 13:42:24','2022-01-27 13:42:24'),
	(2,17,'Rolfsonstad','2022-01-27 13:42:24','2022-01-27 13:42:24'),
	(3,23,'Bernierfort','2022-01-27 13:42:24','2022-01-27 13:42:24'),
	(4,17,'Cummeratafort','2022-01-27 13:42:24','2022-01-27 13:42:24'),
	(5,7,'Jamarfort','2022-01-27 13:42:24','2022-01-27 13:42:24'),
	(6,17,'Carlofurt','2022-01-27 13:42:24','2022-01-27 13:42:24'),
	(7,16,'Bradtkeburgh','2022-01-27 13:42:24','2022-01-27 13:42:24'),
	(8,8,'Zulaufport','2022-01-27 13:42:24','2022-01-27 13:42:24'),
	(9,4,'North Tiffanybury','2022-01-27 13:42:24','2022-01-27 13:42:24'),
	(10,13,'North Trystan','2022-01-27 13:42:24','2022-01-27 13:42:24'),
	(11,19,'Russelbury','2022-01-27 13:42:24','2022-01-27 13:42:24'),
	(12,29,'East Modesto','2022-01-27 13:42:24','2022-01-27 13:42:24'),
	(13,12,'Port Ali','2022-01-27 13:42:24','2022-01-27 13:42:24'),
	(14,21,'Port Chasity','2022-01-27 13:42:24','2022-01-27 13:42:24'),
	(15,18,'Johnsonstad','2022-01-27 13:42:24','2022-01-27 13:42:24'),
	(16,11,'Cummingsview','2022-01-27 13:42:24','2022-01-27 13:42:24'),
	(17,28,'Koepptown','2022-01-27 13:42:24','2022-01-27 13:42:24'),
	(18,7,'Pfefferberg','2022-01-27 13:42:24','2022-01-27 13:42:24'),
	(19,25,'New Trey','2022-01-27 13:42:24','2022-01-27 13:42:24'),
	(20,29,'East Deannamouth','2022-01-27 13:42:24','2022-01-27 13:42:24'),
	(21,19,'South Kirstenshire','2022-01-27 13:42:24','2022-01-27 13:42:24'),
	(22,10,'North Brant','2022-01-27 13:42:24','2022-01-27 13:42:24'),
	(23,29,'Aliciashire','2022-01-27 13:42:24','2022-01-27 13:42:24'),
	(24,26,'North Shaina','2022-01-27 13:42:24','2022-01-27 13:42:24'),
	(25,8,'East Leanneport','2022-01-27 13:42:24','2022-01-27 13:42:24'),
	(26,11,'West Elisabethberg','2022-01-27 13:42:24','2022-01-27 13:42:24'),
	(27,6,'Cassinbury','2022-01-27 13:42:24','2022-01-27 13:42:24'),
	(28,21,'South Kole','2022-01-27 13:42:24','2022-01-27 13:42:24'),
	(29,23,'Jackieburgh','2022-01-27 13:42:24','2022-01-27 13:42:24'),
	(30,22,'South Jaceymouth','2022-01-27 13:42:24','2022-01-27 13:42:24'),
	(31,4,'Lake Zackfurt','2022-01-27 13:42:24','2022-01-27 13:42:24'),
	(32,3,'West Mckenzieside','2022-01-27 13:42:24','2022-01-27 13:42:24'),
	(33,1,'West Lenorastad','2022-01-27 13:42:24','2022-01-27 13:42:24'),
	(34,5,'Lake Amaniburgh','2022-01-27 13:42:24','2022-01-27 13:42:24'),
	(35,4,'East Havenshire','2022-01-27 13:42:24','2022-01-27 13:42:24'),
	(36,10,'West Carlee','2022-01-27 13:42:24','2022-01-27 13:42:24'),
	(37,16,'Port Jayne','2022-01-27 13:42:24','2022-01-27 13:42:24'),
	(38,24,'South Austynfort','2022-01-27 13:42:24','2022-01-27 13:42:24'),
	(39,14,'North Brandt','2022-01-27 13:42:24','2022-01-27 13:42:24'),
	(40,3,'Welchbury','2022-01-27 13:42:24','2022-01-27 13:42:24'),
	(41,19,'Port May','2022-01-27 13:42:24','2022-01-27 13:42:24'),
	(42,23,'West Laurie','2022-01-27 13:42:24','2022-01-27 13:42:24'),
	(43,30,'Jeramybury','2022-01-27 13:42:24','2022-01-27 13:42:24'),
	(44,24,'Karianefort','2022-01-27 13:42:24','2022-01-27 13:42:24'),
	(45,19,'Javontetown','2022-01-27 13:42:24','2022-01-27 13:42:24'),
	(46,5,'Joneston','2022-01-27 13:42:24','2022-01-27 13:42:24'),
	(47,2,'East Maviston','2022-01-27 13:42:24','2022-01-27 13:42:24'),
	(48,11,'New Dallin','2022-01-27 13:42:24','2022-01-27 13:42:24'),
	(49,12,'Emiliaville','2022-01-27 13:42:24','2022-01-27 13:42:24'),
	(50,13,'Agnesmouth','2022-01-27 13:42:24','2022-01-27 13:42:24'),
	(51,6,'East Aiyana','2022-01-27 13:42:24','2022-01-27 13:42:24'),
	(52,5,'West Nicholemouth','2022-01-27 13:42:24','2022-01-27 13:42:24'),
	(53,7,'Adambury','2022-01-27 13:42:24','2022-01-27 13:42:24'),
	(54,26,'Enricomouth','2022-01-27 13:42:24','2022-01-27 13:42:24'),
	(55,9,'Dovieton','2022-01-27 13:42:24','2022-01-27 13:42:24'),
	(56,12,'Westbury','2022-01-27 13:42:24','2022-01-27 13:42:24'),
	(57,1,'Meaghanland','2022-01-27 13:42:24','2022-01-27 13:42:24'),
	(58,10,'Lakinfurt','2022-01-27 13:42:24','2022-01-27 13:42:24'),
	(59,21,'South Rosaleefurt','2022-01-27 13:42:24','2022-01-27 13:42:24'),
	(60,26,'Addiefort','2022-01-27 13:42:24','2022-01-27 13:42:24'),
	(61,4,'Moshetown','2022-01-27 13:42:24','2022-01-27 13:42:24'),
	(62,28,'Richmondville','2022-01-27 13:42:24','2022-01-27 13:42:24'),
	(63,5,'West Kadeland','2022-01-27 13:42:24','2022-01-27 13:42:24'),
	(64,12,'Keelingland','2022-01-27 13:42:24','2022-01-27 13:42:24'),
	(65,9,'Hammesmouth','2022-01-27 13:42:24','2022-01-27 13:42:24'),
	(66,13,'Ebbamouth','2022-01-27 13:42:24','2022-01-27 13:42:24'),
	(67,28,'Shermanburgh','2022-01-27 13:42:24','2022-01-27 13:42:24'),
	(68,20,'Gulgowskifort','2022-01-27 13:42:24','2022-01-27 13:42:24'),
	(69,21,'Flossiefort','2022-01-27 13:42:24','2022-01-27 13:42:24'),
	(70,25,'North Linneaberg','2022-01-27 13:42:24','2022-01-27 13:42:24'),
	(71,24,'Port Dockmouth','2022-01-27 13:42:24','2022-01-27 13:42:24'),
	(72,24,'Wilkinsonside','2022-01-27 13:42:24','2022-01-27 13:42:24'),
	(73,23,'Albertoside','2022-01-27 13:42:24','2022-01-27 13:42:24'),
	(74,12,'Port Alexandra','2022-01-27 13:42:24','2022-01-27 13:42:24'),
	(75,22,'Leliafort','2022-01-27 13:42:24','2022-01-27 13:42:24'),
	(76,20,'East Daren','2022-01-27 13:42:24','2022-01-27 13:42:24'),
	(77,26,'Padbergville','2022-01-27 13:42:24','2022-01-27 13:42:24'),
	(78,2,'Kunzeland','2022-01-27 13:42:24','2022-01-27 13:42:24'),
	(79,10,'Skylartown','2022-01-27 13:42:24','2022-01-27 13:42:24'),
	(80,19,'Boyleton','2022-01-27 13:42:24','2022-01-27 13:42:24'),
	(81,14,'Meganeburgh','2022-01-27 13:42:24','2022-01-27 13:42:24'),
	(82,3,'New Rosaview','2022-01-27 13:42:24','2022-01-27 13:42:24'),
	(83,29,'East Jocelyn','2022-01-27 13:42:24','2022-01-27 13:42:24'),
	(84,22,'Augustusville','2022-01-27 13:42:24','2022-01-27 13:42:24'),
	(85,12,'Lake Una','2022-01-27 13:42:24','2022-01-27 13:42:24'),
	(86,25,'South Destiniberg','2022-01-27 13:42:24','2022-01-27 13:42:24'),
	(87,5,'Auerburgh','2022-01-27 13:42:24','2022-01-27 13:42:24'),
	(88,19,'Aufderharfurt','2022-01-27 13:42:24','2022-01-27 13:42:24'),
	(89,27,'West Retaview','2022-01-27 13:42:24','2022-01-27 13:42:24'),
	(90,12,'West Jarred','2022-01-27 13:42:24','2022-01-27 13:42:24'),
	(91,14,'East Tressieside','2022-01-27 13:42:24','2022-01-27 13:42:24'),
	(92,15,'Hughborough','2022-01-27 13:42:24','2022-01-27 13:42:24'),
	(93,19,'Macburgh','2022-01-27 13:42:24','2022-01-27 13:42:24'),
	(94,19,'Matildaborough','2022-01-27 13:42:24','2022-01-27 13:42:24'),
	(95,25,'East Lilyanland','2022-01-27 13:42:24','2022-01-27 13:42:24'),
	(96,28,'Lake Vicky','2022-01-27 13:42:24','2022-01-27 13:42:24'),
	(97,24,'Linamouth','2022-01-27 13:42:24','2022-01-27 13:42:24'),
	(98,5,'Schimmelstad','2022-01-27 13:42:24','2022-01-27 13:42:24'),
	(99,23,'Eddtown','2022-01-27 13:42:24','2022-01-27 13:42:24'),
	(100,22,'West Hershelside','2022-01-27 13:42:24','2022-01-27 13:42:24'),
	(101,15,'Faustinoton','2022-01-27 13:42:24','2022-01-27 13:42:24'),
	(102,21,'Lake Kamron','2022-01-27 13:42:24','2022-01-27 13:42:24'),
	(103,1,'Elliebury','2022-01-27 13:42:24','2022-01-27 13:42:24'),
	(104,17,'Corwinhaven','2022-01-27 13:42:24','2022-01-27 13:42:24'),
	(105,22,'Lake Jeniferview','2022-01-27 13:42:24','2022-01-27 13:42:24'),
	(106,17,'Dimitritown','2022-01-27 13:42:24','2022-01-27 13:42:24'),
	(107,4,'North Sheldon','2022-01-27 13:42:24','2022-01-27 13:42:24'),
	(108,23,'South Novaton','2022-01-27 13:42:24','2022-01-27 13:42:24'),
	(109,18,'Noeburgh','2022-01-27 13:42:24','2022-01-27 13:42:24'),
	(110,23,'North Erick','2022-01-27 13:42:24','2022-01-27 13:42:24'),
	(111,23,'Vonshire','2022-01-27 13:42:24','2022-01-27 13:42:24'),
	(112,10,'Herthaborough','2022-01-27 13:42:24','2022-01-27 13:42:24'),
	(113,6,'West Vincent','2022-01-27 13:42:24','2022-01-27 13:42:24'),
	(114,5,'South Ora','2022-01-27 13:42:24','2022-01-27 13:42:24'),
	(115,11,'West Tracymouth','2022-01-27 13:42:24','2022-01-27 13:42:24'),
	(116,6,'Archberg','2022-01-27 13:42:24','2022-01-27 13:42:24'),
	(117,17,'East Jerryport','2022-01-27 13:42:24','2022-01-27 13:42:24'),
	(118,16,'Melodyfurt','2022-01-27 13:42:24','2022-01-27 13:42:24'),
	(119,2,'Oceaneburgh','2022-01-27 13:42:24','2022-01-27 13:42:24'),
	(120,9,'East Lillyfort','2022-01-27 13:42:24','2022-01-27 13:42:24'),
	(121,2,'Catharineside','2022-01-27 13:42:24','2022-01-27 13:42:24'),
	(122,25,'South Hubert','2022-01-27 13:42:24','2022-01-27 13:42:24'),
	(123,29,'New Martyburgh','2022-01-27 13:42:24','2022-01-27 13:42:24'),
	(124,8,'East Leafort','2022-01-27 13:42:24','2022-01-27 13:42:24'),
	(125,3,'Lebsackchester','2022-01-27 13:42:24','2022-01-27 13:42:24'),
	(126,22,'Port Jayde','2022-01-27 13:42:24','2022-01-27 13:42:24'),
	(127,8,'East Laurymouth','2022-01-27 13:42:24','2022-01-27 13:42:24'),
	(128,11,'Jasthaven','2022-01-27 13:42:24','2022-01-27 13:42:24'),
	(129,6,'Port Mallieview','2022-01-27 13:42:24','2022-01-27 13:42:24'),
	(130,29,'Robertaberg','2022-01-27 13:42:24','2022-01-27 13:42:24'),
	(131,26,'Port Johanfort','2022-01-27 13:42:24','2022-01-27 13:42:24'),
	(132,30,'South Katheryn','2022-01-27 13:42:24','2022-01-27 13:42:24'),
	(133,15,'Port Sophia','2022-01-27 13:42:24','2022-01-27 13:42:24'),
	(134,16,'South Akeem','2022-01-27 13:42:24','2022-01-27 13:42:24'),
	(135,16,'East Lilliana','2022-01-27 13:42:24','2022-01-27 13:42:24'),
	(136,23,'New Bert','2022-01-27 13:42:24','2022-01-27 13:42:24'),
	(137,23,'New Lempiberg','2022-01-27 13:42:24','2022-01-27 13:42:24'),
	(138,6,'Schillerburgh','2022-01-27 13:42:24','2022-01-27 13:42:24'),
	(139,21,'Lilianshire','2022-01-27 13:42:24','2022-01-27 13:42:24'),
	(140,7,'East Vincenza','2022-01-27 13:42:24','2022-01-27 13:42:24'),
	(141,15,'Port Emmittfurt','2022-01-27 13:42:24','2022-01-27 13:42:24'),
	(142,10,'Alannaside','2022-01-27 13:42:24','2022-01-27 13:42:24'),
	(143,17,'East Jean','2022-01-27 13:42:24','2022-01-27 13:42:24'),
	(144,18,'West Wilmerburgh','2022-01-27 13:42:24','2022-01-27 13:42:24'),
	(145,30,'North Rodolfo','2022-01-27 13:42:24','2022-01-27 13:42:24'),
	(146,12,'Blickland','2022-01-27 13:42:24','2022-01-27 13:42:24'),
	(147,8,'Lake Lewisview','2022-01-27 13:42:24','2022-01-27 13:42:24'),
	(148,23,'Schmittshire','2022-01-27 13:42:24','2022-01-27 13:42:24'),
	(149,23,'East Meggie','2022-01-27 13:42:24','2022-01-27 13:42:24'),
	(150,7,'Auerview','2022-01-27 13:42:24','2022-01-27 13:42:24'),
	(151,14,'Reymundostad','2022-01-27 13:42:24','2022-01-27 13:42:24'),
	(152,27,'Port Kaiaborough','2022-01-27 13:42:24','2022-01-27 13:42:24'),
	(153,25,'Rohanton','2022-01-27 13:42:24','2022-01-27 13:42:24'),
	(154,23,'Murphychester','2022-01-27 13:42:24','2022-01-27 13:42:24'),
	(155,9,'West Floridaside','2022-01-27 13:42:24','2022-01-27 13:42:24'),
	(156,22,'East Eva','2022-01-27 13:42:24','2022-01-27 13:42:24'),
	(157,21,'Ozellaburgh','2022-01-27 13:42:24','2022-01-27 13:42:24'),
	(158,10,'Kristyborough','2022-01-27 13:42:24','2022-01-27 13:42:24'),
	(159,6,'West Jordyshire','2022-01-27 13:42:24','2022-01-27 13:42:24'),
	(160,11,'Hettingermouth','2022-01-27 13:42:24','2022-01-27 13:42:24'),
	(161,17,'Bodeville','2022-01-27 13:42:24','2022-01-27 13:42:24'),
	(162,2,'Bartonton','2022-01-27 13:42:24','2022-01-27 13:42:24'),
	(163,23,'Homenickburgh','2022-01-27 13:42:24','2022-01-27 13:42:24'),
	(164,24,'New Ramonabury','2022-01-27 13:42:24','2022-01-27 13:42:24'),
	(165,20,'Port Milliebury','2022-01-27 13:42:24','2022-01-27 13:42:24'),
	(166,26,'Yostport','2022-01-27 13:42:24','2022-01-27 13:42:24'),
	(167,9,'North Liam','2022-01-27 13:42:24','2022-01-27 13:42:24'),
	(168,21,'Lake Sadieton','2022-01-27 13:42:24','2022-01-27 13:42:24'),
	(169,7,'Gislasonmouth','2022-01-27 13:42:24','2022-01-27 13:42:24'),
	(170,5,'Dorothyview','2022-01-27 13:42:24','2022-01-27 13:42:24'),
	(171,12,'Connhaven','2022-01-27 13:42:24','2022-01-27 13:42:24'),
	(172,12,'Langworthtown','2022-01-27 13:42:24','2022-01-27 13:42:24'),
	(173,5,'Ronmouth','2022-01-27 13:42:24','2022-01-27 13:42:24'),
	(174,15,'Lake Baylee','2022-01-27 13:42:24','2022-01-27 13:42:24'),
	(175,5,'West Leslyberg','2022-01-27 13:42:24','2022-01-27 13:42:24'),
	(176,18,'Port Vestamouth','2022-01-27 13:42:24','2022-01-27 13:42:24'),
	(177,11,'Melyssafort','2022-01-27 13:42:24','2022-01-27 13:42:24'),
	(178,22,'Kennyview','2022-01-27 13:42:24','2022-01-27 13:42:24'),
	(179,26,'Abelfurt','2022-01-27 13:42:24','2022-01-27 13:42:24'),
	(180,24,'O\'Connerchester','2022-01-27 13:42:24','2022-01-27 13:42:24'),
	(181,26,'South Ron','2022-01-27 13:42:24','2022-01-27 13:42:24'),
	(182,30,'Andyview','2022-01-27 13:42:24','2022-01-27 13:42:24'),
	(183,30,'Port Melissa','2022-01-27 13:42:24','2022-01-27 13:42:24'),
	(184,14,'West Earnestbury','2022-01-27 13:42:24','2022-01-27 13:42:24'),
	(185,29,'Ocieport','2022-01-27 13:42:24','2022-01-27 13:42:24'),
	(186,18,'Lake Eulaport','2022-01-27 13:42:24','2022-01-27 13:42:24'),
	(187,18,'Brekkemouth','2022-01-27 13:42:24','2022-01-27 13:42:24'),
	(188,3,'Wendellland','2022-01-27 13:42:24','2022-01-27 13:42:24'),
	(189,5,'North Terrill','2022-01-27 13:42:24','2022-01-27 13:42:24'),
	(190,23,'Dakotachester','2022-01-27 13:42:24','2022-01-27 13:42:24'),
	(191,12,'New Erwintown','2022-01-27 13:42:24','2022-01-27 13:42:24'),
	(192,13,'South Herminiastad','2022-01-27 13:42:24','2022-01-27 13:42:24'),
	(193,19,'Lebsackmouth','2022-01-27 13:42:24','2022-01-27 13:42:24'),
	(194,9,'Port Elisa','2022-01-27 13:42:24','2022-01-27 13:42:24'),
	(195,22,'North Tabithachester','2022-01-27 13:42:24','2022-01-27 13:42:24'),
	(196,22,'Hintzfurt','2022-01-27 13:42:24','2022-01-27 13:42:24'),
	(197,5,'North Felipeside','2022-01-27 13:42:24','2022-01-27 13:42:24'),
	(198,13,'Harleyborough','2022-01-27 13:42:24','2022-01-27 13:42:24'),
	(199,19,'Erikport','2022-01-27 13:42:24','2022-01-27 13:42:24'),
	(200,9,'East Jo','2022-01-27 13:42:24','2022-01-27 13:42:24'),
	(201,8,'Gonzaloshire','2022-01-27 13:42:24','2022-01-27 13:42:24'),
	(202,25,'Sengerchester','2022-01-27 13:42:24','2022-01-27 13:42:24'),
	(203,11,'Raynorhaven','2022-01-27 13:42:24','2022-01-27 13:42:24'),
	(204,2,'Jaydonstad','2022-01-27 13:42:24','2022-01-27 13:42:24'),
	(205,15,'Maryseburgh','2022-01-27 13:42:24','2022-01-27 13:42:24'),
	(206,2,'Port Emmaborough','2022-01-27 13:42:24','2022-01-27 13:42:24'),
	(207,30,'Lockmanburgh','2022-01-27 13:42:24','2022-01-27 13:42:24'),
	(208,1,'Jessycaborough','2022-01-27 13:42:24','2022-01-27 13:42:24'),
	(209,2,'Moriahport','2022-01-27 13:42:24','2022-01-27 13:42:24'),
	(210,11,'Jacobsland','2022-01-27 13:42:24','2022-01-27 13:42:24'),
	(211,12,'East Carolineview','2022-01-27 13:42:24','2022-01-27 13:42:24'),
	(212,14,'Thielside','2022-01-27 13:42:24','2022-01-27 13:42:24'),
	(213,11,'Harleyshire','2022-01-27 13:42:24','2022-01-27 13:42:24'),
	(214,17,'Yoststad','2022-01-27 13:42:24','2022-01-27 13:42:24'),
	(215,29,'Aronside','2022-01-27 13:42:24','2022-01-27 13:42:24'),
	(216,11,'East Yolandaland','2022-01-27 13:42:24','2022-01-27 13:42:24'),
	(217,17,'Port Petetown','2022-01-27 13:42:24','2022-01-27 13:42:24'),
	(218,24,'South Billieton','2022-01-27 13:42:24','2022-01-27 13:42:24'),
	(219,17,'New Alizestad','2022-01-27 13:42:24','2022-01-27 13:42:24'),
	(220,27,'Port Alek','2022-01-27 13:42:24','2022-01-27 13:42:24'),
	(221,20,'Lake Zula','2022-01-27 13:42:24','2022-01-27 13:42:24'),
	(222,22,'Konopelskiland','2022-01-27 13:42:24','2022-01-27 13:42:24'),
	(223,8,'Larsontown','2022-01-27 13:42:24','2022-01-27 13:42:24'),
	(224,21,'New Lillianafort','2022-01-27 13:42:24','2022-01-27 13:42:24'),
	(225,3,'West Shawnmouth','2022-01-27 13:42:24','2022-01-27 13:42:24'),
	(226,30,'Kutchview','2022-01-27 13:42:24','2022-01-27 13:42:24'),
	(227,24,'North Oleburgh','2022-01-27 13:42:24','2022-01-27 13:42:24'),
	(228,17,'South Burley','2022-01-27 13:42:24','2022-01-27 13:42:24'),
	(229,4,'New Denabury','2022-01-27 13:42:24','2022-01-27 13:42:24'),
	(230,27,'Donnellyfurt','2022-01-27 13:42:24','2022-01-27 13:42:24'),
	(231,17,'West Giovani','2022-01-27 13:42:24','2022-01-27 13:42:24'),
	(232,2,'West Vadashire','2022-01-27 13:42:24','2022-01-27 13:42:24'),
	(233,25,'Gibsonberg','2022-01-27 13:42:24','2022-01-27 13:42:24'),
	(234,8,'West Sammymouth','2022-01-27 13:42:24','2022-01-27 13:42:24'),
	(235,16,'Erdmanhaven','2022-01-27 13:42:24','2022-01-27 13:42:24'),
	(236,5,'Buckridgeton','2022-01-27 13:42:24','2022-01-27 13:42:24'),
	(237,20,'Josephside','2022-01-27 13:42:24','2022-01-27 13:42:24'),
	(238,21,'Alveraton','2022-01-27 13:42:24','2022-01-27 13:42:24'),
	(239,6,'Genesismouth','2022-01-27 13:42:24','2022-01-27 13:42:24'),
	(240,20,'West Minnie','2022-01-27 13:42:24','2022-01-27 13:42:24'),
	(241,18,'Port Madelynn','2022-01-27 13:42:24','2022-01-27 13:42:24'),
	(242,6,'South Carey','2022-01-27 13:42:24','2022-01-27 13:42:24'),
	(243,17,'South Ardellaville','2022-01-27 13:42:24','2022-01-27 13:42:24'),
	(244,2,'East Ignatiusview','2022-01-27 13:42:24','2022-01-27 13:42:24'),
	(245,23,'Port Mikayla','2022-01-27 13:42:24','2022-01-27 13:42:24'),
	(246,15,'West Fermin','2022-01-27 13:42:24','2022-01-27 13:42:24'),
	(247,17,'Wiegandville','2022-01-27 13:42:24','2022-01-27 13:42:24'),
	(248,3,'Isaiasfurt','2022-01-27 13:42:24','2022-01-27 13:42:24'),
	(249,8,'Heathcoteside','2022-01-27 13:42:24','2022-01-27 13:42:24'),
	(250,14,'West Miles','2022-01-27 13:42:24','2022-01-27 13:42:24'),
	(251,20,'Port Alycia','2022-01-27 13:42:24','2022-01-27 13:42:24'),
	(252,21,'Lake Renetown','2022-01-27 13:42:24','2022-01-27 13:42:24'),
	(253,19,'Tomasmouth','2022-01-27 13:42:24','2022-01-27 13:42:24'),
	(254,20,'South Ciara','2022-01-27 13:42:24','2022-01-27 13:42:24'),
	(255,20,'South Adelbert','2022-01-27 13:42:24','2022-01-27 13:42:24'),
	(256,8,'East George','2022-01-27 13:42:24','2022-01-27 13:42:24'),
	(257,25,'North Nia','2022-01-27 13:42:24','2022-01-27 13:42:24'),
	(258,2,'Trantowview','2022-01-27 13:42:24','2022-01-27 13:42:24'),
	(259,11,'Lake Gerhardstad','2022-01-27 13:42:24','2022-01-27 13:42:24'),
	(260,26,'Gleichnerborough','2022-01-27 13:42:24','2022-01-27 13:42:24'),
	(261,25,'Kirstenton','2022-01-27 13:42:24','2022-01-27 13:42:24'),
	(262,1,'Port Orrintown','2022-01-27 13:42:24','2022-01-27 13:42:24'),
	(263,15,'Merlinfurt','2022-01-27 13:42:24','2022-01-27 13:42:24'),
	(264,23,'East Rhettfurt','2022-01-27 13:42:24','2022-01-27 13:42:24'),
	(265,12,'Georgianafort','2022-01-27 13:42:24','2022-01-27 13:42:24'),
	(266,18,'Zeldachester','2022-01-27 13:42:24','2022-01-27 13:42:24'),
	(267,10,'Krisside','2022-01-27 13:42:24','2022-01-27 13:42:24'),
	(268,25,'Davidfort','2022-01-27 13:42:24','2022-01-27 13:42:24'),
	(269,14,'Port Reneefort','2022-01-27 13:42:24','2022-01-27 13:42:24'),
	(270,4,'Kaitlinview','2022-01-27 13:42:24','2022-01-27 13:42:24'),
	(271,16,'Jodieport','2022-01-27 13:42:24','2022-01-27 13:42:24'),
	(272,25,'Lake Mathias','2022-01-27 13:42:24','2022-01-27 13:42:24'),
	(273,21,'West Carolyn','2022-01-27 13:42:24','2022-01-27 13:42:24'),
	(274,15,'East Jonathon','2022-01-27 13:42:24','2022-01-27 13:42:24'),
	(275,26,'New Dannie','2022-01-27 13:42:24','2022-01-27 13:42:24'),
	(276,14,'North Nikko','2022-01-27 13:42:24','2022-01-27 13:42:24'),
	(277,6,'Hammeschester','2022-01-27 13:42:24','2022-01-27 13:42:24'),
	(278,23,'Beerview','2022-01-27 13:42:24','2022-01-27 13:42:24'),
	(279,17,'Crookschester','2022-01-27 13:42:24','2022-01-27 13:42:24'),
	(280,26,'Lake Maxie','2022-01-27 13:42:24','2022-01-27 13:42:24'),
	(281,9,'New Leolaland','2022-01-27 13:42:24','2022-01-27 13:42:24'),
	(282,5,'South Orvalport','2022-01-27 13:42:24','2022-01-27 13:42:24'),
	(283,27,'Lake Dasiafurt','2022-01-27 13:42:24','2022-01-27 13:42:24'),
	(284,6,'East Richardview','2022-01-27 13:42:24','2022-01-27 13:42:24'),
	(285,14,'Port Murl','2022-01-27 13:42:24','2022-01-27 13:42:24'),
	(286,25,'Lynchbury','2022-01-27 13:42:24','2022-01-27 13:42:24'),
	(287,5,'North Hilariochester','2022-01-27 13:42:24','2022-01-27 13:42:24'),
	(288,26,'Macejkovicville','2022-01-27 13:42:24','2022-01-27 13:42:24'),
	(289,12,'Darbystad','2022-01-27 13:42:24','2022-01-27 13:42:24'),
	(290,23,'Wiegandstad','2022-01-27 13:42:24','2022-01-27 13:42:24'),
	(291,20,'Dallinmouth','2022-01-27 13:42:24','2022-01-27 13:42:24'),
	(292,13,'Sporerside','2022-01-27 13:42:24','2022-01-27 13:42:24'),
	(293,18,'West Meganestad','2022-01-27 13:42:25','2022-01-27 13:42:25'),
	(294,3,'Hackettside','2022-01-27 13:42:25','2022-01-27 13:42:25'),
	(295,26,'Port Herta','2022-01-27 13:42:25','2022-01-27 13:42:25'),
	(296,17,'Port Maye','2022-01-27 13:42:25','2022-01-27 13:42:25'),
	(297,9,'Jeremyville','2022-01-27 13:42:25','2022-01-27 13:42:25'),
	(298,8,'South Ruthborough','2022-01-27 13:42:25','2022-01-27 13:42:25'),
	(299,11,'New Tina','2022-01-27 13:42:25','2022-01-27 13:42:25'),
	(300,17,'Port Damion','2022-01-27 13:42:25','2022-01-27 13:42:25');

/*!40000 ALTER TABLE `cities` ENABLE KEYS */;
UNLOCK TABLES;


# Dump of table countries
# ------------------------------------------------------------

DROP TABLE IF EXISTS `countries`;

CREATE TABLE `countries` (
  `id` bigint unsigned NOT NULL AUTO_INCREMENT,
  `name` varchar(255) COLLATE utf8mb4_unicode_ci NOT NULL,
  `created_at` timestamp NULL DEFAULT NULL,
  `updated_at` timestamp NULL DEFAULT NULL,
  PRIMARY KEY (`id`)
) ENGINE=InnoDB DEFAULT CHARSET=utf8mb4 COLLATE=utf8mb4_unicode_ci;

LOCK TABLES `countries` WRITE;
/*!40000 ALTER TABLE `countries` DISABLE KEYS */;

INSERT INTO `countries` (`id`, `name`, `created_at`, `updated_at`)
VALUES
	(1,'Slovenia','2022-01-27 13:42:23','2022-01-27 13:42:23'),
	(2,'Vanuatu','2022-01-27 13:42:23','2022-01-27 13:42:23'),
	(3,'Ireland','2022-01-27 13:42:23','2022-01-27 13:42:23'),
	(4,'Cook Islands','2022-01-27 13:42:23','2022-01-27 13:42:23'),
	(5,'Serbia','2022-01-27 13:42:23','2022-01-27 13:42:23'),
	(6,'Trinidad and Tobago','2022-01-27 13:42:23','2022-01-27 13:42:23'),
	(7,'Australia','2022-01-27 13:42:23','2022-01-27 13:42:23'),
	(8,'Egypt','2022-01-27 13:42:23','2022-01-27 13:42:23'),
	(9,'Paraguay','2022-01-27 13:42:23','2022-01-27 13:42:23'),
	(10,'Honduras','2022-01-27 13:42:23','2022-01-27 13:42:23'),
	(11,'Jamaica','2022-01-27 13:42:23','2022-01-27 13:42:23'),
	(12,'Mexico','2022-01-27 13:42:23','2022-01-27 13:42:23'),
	(13,'Sudan','2022-01-27 13:42:23','2022-01-27 13:42:23'),
	(14,'Chad','2022-01-27 13:42:23','2022-01-27 13:42:23'),
	(15,'Jamaica','2022-01-27 13:42:23','2022-01-27 13:42:23'),
	(16,'Algeria','2022-01-27 13:42:23','2022-01-27 13:42:23'),
	(17,'Argentina','2022-01-27 13:42:23','2022-01-27 13:42:23'),
	(18,'Hungary','2022-01-27 13:42:23','2022-01-27 13:42:23'),
	(19,'Turkmenistan','2022-01-27 13:42:23','2022-01-27 13:42:23'),
	(20,'Kenya','2022-01-27 13:42:23','2022-01-27 13:42:23'),
	(21,'Mexico','2022-01-27 13:42:23','2022-01-27 13:42:23'),
	(22,'British Virgin Islands','2022-01-27 13:42:23','2022-01-27 13:42:23'),
	(23,'Bosnia and Herzegovina','2022-01-27 13:42:23','2022-01-27 13:42:23'),
	(24,'San Marino','2022-01-27 13:42:23','2022-01-27 13:42:23'),
	(25,'Tonga','2022-01-27 13:42:23','2022-01-27 13:42:23'),
	(26,'Saudi Arabia','2022-01-27 13:42:23','2022-01-27 13:42:23'),
	(27,'Gibraltar','2022-01-27 13:42:23','2022-01-27 13:42:23'),
	(28,'Peru','2022-01-27 13:42:23','2022-01-27 13:42:23'),
	(29,'British Virgin Islands','2022-01-27 13:42:24','2022-01-27 13:42:24'),
	(30,'Netherlands Antilles','2022-01-27 13:42:24','2022-01-27 13:42:24');

/*!40000 ALTER TABLE `countries` ENABLE KEYS */;
UNLOCK TABLES;


# Dump of table employees
# ------------------------------------------------------------

DROP TABLE IF EXISTS `employees`;

CREATE TABLE `employees` (
  `id` bigint unsigned NOT NULL AUTO_INCREMENT,
  `shop_id` bigint unsigned NOT NULL,
  `name` varchar(255) COLLATE utf8mb4_unicode_ci NOT NULL,
  `email` varchar(255) COLLATE utf8mb4_unicode_ci NOT NULL,
  `created_at` timestamp NULL DEFAULT NULL,
  `updated_at` timestamp NULL DEFAULT NULL,
  PRIMARY KEY (`id`),
  KEY `employees_shop_id_foreign` (`shop_id`),
  CONSTRAINT `employees_shop_id_foreign` FOREIGN KEY (`shop_id`) REFERENCES `shops` (`id`) ON DELETE CASCADE
) ENGINE=InnoDB DEFAULT CHARSET=utf8mb4 COLLATE=utf8mb4_unicode_ci;

LOCK TABLES `employees` WRITE;
/*!40000 ALTER TABLE `employees` DISABLE KEYS */;

INSERT INTO `employees` (`id`, `shop_id`, `name`, `email`, `created_at`, `updated_at`)
VALUES
	(1,23,'Mrs. Dayana Wehner','henderson91@hotmail.com','2022-01-27 13:42:26','2022-01-27 13:42:26'),
	(2,86,'Mrs. Kailee Marquardt Jr.','mabel49@gmail.com','2022-01-27 13:42:26','2022-01-27 13:42:26'),
	(3,139,'Prof. Eli Morar I','aglae39@spencer.org','2022-01-27 13:42:26','2022-01-27 13:42:26'),
	(4,376,'Giuseppe Steuber','reilly.kelley@yahoo.com','2022-01-27 13:42:26','2022-01-27 13:42:26'),
	(5,435,'Mrs. Macie Leannon V','flatley.magnolia@hotmail.com','2022-01-27 13:42:26','2022-01-27 13:42:26'),
	(6,554,'Emerald Terry','esther72@yahoo.com','2022-01-27 13:42:26','2022-01-27 13:42:26'),
	(7,166,'Alfonzo Bergnaum','hodkiewicz.wilmer@hotmail.com','2022-01-27 13:42:26','2022-01-27 13:42:26'),
	(8,84,'Miss Muriel Walsh','keon.torphy@gmail.com','2022-01-27 13:42:26','2022-01-27 13:42:26'),
	(9,72,'Dr. Izaiah Fisher DVM','lisa.wilderman@gmail.com','2022-01-27 13:42:26','2022-01-27 13:42:26'),
	(10,402,'Lewis Sauer','gemmerich@hotmail.com','2022-01-27 13:42:26','2022-01-27 13:42:26'),
	(11,212,'Joel Stamm','vita.osinski@dickinson.com','2022-01-27 13:42:26','2022-01-27 13:42:26'),
	(12,73,'Micaela Stoltenberg','elisabeth33@haley.com','2022-01-27 13:42:26','2022-01-27 13:42:26'),
	(13,306,'Leola Wilderman','champlin.myrl@crooks.org','2022-01-27 13:42:26','2022-01-27 13:42:26'),
	(14,547,'Brendan Botsford','alphonso65@gulgowski.com','2022-01-27 13:42:26','2022-01-27 13:42:26'),
	(15,13,'Serenity Daugherty','bogan.maddison@muller.net','2022-01-27 13:42:26','2022-01-27 13:42:26'),
	(16,107,'Jessica Beahan','darius.durgan@mayer.info','2022-01-27 13:42:26','2022-01-27 13:42:26'),
	(17,336,'Sylvia Mills','hwalter@schulist.net','2022-01-27 13:42:26','2022-01-27 13:42:26'),
	(18,470,'Guillermo Wisozk','darlene.welch@yahoo.com','2022-01-27 13:42:26','2022-01-27 13:42:26'),
	(19,352,'Mr. Lazaro Labadie','sipes.greg@gmail.com','2022-01-27 13:42:26','2022-01-27 13:42:26'),
	(20,594,'Prof. Joshuah Champlin','jazlyn.mcdermott@rempel.net','2022-01-27 13:42:26','2022-01-27 13:42:26'),
	(21,70,'Claud Cruickshank','antonietta.lebsack@hotmail.com','2022-01-27 13:42:26','2022-01-27 13:42:26'),
	(22,467,'Donnie Zemlak','clakin@friesen.com','2022-01-27 13:42:26','2022-01-27 13:42:26'),
	(23,587,'Gregorio Hartmann','kelsie20@gmail.com','2022-01-27 13:42:26','2022-01-27 13:42:26'),
	(24,441,'Prof. Jackie Metz','cassie22@hotmail.com','2022-01-27 13:42:26','2022-01-27 13:42:26'),
	(25,39,'Jerry Mann','auer.stacey@schumm.com','2022-01-27 13:42:26','2022-01-27 13:42:26'),
	(26,468,'Jairo Harvey','kaci.toy@friesen.net','2022-01-27 13:42:26','2022-01-27 13:42:26'),
	(27,579,'Russell Heller','carlie.rodriguez@yahoo.com','2022-01-27 13:42:26','2022-01-27 13:42:26'),
	(28,507,'Jamey Klein','wintheiser.rudy@senger.com','2022-01-27 13:42:26','2022-01-27 13:42:26'),
	(29,589,'Dr. Willard Lehner','camille.mraz@stoltenberg.com','2022-01-27 13:42:26','2022-01-27 13:42:26'),
	(30,257,'Salvador Price','bernier.destiney@hodkiewicz.biz','2022-01-27 13:42:26','2022-01-27 13:42:26'),
	(31,431,'Esteban Hartmann','esmeralda.pfannerstill@hotmail.com','2022-01-27 13:42:26','2022-01-27 13:42:26'),
	(32,388,'Prof. Claudie Hickle','kiarra29@yahoo.com','2022-01-27 13:42:26','2022-01-27 13:42:26'),
	(33,527,'Danyka Stoltenberg','howell.linnea@dooley.biz','2022-01-27 13:42:26','2022-01-27 13:42:26'),
	(34,524,'Garrison Bergstrom','pstark@hermann.net','2022-01-27 13:42:26','2022-01-27 13:42:26'),
	(35,335,'Nick Lemke','ebert.victoria@reynolds.info','2022-01-27 13:42:26','2022-01-27 13:42:26'),
	(36,468,'Neal Beatty','bogisich.rosendo@lemke.net','2022-01-27 13:42:26','2022-01-27 13:42:26'),
	(37,399,'Deanna Hoeger','madelynn.emmerich@yahoo.com','2022-01-27 13:42:26','2022-01-27 13:42:26'),
	(38,547,'Ofelia Miller','randal.bashirian@yahoo.com','2022-01-27 13:42:26','2022-01-27 13:42:26'),
	(39,102,'Shanon Legros','remington.schroeder@west.biz','2022-01-27 13:42:26','2022-01-27 13:42:26'),
	(40,598,'Omer Klein I','merritt52@gmail.com','2022-01-27 13:42:26','2022-01-27 13:42:26'),
	(41,323,'Jalyn Kreiger','rtremblay@king.com','2022-01-27 13:42:26','2022-01-27 13:42:26'),
	(42,200,'Prof. Kian Ziemann','ayla.jones@greenfelder.biz','2022-01-27 13:42:26','2022-01-27 13:42:26'),
	(43,204,'Prof. Shaun Skiles','conroy.braxton@hotmail.com','2022-01-27 13:42:26','2022-01-27 13:42:26'),
	(44,98,'Mervin Lowe DVM','lincoln96@hotmail.com','2022-01-27 13:42:26','2022-01-27 13:42:26'),
	(45,191,'Prof. Gregoria Kilback PhD','wilton66@gmail.com','2022-01-27 13:42:26','2022-01-27 13:42:26'),
	(46,252,'Don Mitchell','arely04@cremin.info','2022-01-27 13:42:26','2022-01-27 13:42:26'),
	(47,393,'Etha Shields','titus.graham@hoppe.org','2022-01-27 13:42:26','2022-01-27 13:42:26'),
	(48,553,'Solon Ortiz Jr.','nona.ortiz@gmail.com','2022-01-27 13:42:26','2022-01-27 13:42:26'),
	(49,215,'Claudia Johns III','karlie.kassulke@thompson.info','2022-01-27 13:42:26','2022-01-27 13:42:26'),
	(50,51,'Dr. Andres Cartwright','ubaldo.collins@gmail.com','2022-01-27 13:42:26','2022-01-27 13:42:26'),
	(51,541,'Dayna Braun MD','rudolph.fritsch@mills.net','2022-01-27 13:42:26','2022-01-27 13:42:26'),
	(52,3,'Mr. Buddy Larkin DDS','alden.leuschke@yahoo.com','2022-01-27 13:42:26','2022-01-27 13:42:26'),
	(53,50,'Assunta Pacocha','douglas.francesca@gmail.com','2022-01-27 13:42:26','2022-01-27 13:42:26'),
	(54,178,'Erica Deckow','emilio06@spencer.org','2022-01-27 13:42:26','2022-01-27 13:42:26'),
	(55,580,'Xavier Walker','lorenzo18@hackett.com','2022-01-27 13:42:26','2022-01-27 13:42:26'),
	(56,257,'Marielle Hills','matilda07@volkman.com','2022-01-27 13:42:26','2022-01-27 13:42:26'),
	(57,587,'Enrique Upton','whuels@towne.org','2022-01-27 13:42:26','2022-01-27 13:42:26'),
	(58,231,'Ms. Lucile Littel DDS','ilangosh@gmail.com','2022-01-27 13:42:26','2022-01-27 13:42:26'),
	(59,371,'Ms. Dolly Grant Sr.','smith.joana@yahoo.com','2022-01-27 13:42:26','2022-01-27 13:42:26'),
	(60,559,'Hettie Hartmann DVM','williamson.nakia@fadel.com','2022-01-27 13:42:26','2022-01-27 13:42:26'),
	(61,238,'Cornell Cronin I','wbogan@steuber.net','2022-01-27 13:42:26','2022-01-27 13:42:26'),
	(62,281,'Dr. Richie Ernser DDS','treutel.ally@gmail.com','2022-01-27 13:42:26','2022-01-27 13:42:26'),
	(63,256,'Rachael O\'Reilly','jacobson.afton@yundt.net','2022-01-27 13:42:26','2022-01-27 13:42:26'),
	(64,399,'Orion Wisoky Jr.','hermina.cormier@lueilwitz.com','2022-01-27 13:42:26','2022-01-27 13:42:26'),
	(65,522,'Dustin Nicolas','kuhic.brielle@hotmail.com','2022-01-27 13:42:26','2022-01-27 13:42:26'),
	(66,289,'Prof. Yasmin Yundt','walker47@lubowitz.com','2022-01-27 13:42:26','2022-01-27 13:42:26'),
	(67,530,'Lavonne Berge DVM','lward@yahoo.com','2022-01-27 13:42:26','2022-01-27 13:42:26'),
	(68,133,'Jett Heaney','olen.bode@ritchie.com','2022-01-27 13:42:26','2022-01-27 13:42:26'),
	(69,293,'Mozelle Morissette IV','jazlyn.labadie@hotmail.com','2022-01-27 13:42:26','2022-01-27 13:42:26'),
	(70,478,'Prof. Damon Stamm','vlabadie@yahoo.com','2022-01-27 13:42:26','2022-01-27 13:42:26'),
	(71,247,'Pierre Wuckert','waino68@hotmail.com','2022-01-27 13:42:26','2022-01-27 13:42:26'),
	(72,194,'Vanessa Ledner','goyette.grayson@torphy.com','2022-01-27 13:42:26','2022-01-27 13:42:26'),
	(73,286,'Roel Murazik I','dawson.rice@oconnell.net','2022-01-27 13:42:26','2022-01-27 13:42:26'),
	(74,88,'Mr. Maximus Kunde DVM','prohaska.deontae@kiehn.com','2022-01-27 13:42:26','2022-01-27 13:42:26'),
	(75,513,'Maida Gulgowski DDS','kessler.dorris@lowe.com','2022-01-27 13:42:26','2022-01-27 13:42:26'),
	(76,234,'Mr. Maverick Hills DVM','ggrady@abernathy.com','2022-01-27 13:42:26','2022-01-27 13:42:26'),
	(77,409,'Noah Murphy','harber.barry@hotmail.com','2022-01-27 13:42:26','2022-01-27 13:42:26'),
	(78,17,'Dr. Dagmar Lebsack','godfrey.nolan@gmail.com','2022-01-27 13:42:26','2022-01-27 13:42:26'),
	(79,153,'Angus Terry','nicolas.batz@gmail.com','2022-01-27 13:42:26','2022-01-27 13:42:26'),
	(80,241,'Ms. Everette Towne IV','rmclaughlin@bogisich.org','2022-01-27 13:42:26','2022-01-27 13:42:26'),
	(81,350,'Mr. Micheal Grady PhD','nina.boyle@reichel.com','2022-01-27 13:42:26','2022-01-27 13:42:26'),
	(82,296,'Dr. Linda Heidenreich DDS','eugene.altenwerth@gmail.com','2022-01-27 13:42:26','2022-01-27 13:42:26'),
	(83,27,'Maryam West','efren.schiller@gmail.com','2022-01-27 13:42:26','2022-01-27 13:42:26'),
	(84,571,'Ms. Mina Hirthe Sr.','bauch.shane@gmail.com','2022-01-27 13:42:26','2022-01-27 13:42:26'),
	(85,225,'Kellie Grady PhD','donavon85@balistreri.com','2022-01-27 13:42:26','2022-01-27 13:42:26'),
	(86,592,'Al Muller','wisoky.vena@purdy.com','2022-01-27 13:42:26','2022-01-27 13:42:26'),
	(87,598,'Jenifer Gutmann MD','christa98@hotmail.com','2022-01-27 13:42:26','2022-01-27 13:42:26'),
	(88,415,'Prof. Bailey Leannon','stark.erika@hotmail.com','2022-01-27 13:42:26','2022-01-27 13:42:26'),
	(89,30,'Chris Buckridge','morgan.greenfelder@glover.info','2022-01-27 13:42:26','2022-01-27 13:42:26'),
	(90,546,'Woodrow Ryan Jr.','ebert.bernie@mitchell.com','2022-01-27 13:42:26','2022-01-27 13:42:26'),
	(91,182,'Christiana Becker','mann.porter@sauer.com','2022-01-27 13:42:26','2022-01-27 13:42:26'),
	(92,184,'Deborah Rodriguez','braulio92@hotmail.com','2022-01-27 13:42:26','2022-01-27 13:42:26'),
	(93,287,'Jabari Dicki','kirlin.vivienne@lueilwitz.com','2022-01-27 13:42:26','2022-01-27 13:42:26'),
	(94,402,'Vita Hartmann','abel.kerluke@yahoo.com','2022-01-27 13:42:26','2022-01-27 13:42:26'),
	(95,463,'Dr. Broderick Graham','theron82@hermann.biz','2022-01-27 13:42:26','2022-01-27 13:42:26'),
	(96,415,'Casey Rohan','rmuller@hansen.com','2022-01-27 13:42:26','2022-01-27 13:42:26'),
	(97,501,'Chelsie Monahan DVM','thelma51@harvey.com','2022-01-27 13:42:26','2022-01-27 13:42:26'),
	(98,205,'Aimee Bernhard DVM','ray36@hotmail.com','2022-01-27 13:42:26','2022-01-27 13:42:26'),
	(99,282,'Prof. Theodore Muller DDS','annabell.heathcote@heaney.biz','2022-01-27 13:42:26','2022-01-27 13:42:26'),
	(100,460,'Angeline Homenick','emckenzie@pouros.com','2022-01-27 13:42:26','2022-01-27 13:42:26'),
	(101,281,'Ms. Ashlee Smitham','kelsie61@walter.org','2022-01-27 13:42:26','2022-01-27 13:42:26'),
	(102,209,'Henry Dooley','karlee.kutch@gmail.com','2022-01-27 13:42:26','2022-01-27 13:42:26'),
	(103,383,'Dr. Pearl Gleichner','abosco@boyle.com','2022-01-27 13:42:26','2022-01-27 13:42:26'),
	(104,360,'Earnestine Lockman','chyna.heathcote@gmail.com','2022-01-27 13:42:26','2022-01-27 13:42:26'),
	(105,68,'Jaylan Kub PhD','dasia.shanahan@hotmail.com','2022-01-27 13:42:26','2022-01-27 13:42:26'),
	(106,294,'Payton Nicolas','charlie.mayert@hotmail.com','2022-01-27 13:42:26','2022-01-27 13:42:26'),
	(107,300,'Violette Johnson','eliza.fritsch@hotmail.com','2022-01-27 13:42:26','2022-01-27 13:42:26'),
	(108,1,'Vickie Abbott','wolf.lizzie@hotmail.com','2022-01-27 13:42:26','2022-01-27 13:42:26'),
	(109,332,'Sheila Kessler','blaze.feeney@gmail.com','2022-01-27 13:42:26','2022-01-27 13:42:26'),
	(110,28,'Prof. Reyes Larson','kub.aidan@hotmail.com','2022-01-27 13:42:26','2022-01-27 13:42:26'),
	(111,435,'Miss Sierra Yost DDS','tbatz@mueller.org','2022-01-27 13:42:26','2022-01-27 13:42:26'),
	(112,223,'Mrs. Dorothy Stracke','hauck.shanny@kemmer.com','2022-01-27 13:42:26','2022-01-27 13:42:26'),
	(113,109,'Herminio Osinski','carter.rae@bosco.com','2022-01-27 13:42:26','2022-01-27 13:42:26'),
	(114,95,'Litzy Bechtelar','maude.mante@gmail.com','2022-01-27 13:42:26','2022-01-27 13:42:26'),
	(115,201,'Corrine Barton Jr.','lucius.berge@daniel.net','2022-01-27 13:42:26','2022-01-27 13:42:26'),
	(116,559,'Elfrieda Wyman','xwhite@gmail.com','2022-01-27 13:42:26','2022-01-27 13:42:26'),
	(117,389,'Mr. Diamond Borer','dach.marge@denesik.net','2022-01-27 13:42:26','2022-01-27 13:42:26'),
	(118,294,'Bill Mills DVM','hlangworth@dibbert.com','2022-01-27 13:42:26','2022-01-27 13:42:26'),
	(119,469,'Jordyn Hamill','xmclaughlin@hotmail.com','2022-01-27 13:42:26','2022-01-27 13:42:26'),
	(120,163,'Allan Wiegand','fausto.fisher@lemke.com','2022-01-27 13:42:26','2022-01-27 13:42:26'),
	(121,139,'Mr. Dallas VonRueden','qmckenzie@champlin.com','2022-01-27 13:42:26','2022-01-27 13:42:26'),
	(122,354,'Lempi Cassin','albert52@cummerata.com','2022-01-27 13:42:26','2022-01-27 13:42:26'),
	(123,555,'Mr. Ellis Daniel','reynolds.era@hotmail.com','2022-01-27 13:42:26','2022-01-27 13:42:26'),
	(124,240,'Glenda Kris','ydamore@yahoo.com','2022-01-27 13:42:26','2022-01-27 13:42:26'),
	(125,485,'Aaliyah Daugherty DVM','trever.bahringer@yahoo.com','2022-01-27 13:42:26','2022-01-27 13:42:26'),
	(126,467,'Earlene Klocko','lorenza.tromp@yahoo.com','2022-01-27 13:42:26','2022-01-27 13:42:26'),
	(127,68,'Nikolas Treutel','jast.larry@hotmail.com','2022-01-27 13:42:26','2022-01-27 13:42:26'),
	(128,64,'Prof. Cynthia Marks Jr.','kberge@satterfield.com','2022-01-27 13:42:26','2022-01-27 13:42:26'),
	(129,410,'Emerson Blick','payton44@hotmail.com','2022-01-27 13:42:26','2022-01-27 13:42:26'),
	(130,351,'Fleta Farrell','mhane@ebert.com','2022-01-27 13:42:26','2022-01-27 13:42:26'),
	(131,141,'Gina Pouros','isobel01@hotmail.com','2022-01-27 13:42:26','2022-01-27 13:42:26'),
	(132,600,'Aimee Hill','tkohler@koelpin.org','2022-01-27 13:42:26','2022-01-27 13:42:26'),
	(133,95,'Ayden Johns','runte.francisco@strosin.biz','2022-01-27 13:42:26','2022-01-27 13:42:26'),
	(134,82,'Prof. Rachel Altenwerth','junius44@gmail.com','2022-01-27 13:42:26','2022-01-27 13:42:26'),
	(135,258,'Miss Rebecca Jerde III','dax.swaniawski@runolfsdottir.com','2022-01-27 13:42:26','2022-01-27 13:42:26'),
	(136,554,'Lorine Herzog PhD','perry.beier@robel.com','2022-01-27 13:42:26','2022-01-27 13:42:26'),
	(137,133,'Frederic Schimmel I','steuber.giles@gmail.com','2022-01-27 13:42:26','2022-01-27 13:42:26'),
	(138,454,'Keara Jacobson','larkin.leta@gmail.com','2022-01-27 13:42:26','2022-01-27 13:42:26'),
	(139,327,'Amina Russel','dkuhn@hill.com','2022-01-27 13:42:26','2022-01-27 13:42:26'),
	(140,241,'Antoinette McLaughlin','ztrantow@mills.com','2022-01-27 13:42:26','2022-01-27 13:42:26'),
	(141,101,'Dallin Leannon','sophia.morissette@yahoo.com','2022-01-27 13:42:26','2022-01-27 13:42:26'),
	(142,244,'Jermaine Reinger','amelie.mckenzie@hotmail.com','2022-01-27 13:42:26','2022-01-27 13:42:26'),
	(143,4,'Dr. Jaydon Mohr III','hessel.keshaun@hotmail.com','2022-01-27 13:42:26','2022-01-27 13:42:26'),
	(144,264,'Odell Leffler IV','effie.lind@hickle.info','2022-01-27 13:42:26','2022-01-27 13:42:26'),
	(145,401,'Bernhard Cummerata DDS','lynch.seth@bartoletti.com','2022-01-27 13:42:26','2022-01-27 13:42:26'),
	(146,594,'Dr. Tyree Towne','imelda63@gmail.com','2022-01-27 13:42:26','2022-01-27 13:42:26'),
	(147,233,'Berta Rippin IV','hortense67@bergstrom.com','2022-01-27 13:42:26','2022-01-27 13:42:26'),
	(148,283,'Prof. Leo Marks Sr.','marty.olson@hotmail.com','2022-01-27 13:42:26','2022-01-27 13:42:26'),
	(149,477,'Jerrod Gleason','gvon@yahoo.com','2022-01-27 13:42:26','2022-01-27 13:42:26'),
	(150,56,'Dr. Keyshawn Kemmer DVM','elta32@yahoo.com','2022-01-27 13:42:26','2022-01-27 13:42:26'),
	(151,74,'Daphne Quigley','caleb18@yahoo.com','2022-01-27 13:42:26','2022-01-27 13:42:26'),
	(152,212,'Noemi Kessler','verona94@gmail.com','2022-01-27 13:42:26','2022-01-27 13:42:26'),
	(153,333,'Florine Graham','dschmidt@gmail.com','2022-01-27 13:42:26','2022-01-27 13:42:26'),
	(154,237,'Imelda Ritchie','jreinger@weber.com','2022-01-27 13:42:26','2022-01-27 13:42:26'),
	(155,59,'Cortez Monahan I','fahey.jeramie@lockman.org','2022-01-27 13:42:26','2022-01-27 13:42:26'),
	(156,58,'Herminia Wehner','river.monahan@torp.com','2022-01-27 13:42:26','2022-01-27 13:42:26'),
	(157,84,'Erika Strosin I','brown.retha@weissnat.com','2022-01-27 13:42:26','2022-01-27 13:42:26'),
	(158,325,'Mr. Vicente Nitzsche','libby.beahan@yahoo.com','2022-01-27 13:42:26','2022-01-27 13:42:26'),
	(159,445,'Quinten Rodriguez','dee25@hotmail.com','2022-01-27 13:42:26','2022-01-27 13:42:26'),
	(160,401,'Dr. Ryann Watsica V','alexanne58@jaskolski.com','2022-01-27 13:42:26','2022-01-27 13:42:26'),
	(161,208,'Davonte Kuvalis','mckenzie40@yahoo.com','2022-01-27 13:42:26','2022-01-27 13:42:26'),
	(162,192,'Dallas Krajcik','wyman.robyn@trantow.com','2022-01-27 13:42:26','2022-01-27 13:42:26'),
	(163,324,'Casimir Champlin','santina.harvey@yahoo.com','2022-01-27 13:42:26','2022-01-27 13:42:26'),
	(164,193,'Adrianna O\'Connell PhD','arlo14@yahoo.com','2022-01-27 13:42:26','2022-01-27 13:42:26'),
	(165,108,'Mr. Cullen Torphy','neil.zboncak@bayer.com','2022-01-27 13:42:26','2022-01-27 13:42:26'),
	(166,558,'Angus Borer','ujacobi@gmail.com','2022-01-27 13:42:26','2022-01-27 13:42:26'),
	(167,409,'Eldridge Russel','klocko.vada@yahoo.com','2022-01-27 13:42:26','2022-01-27 13:42:26'),
	(168,26,'Nellie Glover Jr.','bwalker@hotmail.com','2022-01-27 13:42:26','2022-01-27 13:42:26'),
	(169,491,'Edyth Dickinson I','calista.franecki@swift.org','2022-01-27 13:42:26','2022-01-27 13:42:26'),
	(170,31,'Vergie Barton Sr.','monahan.raoul@stark.com','2022-01-27 13:42:26','2022-01-27 13:42:26'),
	(171,156,'Evie McGlynn','michael99@wintheiser.com','2022-01-27 13:42:26','2022-01-27 13:42:26'),
	(172,28,'Noe Ortiz','russel.runolfsson@ernser.com','2022-01-27 13:42:26','2022-01-27 13:42:26'),
	(173,297,'Zachariah Walker III','floy.padberg@gmail.com','2022-01-27 13:42:26','2022-01-27 13:42:26'),
	(174,126,'Gracie Jenkins','kirstin25@yahoo.com','2022-01-27 13:42:26','2022-01-27 13:42:26'),
	(175,495,'Pearline Langworth I','mariane.cronin@gmail.com','2022-01-27 13:42:26','2022-01-27 13:42:26'),
	(176,18,'Carli Baumbach','cbrekke@hotmail.com','2022-01-27 13:42:26','2022-01-27 13:42:26'),
	(177,54,'Gaston Casper','ptreutel@hotmail.com','2022-01-27 13:42:26','2022-01-27 13:42:26'),
	(178,198,'Hollis Beer','lisandro.crona@hotmail.com','2022-01-27 13:42:26','2022-01-27 13:42:26'),
	(179,129,'Prof. Akeem Konopelski II','madison41@bernier.biz','2022-01-27 13:42:26','2022-01-27 13:42:26'),
	(180,294,'Joanne Rohan PhD','turcotte.jena@hotmail.com','2022-01-27 13:42:26','2022-01-27 13:42:26'),
	(181,215,'Keely Okuneva PhD','christiana.powlowski@rice.biz','2022-01-27 13:42:26','2022-01-27 13:42:26'),
	(182,536,'Edwin Kuphal','ckuhic@gmail.com','2022-01-27 13:42:26','2022-01-27 13:42:26'),
	(183,402,'Lauryn Lemke','zjones@gleichner.com','2022-01-27 13:42:26','2022-01-27 13:42:26'),
	(184,24,'Mrs. Berneice Smitham DVM','bruen.lamar@thiel.com','2022-01-27 13:42:26','2022-01-27 13:42:26'),
	(185,506,'Margaret Hamill Sr.','zdonnelly@hotmail.com','2022-01-27 13:42:26','2022-01-27 13:42:26'),
	(186,516,'Prof. Vickie Feil','davis.trevor@koepp.info','2022-01-27 13:42:26','2022-01-27 13:42:26'),
	(187,245,'Neil Hickle PhD','oprice@hotmail.com','2022-01-27 13:42:26','2022-01-27 13:42:26'),
	(188,269,'Miss Adelle Hoppe V','deon.bechtelar@herman.com','2022-01-27 13:42:26','2022-01-27 13:42:26'),
	(189,146,'Shana Lubowitz','jonas85@durgan.com','2022-01-27 13:42:26','2022-01-27 13:42:26'),
	(190,430,'Leopoldo Dickens Sr.','dwyman@hotmail.com','2022-01-27 13:42:26','2022-01-27 13:42:26'),
	(191,464,'Candace Koepp','juliet.willms@gmail.com','2022-01-27 13:42:26','2022-01-27 13:42:26'),
	(192,55,'Mr. Hayley Cummings DVM','alexie.gislason@yahoo.com','2022-01-27 13:42:26','2022-01-27 13:42:26'),
	(193,515,'Dr. Casey Nader','nyah92@dickens.com','2022-01-27 13:42:26','2022-01-27 13:42:26'),
	(194,469,'Logan Pacocha Sr.','auer.neva@gmail.com','2022-01-27 13:42:26','2022-01-27 13:42:26'),
	(195,56,'Kole Torphy','pberge@frami.info','2022-01-27 13:42:26','2022-01-27 13:42:26'),
	(196,346,'Cletus Pollich','monique.corkery@hotmail.com','2022-01-27 13:42:26','2022-01-27 13:42:26'),
	(197,568,'Rylee Rogahn','roberts.omari@beier.com','2022-01-27 13:42:26','2022-01-27 13:42:26'),
	(198,397,'Giovanni Block I','haven.lind@hotmail.com','2022-01-27 13:42:26','2022-01-27 13:42:26'),
	(199,533,'Karson Marks','bins.julio@hotmail.com','2022-01-27 13:42:26','2022-01-27 13:42:26'),
	(200,524,'Loren Mann V','leilani68@yahoo.com','2022-01-27 13:42:26','2022-01-27 13:42:26'),
	(201,246,'Lysanne Bernhard','eulalia24@rice.com','2022-01-27 13:42:26','2022-01-27 13:42:26'),
	(202,588,'Seamus Boyer Jr.','bmayer@hotmail.com','2022-01-27 13:42:26','2022-01-27 13:42:26'),
	(203,550,'Mrs. Bridgette Gutmann','fbeer@hotmail.com','2022-01-27 13:42:26','2022-01-27 13:42:26'),
	(204,40,'Yessenia Cronin','mariela52@yahoo.com','2022-01-27 13:42:26','2022-01-27 13:42:26'),
	(205,526,'Delphine Powlowski DDS','dkub@yundt.com','2022-01-27 13:42:26','2022-01-27 13:42:26'),
	(206,430,'Alia Mohr','donnelly.johnson@wolf.com','2022-01-27 13:42:26','2022-01-27 13:42:26'),
	(207,184,'Natalie Kuhlman','osinski.alexandra@gmail.com','2022-01-27 13:42:26','2022-01-27 13:42:26'),
	(208,587,'Hudson Gleason','vweissnat@von.biz','2022-01-27 13:42:26','2022-01-27 13:42:26'),
	(209,117,'Vernie Dietrich','christiansen.vito@kutch.net','2022-01-27 13:42:26','2022-01-27 13:42:26'),
	(210,356,'Efren Brakus','eleuschke@roberts.com','2022-01-27 13:42:26','2022-01-27 13:42:26'),
	(211,62,'Blake Boyer','cgottlieb@mann.com','2022-01-27 13:42:26','2022-01-27 13:42:26'),
	(212,433,'Mr. Ephraim Cronin','dach.elliott@greenholt.info','2022-01-27 13:42:26','2022-01-27 13:42:26'),
	(213,47,'Elody Watsica','deichmann@stiedemann.com','2022-01-27 13:42:26','2022-01-27 13:42:26'),
	(214,514,'Prof. Karelle Kemmer','stoltenberg.mercedes@lubowitz.com','2022-01-27 13:42:26','2022-01-27 13:42:26'),
	(215,223,'Kenyon Funk','franecki.wilbert@turner.info','2022-01-27 13:42:26','2022-01-27 13:42:26'),
	(216,432,'Marcellus D\'Amore MD','imani.bergnaum@pouros.net','2022-01-27 13:42:26','2022-01-27 13:42:26'),
	(217,459,'Bethany Lesch','sheidenreich@hotmail.com','2022-01-27 13:42:26','2022-01-27 13:42:26'),
	(218,78,'Margret Mitchell','oreilly.elmo@yahoo.com','2022-01-27 13:42:26','2022-01-27 13:42:26'),
	(219,43,'Silas Shields','dolores99@hotmail.com','2022-01-27 13:42:26','2022-01-27 13:42:26'),
	(220,546,'Geoffrey Fahey','arlie88@okuneva.com','2022-01-27 13:42:26','2022-01-27 13:42:26'),
	(221,45,'Dr. Trever DuBuque','gdamore@lindgren.com','2022-01-27 13:42:26','2022-01-27 13:42:26'),
	(222,489,'Jules Gottlieb','judah.mills@okuneva.com','2022-01-27 13:42:26','2022-01-27 13:42:26'),
	(223,421,'Colleen Dach','madalyn.reichel@luettgen.org','2022-01-27 13:42:26','2022-01-27 13:42:26'),
	(224,389,'Beaulah Ritchie','gward@hotmail.com','2022-01-27 13:42:26','2022-01-27 13:42:26'),
	(225,356,'Dejah Schiller MD','reilly.kian@walter.com','2022-01-27 13:42:26','2022-01-27 13:42:26'),
	(226,553,'Alaina Grant','stracke.trudie@murphy.info','2022-01-27 13:42:26','2022-01-27 13:42:26'),
	(227,591,'Cathryn Hammes I','madge93@zemlak.net','2022-01-27 13:42:26','2022-01-27 13:42:26'),
	(228,166,'Amber Mueller Jr.','tcruickshank@gmail.com','2022-01-27 13:42:26','2022-01-27 13:42:26'),
	(229,225,'Payton McClure','jaskolski.scot@lynch.info','2022-01-27 13:42:26','2022-01-27 13:42:26'),
	(230,336,'Prof. Johnathan Mohr','leonard.jast@satterfield.com','2022-01-27 13:42:26','2022-01-27 13:42:26'),
	(231,285,'Evelyn Ferry','stanton.asha@yahoo.com','2022-01-27 13:42:26','2022-01-27 13:42:26'),
	(232,282,'Norbert Abernathy','jackson58@wintheiser.com','2022-01-27 13:42:26','2022-01-27 13:42:26'),
	(233,530,'Karson Jacobs','cade58@rosenbaum.com','2022-01-27 13:42:26','2022-01-27 13:42:26'),
	(234,13,'Mary Collier','rossie23@yahoo.com','2022-01-27 13:42:26','2022-01-27 13:42:26'),
	(235,444,'Dr. Edwin Kuphal','wzieme@farrell.com','2022-01-27 13:42:26','2022-01-27 13:42:26'),
	(236,33,'Lamont Thiel','dimitri97@gmail.com','2022-01-27 13:42:26','2022-01-27 13:42:26'),
	(237,477,'Bertha McGlynn','hudson.emard@brown.com','2022-01-27 13:42:26','2022-01-27 13:42:26'),
	(238,479,'Elmore Walsh','ruby.littel@gmail.com','2022-01-27 13:42:26','2022-01-27 13:42:26'),
	(239,595,'Maye Douglas','damore.destiney@hotmail.com','2022-01-27 13:42:26','2022-01-27 13:42:26'),
	(240,319,'Dr. Eusebio Bauch V','hertha55@moen.com','2022-01-27 13:42:26','2022-01-27 13:42:26'),
	(241,272,'Eveline Parker','alize97@wyman.biz','2022-01-27 13:42:26','2022-01-27 13:42:26'),
	(242,93,'Alden Walker III','willow.cremin@hill.info','2022-01-27 13:42:26','2022-01-27 13:42:26'),
	(243,554,'Mr. Colt Effertz DVM','dubuque.electa@hotmail.com','2022-01-27 13:42:26','2022-01-27 13:42:26'),
	(244,35,'Oda Kohler','rlemke@weimann.com','2022-01-27 13:42:26','2022-01-27 13:42:26'),
	(245,472,'Dr. Daniella Beatty IV','matilde94@fahey.net','2022-01-27 13:42:26','2022-01-27 13:42:26'),
	(246,429,'Akeem Buckridge','gutkowski.carlos@hotmail.com','2022-01-27 13:42:26','2022-01-27 13:42:26'),
	(247,342,'Ms. Magdalen Oberbrunner','hdoyle@sanford.com','2022-01-27 13:42:26','2022-01-27 13:42:26'),
	(248,79,'Prof. Clark Wyman I','rolfson.giovanna@oberbrunner.com','2022-01-27 13:42:26','2022-01-27 13:42:26'),
	(249,282,'Dr. Sienna Hermann IV','laisha99@hotmail.com','2022-01-27 13:42:26','2022-01-27 13:42:26'),
	(250,34,'Hilton Kunde','jabari.dooley@rolfson.biz','2022-01-27 13:42:26','2022-01-27 13:42:26'),
	(251,355,'Dr. Zakary Dibbert DVM','shaina27@hotmail.com','2022-01-27 13:42:26','2022-01-27 13:42:26'),
	(252,523,'Ulises Kling IV','daphney.bogan@bailey.com','2022-01-27 13:42:26','2022-01-27 13:42:26'),
	(253,178,'Prof. Kiana Mueller','ikemmer@zemlak.com','2022-01-27 13:42:26','2022-01-27 13:42:26'),
	(254,327,'Cordia Bahringer','vandervort.arvilla@hotmail.com','2022-01-27 13:42:26','2022-01-27 13:42:26'),
	(255,90,'Jasmin Monahan','vicenta.howell@senger.com','2022-01-27 13:42:26','2022-01-27 13:42:26'),
	(256,47,'Maurice Kreiger','carmelo80@yahoo.com','2022-01-27 13:42:26','2022-01-27 13:42:26'),
	(257,115,'Prof. Jerrold Heller','linnea42@crist.com','2022-01-27 13:42:26','2022-01-27 13:42:26'),
	(258,176,'Sienna Littel','connor08@spinka.com','2022-01-27 13:42:26','2022-01-27 13:42:26'),
	(259,450,'Stanford Murray','jblanda@yahoo.com','2022-01-27 13:42:26','2022-01-27 13:42:26'),
	(260,333,'Camren Rutherford','lauriane52@mcglynn.com','2022-01-27 13:42:26','2022-01-27 13:42:26'),
	(261,211,'Mrs. Kendra Langworth DVM','jadyn.shields@strosin.org','2022-01-27 13:42:26','2022-01-27 13:42:26'),
	(262,338,'Ellis Ratke','diana.renner@nolan.com','2022-01-27 13:42:26','2022-01-27 13:42:26'),
	(263,385,'Brandy Reilly II','nolan.rosie@bayer.com','2022-01-27 13:42:26','2022-01-27 13:42:26'),
	(264,47,'Martine McClure','armando.okeefe@hettinger.com','2022-01-27 13:42:26','2022-01-27 13:42:26'),
	(265,77,'Jada Schoen V','jalon62@will.com','2022-01-27 13:42:26','2022-01-27 13:42:26'),
	(266,178,'Thomas Cassin Sr.','bergnaum.katheryn@gmail.com','2022-01-27 13:42:26','2022-01-27 13:42:26'),
	(267,115,'Miss Daphnee Marquardt','elaina.harris@yahoo.com','2022-01-27 13:42:26','2022-01-27 13:42:26'),
	(268,296,'Nelle Kutch','fadel.dawson@welch.com','2022-01-27 13:42:26','2022-01-27 13:42:26'),
	(269,215,'Prof. Julius Rolfson','sanford.albina@emard.com','2022-01-27 13:42:26','2022-01-27 13:42:26'),
	(270,399,'Damon Rodriguez','mariah.grady@gmail.com','2022-01-27 13:42:26','2022-01-27 13:42:26'),
	(271,340,'Frederik Hammes II','hollis60@daugherty.com','2022-01-27 13:42:26','2022-01-27 13:42:26'),
	(272,500,'Laurine Nikolaus','deanna51@mcclure.com','2022-01-27 13:42:26','2022-01-27 13:42:26'),
	(273,293,'Elmore Runte','bmoore@schumm.org','2022-01-27 13:42:26','2022-01-27 13:42:26'),
	(274,72,'Mrs. Verona Toy','kuvalis.manuela@yahoo.com','2022-01-27 13:42:26','2022-01-27 13:42:26'),
	(275,226,'Ayden Cummerata','fmoen@hotmail.com','2022-01-27 13:42:26','2022-01-27 13:42:26'),
	(276,113,'Miss Justine Kerluke IV','bode.houston@yahoo.com','2022-01-27 13:42:26','2022-01-27 13:42:26'),
	(277,506,'Ms. Vickie Grant','robel.brian@beatty.org','2022-01-27 13:42:26','2022-01-27 13:42:26'),
	(278,455,'Claudia Nolan','parisian.chelsie@gmail.com','2022-01-27 13:42:26','2022-01-27 13:42:26'),
	(279,100,'Amber Davis','kacey.witting@yahoo.com','2022-01-27 13:42:26','2022-01-27 13:42:26'),
	(280,379,'Erin Will','cschimmel@raynor.com','2022-01-27 13:42:26','2022-01-27 13:42:26'),
	(281,346,'Prof. Trinity Beer I','jadyn98@kilback.net','2022-01-27 13:42:26','2022-01-27 13:42:26'),
	(282,191,'Violet Hoeger','tracey.shields@gmail.com','2022-01-27 13:42:26','2022-01-27 13:42:26'),
	(283,181,'Briana Spinka','vcarter@gmail.com','2022-01-27 13:42:26','2022-01-27 13:42:26'),
	(284,26,'Heaven Kautzer','hollis57@greenfelder.com','2022-01-27 13:42:26','2022-01-27 13:42:26'),
	(285,511,'Betty Nader','ywilkinson@gmail.com','2022-01-27 13:42:26','2022-01-27 13:42:26'),
	(286,87,'Ms. Nannie Weimann I','rwisozk@dietrich.com','2022-01-27 13:42:26','2022-01-27 13:42:26'),
	(287,469,'Reva Graham','alvera98@bogan.com','2022-01-27 13:42:26','2022-01-27 13:42:26'),
	(288,214,'Dr. Darwin Nienow','antonetta71@kuphal.com','2022-01-27 13:42:27','2022-01-27 13:42:27'),
	(289,506,'Afton Lueilwitz I','katelyn93@gmail.com','2022-01-27 13:42:27','2022-01-27 13:42:27'),
	(290,475,'Miss Maritza Nolan','meffertz@crist.com','2022-01-27 13:42:27','2022-01-27 13:42:27'),
	(291,591,'Keon Schinner','xturcotte@gmail.com','2022-01-27 13:42:27','2022-01-27 13:42:27'),
	(292,459,'Jazmin Emard','maudie19@littel.com','2022-01-27 13:42:27','2022-01-27 13:42:27'),
	(293,357,'Chadd Gusikowski','breitenberg.adolf@nicolas.org','2022-01-27 13:42:27','2022-01-27 13:42:27'),
	(294,398,'Ryan Boehm','wdamore@luettgen.com','2022-01-27 13:42:27','2022-01-27 13:42:27'),
	(295,522,'Miss Gabrielle Padberg II','jbuckridge@gottlieb.com','2022-01-27 13:42:27','2022-01-27 13:42:27'),
	(296,521,'Hanna Kuhlman IV','wisozk.eldora@gmail.com','2022-01-27 13:42:27','2022-01-27 13:42:27'),
	(297,120,'Virginie Franecki','twila.lakin@hotmail.com','2022-01-27 13:42:27','2022-01-27 13:42:27'),
	(298,327,'Melvina Treutel DDS','darian.grady@frami.com','2022-01-27 13:42:27','2022-01-27 13:42:27'),
	(299,109,'Jaylon Hills','adaline91@gmail.com','2022-01-27 13:42:27','2022-01-27 13:42:27'),
	(300,460,'Mr. Sherman Kunde','greenfelder.carson@white.org','2022-01-27 13:42:27','2022-01-27 13:42:27'),
	(301,10,'Dewayne Wintheiser','alexandre.welch@yahoo.com','2022-01-27 13:42:27','2022-01-27 13:42:27'),
	(302,102,'Dasia Hahn','yschaefer@jaskolski.net','2022-01-27 13:42:27','2022-01-27 13:42:27'),
	(303,317,'Miss Katarina Gleason IV','patsy47@johns.org','2022-01-27 13:42:27','2022-01-27 13:42:27'),
	(304,589,'Eda Becker','xgerhold@greenfelder.com','2022-01-27 13:42:27','2022-01-27 13:42:27'),
	(305,91,'Vallie Schoen','stokes.robbie@wisoky.com','2022-01-27 13:42:27','2022-01-27 13:42:27'),
	(306,338,'Rosalyn Collier','michael86@gmail.com','2022-01-27 13:42:27','2022-01-27 13:42:27'),
	(307,498,'Aida Bradtke','bking@tillman.info','2022-01-27 13:42:27','2022-01-27 13:42:27'),
	(308,55,'Woodrow Lakin','jayce.bergstrom@yahoo.com','2022-01-27 13:42:27','2022-01-27 13:42:27'),
	(309,82,'Mrs. Margarete Romaguera DDS','oemard@johns.biz','2022-01-27 13:42:27','2022-01-27 13:42:27'),
	(310,526,'Sierra Ryan','russel.wava@osinski.com','2022-01-27 13:42:27','2022-01-27 13:42:27'),
	(311,429,'Martin Hansen IV','garrett19@ebert.net','2022-01-27 13:42:27','2022-01-27 13:42:27'),
	(312,322,'Emma Wuckert','klein.marisol@abbott.com','2022-01-27 13:42:27','2022-01-27 13:42:27'),
	(313,340,'Raven Daugherty','ahessel@yahoo.com','2022-01-27 13:42:27','2022-01-27 13:42:27'),
	(314,175,'Lilyan O\'Reilly','tatum63@heller.com','2022-01-27 13:42:27','2022-01-27 13:42:27'),
	(315,252,'Donnie Carroll','zhammes@stamm.com','2022-01-27 13:42:27','2022-01-27 13:42:27'),
	(316,460,'Dr. Verna DuBuque Jr.','reta.lockman@pfannerstill.org','2022-01-27 13:42:27','2022-01-27 13:42:27'),
	(317,538,'Dameon McDermott','jacquelyn07@yahoo.com','2022-01-27 13:42:27','2022-01-27 13:42:27'),
	(318,80,'Prof. Claudine D\'Amore','samson79@kling.com','2022-01-27 13:42:27','2022-01-27 13:42:27'),
	(319,530,'Jaydon Wuckert V','estrella13@yahoo.com','2022-01-27 13:42:27','2022-01-27 13:42:27'),
	(320,92,'Erna Dietrich Sr.','hirthe.ivory@cartwright.com','2022-01-27 13:42:27','2022-01-27 13:42:27'),
	(321,266,'Prof. Dena Reinger','madisyn08@hotmail.com','2022-01-27 13:42:27','2022-01-27 13:42:27'),
	(322,243,'Prof. Dawson Jast','princess20@gmail.com','2022-01-27 13:42:27','2022-01-27 13:42:27'),
	(323,164,'Stephon Lockman','koss.abby@simonis.org','2022-01-27 13:42:27','2022-01-27 13:42:27'),
	(324,242,'Xavier Murphy','ahmed.gutkowski@baumbach.com','2022-01-27 13:42:27','2022-01-27 13:42:27'),
	(325,430,'Prof. Orland O\'Hara','skiles.rubie@haley.net','2022-01-27 13:42:27','2022-01-27 13:42:27'),
	(326,515,'Mrs. Noelia Quitzon DVM','troy.huels@bergstrom.com','2022-01-27 13:42:27','2022-01-27 13:42:27'),
	(327,2,'Zoey Reilly MD','erunolfsson@gmail.com','2022-01-27 13:42:27','2022-01-27 13:42:27'),
	(328,584,'Mr. Emmett Rice Jr.','larkin.ila@gmail.com','2022-01-27 13:42:27','2022-01-27 13:42:27'),
	(329,132,'Prof. Lauretta Lebsack','collins.sheldon@mcglynn.com','2022-01-27 13:42:27','2022-01-27 13:42:27'),
	(330,246,'Miss Beryl Hartmann','mack46@hotmail.com','2022-01-27 13:42:27','2022-01-27 13:42:27'),
	(331,132,'Mr. Monserrate Collins','mayert.keon@yahoo.com','2022-01-27 13:42:27','2022-01-27 13:42:27'),
	(332,155,'Kaci Thompson Jr.','ora66@bode.com','2022-01-27 13:42:27','2022-01-27 13:42:27'),
	(333,407,'Silas Bechtelar','tristian66@gmail.com','2022-01-27 13:42:27','2022-01-27 13:42:27'),
	(334,307,'Will Prohaska PhD','hellen66@konopelski.net','2022-01-27 13:42:27','2022-01-27 13:42:27'),
	(335,359,'Tracy Emard','alvah.windler@hotmail.com','2022-01-27 13:42:27','2022-01-27 13:42:27'),
	(336,227,'Elwin Zieme','abdul.wintheiser@yahoo.com','2022-01-27 13:42:27','2022-01-27 13:42:27'),
	(337,223,'Allene Tremblay','maximus.baumbach@hotmail.com','2022-01-27 13:42:27','2022-01-27 13:42:27'),
	(338,419,'Mr. Brook Abbott II','lubowitz.alek@gmail.com','2022-01-27 13:42:27','2022-01-27 13:42:27'),
	(339,59,'Heloise Bradtke Jr.','myriam57@durgan.net','2022-01-27 13:42:27','2022-01-27 13:42:27'),
	(340,351,'Miss Minnie Rodriguez V','borer.cleve@cummerata.com','2022-01-27 13:42:27','2022-01-27 13:42:27'),
	(341,401,'Prof. Leone Trantow DVM','flo.haley@hamill.org','2022-01-27 13:42:27','2022-01-27 13:42:27'),
	(342,199,'Ferne Considine','uwalker@yahoo.com','2022-01-27 13:42:27','2022-01-27 13:42:27'),
	(343,406,'Reina Boyer','jed62@aufderhar.info','2022-01-27 13:42:27','2022-01-27 13:42:27'),
	(344,475,'Tamara Stehr','doyle.vanessa@moen.org','2022-01-27 13:42:27','2022-01-27 13:42:27'),
	(345,415,'Prof. Erich Wisoky Sr.','camylle.auer@welch.net','2022-01-27 13:42:27','2022-01-27 13:42:27'),
	(346,207,'Clint Raynor','ebahringer@hotmail.com','2022-01-27 13:42:27','2022-01-27 13:42:27'),
	(347,585,'Drew Pfannerstill V','gerry87@yahoo.com','2022-01-27 13:42:27','2022-01-27 13:42:27'),
	(348,309,'Ms. Heidi Durgan','vallie52@hotmail.com','2022-01-27 13:42:27','2022-01-27 13:42:27'),
	(349,577,'Johnathon Hirthe','burdette59@yahoo.com','2022-01-27 13:42:27','2022-01-27 13:42:27'),
	(350,251,'Llewellyn Schuppe','victor.schroeder@auer.com','2022-01-27 13:42:27','2022-01-27 13:42:27'),
	(351,441,'Prof. Morris Mitchell Jr.','ratke.sam@hotmail.com','2022-01-27 13:42:27','2022-01-27 13:42:27'),
	(352,260,'Elvis Larkin','auer.ward@hotmail.com','2022-01-27 13:42:27','2022-01-27 13:42:27'),
	(353,342,'Landen Schumm','eusebio69@gmail.com','2022-01-27 13:42:27','2022-01-27 13:42:27'),
	(354,366,'Prof. Retta Feeney Sr.','weimann.monica@yahoo.com','2022-01-27 13:42:27','2022-01-27 13:42:27'),
	(355,159,'Mrs. Maybell Hickle DDS','strosin.alta@rowe.com','2022-01-27 13:42:27','2022-01-27 13:42:27'),
	(356,275,'Amira Quigley','salma05@bogisich.com','2022-01-27 13:42:27','2022-01-27 13:42:27'),
	(357,74,'Mr. Vance Treutel IV','lebsack.uriah@dicki.com','2022-01-27 13:42:27','2022-01-27 13:42:27'),
	(358,296,'Emmalee Cummerata DDS','madelyn70@hotmail.com','2022-01-27 13:42:27','2022-01-27 13:42:27'),
	(359,210,'Malinda Wolff Jr.','linnea60@gmail.com','2022-01-27 13:42:27','2022-01-27 13:42:27'),
	(360,90,'Prof. Verner Labadie DVM','rohan.lisandro@yahoo.com','2022-01-27 13:42:27','2022-01-27 13:42:27'),
	(361,399,'Bertram Brown','schaefer.chelsea@fritsch.com','2022-01-27 13:42:27','2022-01-27 13:42:27'),
	(362,300,'Ted Daniel','ycarter@boyle.net','2022-01-27 13:42:27','2022-01-27 13:42:27'),
	(363,173,'Yasmine Erdman','cecilia58@hotmail.com','2022-01-27 13:42:27','2022-01-27 13:42:27'),
	(364,214,'Prof. Isabella Hagenes','jermey10@zboncak.info','2022-01-27 13:42:27','2022-01-27 13:42:27'),
	(365,465,'Rebeca Rau','iparisian@yundt.biz','2022-01-27 13:42:27','2022-01-27 13:42:27'),
	(366,55,'Reyna McCullough','eriberto02@bailey.com','2022-01-27 13:42:27','2022-01-27 13:42:27'),
	(367,57,'Karli Ortiz','hand.gino@yahoo.com','2022-01-27 13:42:27','2022-01-27 13:42:27'),
	(368,183,'Deborah Ledner','krowe@kunde.com','2022-01-27 13:42:27','2022-01-27 13:42:27'),
	(369,75,'Mr. Gabriel Windler PhD','deondre84@yahoo.com','2022-01-27 13:42:27','2022-01-27 13:42:27'),
	(370,38,'Mittie Abernathy I','pgaylord@hotmail.com','2022-01-27 13:42:27','2022-01-27 13:42:27'),
	(371,243,'Furman Wintheiser Sr.','conroy.alfredo@gmail.com','2022-01-27 13:42:27','2022-01-27 13:42:27'),
	(372,424,'Breanne Oberbrunner','khill@hotmail.com','2022-01-27 13:42:27','2022-01-27 13:42:27'),
	(373,444,'Luther Dibbert','eugenia03@hotmail.com','2022-01-27 13:42:27','2022-01-27 13:42:27'),
	(374,90,'Prof. Ervin Little','llewellyn.torp@hackett.biz','2022-01-27 13:42:27','2022-01-27 13:42:27'),
	(375,17,'Mrs. Hope Frami V','effertz.bianka@botsford.com','2022-01-27 13:42:27','2022-01-27 13:42:27'),
	(376,417,'Mr. Darien D\'Amore V','carmela78@walsh.com','2022-01-27 13:42:27','2022-01-27 13:42:27'),
	(377,47,'Abbey Farrell','larson.orrin@hackett.com','2022-01-27 13:42:27','2022-01-27 13:42:27'),
	(378,162,'Alexander Quitzon','deion87@volkman.com','2022-01-27 13:42:27','2022-01-27 13:42:27'),
	(379,74,'Mr. Harrison Mayer','torrance.wilkinson@cronin.com','2022-01-27 13:42:27','2022-01-27 13:42:27'),
	(380,430,'Dr. Chet Corwin','kari58@yahoo.com','2022-01-27 13:42:27','2022-01-27 13:42:27'),
	(381,386,'Ms. Lou Crooks DDS','carole48@dooley.org','2022-01-27 13:42:27','2022-01-27 13:42:27'),
	(382,487,'Randal Waelchi','jody.leannon@hotmail.com','2022-01-27 13:42:27','2022-01-27 13:42:27'),
	(383,85,'Lina Abbott','harmony40@pfeffer.com','2022-01-27 13:42:27','2022-01-27 13:42:27'),
	(384,133,'Prof. Letha Bins','wiza.tyrell@hotmail.com','2022-01-27 13:42:27','2022-01-27 13:42:27'),
	(385,531,'Catherine Lakin','wnicolas@baumbach.com','2022-01-27 13:42:27','2022-01-27 13:42:27'),
	(386,28,'Ms. Dominique Walsh','paucek.christy@yahoo.com','2022-01-27 13:42:27','2022-01-27 13:42:27'),
	(387,206,'Lempi Balistreri','yasmeen77@mante.com','2022-01-27 13:42:27','2022-01-27 13:42:27'),
	(388,134,'Fiona Haley','carter.kaela@yahoo.com','2022-01-27 13:42:27','2022-01-27 13:42:27'),
	(389,359,'Gavin O\'Hara','virgie98@hotmail.com','2022-01-27 13:42:27','2022-01-27 13:42:27'),
	(390,139,'Rachelle Crona','ecollins@gmail.com','2022-01-27 13:42:27','2022-01-27 13:42:27'),
	(391,387,'Guadalupe Feil IV','tatyana48@hotmail.com','2022-01-27 13:42:27','2022-01-27 13:42:27'),
	(392,29,'Prof. Freda Kutch DDS','kim69@gulgowski.com','2022-01-27 13:42:27','2022-01-27 13:42:27'),
	(393,558,'Jamar Nienow DDS','linda31@raynor.org','2022-01-27 13:42:27','2022-01-27 13:42:27'),
	(394,148,'Caleb Lueilwitz','noemie.haag@hotmail.com','2022-01-27 13:42:27','2022-01-27 13:42:27'),
	(395,82,'Edna Rolfson DDS','sibyl.hayes@gmail.com','2022-01-27 13:42:27','2022-01-27 13:42:27'),
	(396,379,'Madonna Strosin','anissa.satterfield@gmail.com','2022-01-27 13:42:27','2022-01-27 13:42:27'),
	(397,150,'Terrence Turcotte','swolff@terry.net','2022-01-27 13:42:27','2022-01-27 13:42:27'),
	(398,194,'Phyllis Weissnat','danny66@hotmail.com','2022-01-27 13:42:27','2022-01-27 13:42:27'),
	(399,517,'Mr. Deangelo Farrell II','daisha99@yahoo.com','2022-01-27 13:42:27','2022-01-27 13:42:27'),
	(400,464,'Janick Beer','maiya47@gmail.com','2022-01-27 13:42:27','2022-01-27 13:42:27'),
	(401,191,'Audrey Lind','jamie.osinski@hotmail.com','2022-01-27 13:42:27','2022-01-27 13:42:27'),
	(402,271,'Mrs. Madelyn Spencer','everardo.pacocha@hotmail.com','2022-01-27 13:42:27','2022-01-27 13:42:27'),
	(403,321,'Reese Brakus','king.kris@hotmail.com','2022-01-27 13:42:27','2022-01-27 13:42:27'),
	(404,409,'Mr. Milan Swaniawski','whill@hotmail.com','2022-01-27 13:42:27','2022-01-27 13:42:27'),
	(405,311,'Dr. Westley Ernser V','ritchie.howell@douglas.org','2022-01-27 13:42:27','2022-01-27 13:42:27'),
	(406,246,'Emery Greenfelder','brendon.jacobs@carter.info','2022-01-27 13:42:27','2022-01-27 13:42:27'),
	(407,420,'Estelle Turcotte','zola.bechtelar@hotmail.com','2022-01-27 13:42:27','2022-01-27 13:42:27'),
	(408,55,'Edythe Swift','cmcdermott@terry.com','2022-01-27 13:42:27','2022-01-27 13:42:27'),
	(409,533,'Letitia Grady','adrianna.parker@kuvalis.com','2022-01-27 13:42:27','2022-01-27 13:42:27'),
	(410,225,'Miss Genoveva Murazik Jr.','hailey89@hotmail.com','2022-01-27 13:42:27','2022-01-27 13:42:27'),
	(411,292,'Prof. Kadin Feest','kheidenreich@hotmail.com','2022-01-27 13:42:27','2022-01-27 13:42:27'),
	(412,189,'Jadon Hill','angie35@ebert.com','2022-01-27 13:42:27','2022-01-27 13:42:27'),
	(413,527,'Estel Roob','franecki.jewel@muller.com','2022-01-27 13:42:27','2022-01-27 13:42:27'),
	(414,562,'Jaiden Larkin','ledner.diamond@yahoo.com','2022-01-27 13:42:27','2022-01-27 13:42:27'),
	(415,341,'Dante Sanford','osimonis@langworth.com','2022-01-27 13:42:27','2022-01-27 13:42:27'),
	(416,450,'Linnie King','roselyn.dibbert@king.org','2022-01-27 13:42:27','2022-01-27 13:42:27'),
	(417,335,'Russel Lind','jerde.cornell@botsford.com','2022-01-27 13:42:27','2022-01-27 13:42:27'),
	(418,430,'Cesar Jakubowski DDS','bbalistreri@brekke.com','2022-01-27 13:42:27','2022-01-27 13:42:27'),
	(419,285,'Stella Schoen','vschamberger@hotmail.com','2022-01-27 13:42:27','2022-01-27 13:42:27'),
	(420,593,'Brycen Russel','jdietrich@wiegand.com','2022-01-27 13:42:27','2022-01-27 13:42:27'),
	(421,295,'Ms. Roselyn Feil I','chessel@klein.org','2022-01-27 13:42:27','2022-01-27 13:42:27'),
	(422,174,'Arlo Runolfsson','cassidy20@gmail.com','2022-01-27 13:42:27','2022-01-27 13:42:27'),
	(423,506,'Ms. Piper Spinka DVM','madisen.gutmann@ernser.biz','2022-01-27 13:42:27','2022-01-27 13:42:27'),
	(424,481,'Dr. Cristal Nitzsche Jr.','millie.gerlach@price.net','2022-01-27 13:42:27','2022-01-27 13:42:27'),
	(425,218,'Magdalena Moen','kirlin.sedrick@conroy.biz','2022-01-27 13:42:27','2022-01-27 13:42:27'),
	(426,76,'Prof. Jarrell Altenwerth','gonzalo.white@gmail.com','2022-01-27 13:42:27','2022-01-27 13:42:27'),
	(427,298,'Sidney Hirthe Sr.','aracely57@yahoo.com','2022-01-27 13:42:27','2022-01-27 13:42:27'),
	(428,234,'Domenica Nolan','bchristiansen@mckenzie.com','2022-01-27 13:42:27','2022-01-27 13:42:27'),
	(429,262,'Jolie Wolf Sr.','aprosacco@kutch.com','2022-01-27 13:42:27','2022-01-27 13:42:27'),
	(430,462,'Mina Krajcik','reynolds.santa@hotmail.com','2022-01-27 13:42:27','2022-01-27 13:42:27'),
	(431,568,'June Dietrich Sr.','rempel.melany@hotmail.com','2022-01-27 13:42:27','2022-01-27 13:42:27'),
	(432,531,'Dr. Nathaniel Pfeffer','zack.fritsch@grant.net','2022-01-27 13:42:27','2022-01-27 13:42:27'),
	(433,34,'Patsy Prosacco','vgoldner@cruickshank.com','2022-01-27 13:42:27','2022-01-27 13:42:27'),
	(434,158,'Christopher Boehm','fmclaughlin@fahey.com','2022-01-27 13:42:27','2022-01-27 13:42:27'),
	(435,350,'Clemens Volkman','roberta.hill@hotmail.com','2022-01-27 13:42:27','2022-01-27 13:42:27'),
	(436,36,'Ryann Schmeler','hodkiewicz.burnice@yahoo.com','2022-01-27 13:42:27','2022-01-27 13:42:27'),
	(437,439,'Janie Kreiger','nona.rutherford@gleichner.com','2022-01-27 13:42:27','2022-01-27 13:42:27'),
	(438,424,'Russ Nitzsche','norris46@hotmail.com','2022-01-27 13:42:27','2022-01-27 13:42:27'),
	(439,129,'Jamal Hackett','karen.schowalter@yahoo.com','2022-01-27 13:42:27','2022-01-27 13:42:27'),
	(440,37,'Pearlie McGlynn','christopher38@gmail.com','2022-01-27 13:42:27','2022-01-27 13:42:27'),
	(441,335,'Quincy Greenfelder','stamm.audra@hotmail.com','2022-01-27 13:42:27','2022-01-27 13:42:27'),
	(442,505,'Marlee Schultz','samanta.ledner@jones.com','2022-01-27 13:42:27','2022-01-27 13:42:27'),
	(443,348,'Chauncey Lowe','vhamill@gmail.com','2022-01-27 13:42:27','2022-01-27 13:42:27'),
	(444,99,'Elva Barton V','dashawn40@yahoo.com','2022-01-27 13:42:27','2022-01-27 13:42:27'),
	(445,194,'Prudence McClure','alexzander60@senger.info','2022-01-27 13:42:27','2022-01-27 13:42:27'),
	(446,349,'Ms. Abbie Donnelly Jr.','olen.kshlerin@hotmail.com','2022-01-27 13:42:27','2022-01-27 13:42:27'),
	(447,561,'Mr. Rowan Muller','wolff.travon@braun.net','2022-01-27 13:42:27','2022-01-27 13:42:27'),
	(448,116,'Dr. Katherine Rau IV','lavern61@yahoo.com','2022-01-27 13:42:27','2022-01-27 13:42:27'),
	(449,343,'Napoleon Nitzsche','jovan83@schaden.com','2022-01-27 13:42:27','2022-01-27 13:42:27'),
	(450,403,'Guillermo Torphy','koelpin.darrick@parisian.org','2022-01-27 13:42:27','2022-01-27 13:42:27'),
	(451,586,'Wilber Smith','hermann.ubaldo@gmail.com','2022-01-27 13:42:27','2022-01-27 13:42:27'),
	(452,554,'Flavio Hand','destinee.funk@hotmail.com','2022-01-27 13:42:27','2022-01-27 13:42:27'),
	(453,96,'Kaelyn Rempel DVM','hayley.hansen@conroy.biz','2022-01-27 13:42:27','2022-01-27 13:42:27'),
	(454,390,'Waino Purdy','orion.ruecker@hotmail.com','2022-01-27 13:42:27','2022-01-27 13:42:27'),
	(455,525,'Astrid Brown','rosina95@schuppe.com','2022-01-27 13:42:27','2022-01-27 13:42:27'),
	(456,38,'Bertha Wiegand','lilliana.schumm@yahoo.com','2022-01-27 13:42:27','2022-01-27 13:42:27'),
	(457,555,'Dr. Carole Halvorson','rodriguez.evan@hotmail.com','2022-01-27 13:42:27','2022-01-27 13:42:27'),
	(458,249,'Mina Corwin','eleazar34@koepp.com','2022-01-27 13:42:27','2022-01-27 13:42:27'),
	(459,215,'Frederik Kirlin','jaqueline53@volkman.com','2022-01-27 13:42:27','2022-01-27 13:42:27'),
	(460,400,'Felicity Cassin','jaycee58@hayes.com','2022-01-27 13:42:27','2022-01-27 13:42:27'),
	(461,104,'Phyllis Schmidt','vondricka@yahoo.com','2022-01-27 13:42:27','2022-01-27 13:42:27'),
	(462,152,'Karianne Romaguera','alene.will@hotmail.com','2022-01-27 13:42:27','2022-01-27 13:42:27'),
	(463,15,'Mr. Scot Toy','sallie16@braun.info','2022-01-27 13:42:27','2022-01-27 13:42:27'),
	(464,580,'Matilda Becker','zane.kris@gmail.com','2022-01-27 13:42:27','2022-01-27 13:42:27'),
	(465,74,'Prof. Jedediah Muller MD','harmony.davis@prosacco.com','2022-01-27 13:42:27','2022-01-27 13:42:27'),
	(466,66,'Marge Smitham','lillie.roberts@gmail.com','2022-01-27 13:42:27','2022-01-27 13:42:27'),
	(467,396,'Dock Franecki','dawn.becker@yahoo.com','2022-01-27 13:42:27','2022-01-27 13:42:27'),
	(468,198,'Prof. Lila Krajcik PhD','jgreenfelder@gmail.com','2022-01-27 13:42:27','2022-01-27 13:42:27'),
	(469,168,'Grady Vandervort','heidenreich.malcolm@hotmail.com','2022-01-27 13:42:27','2022-01-27 13:42:27'),
	(470,82,'Ulices Price','vonrueden.otto@hotmail.com','2022-01-27 13:42:27','2022-01-27 13:42:27'),
	(471,357,'Isaiah Olson','zella.sporer@douglas.com','2022-01-27 13:42:27','2022-01-27 13:42:27'),
	(472,184,'Carli Vandervort','uklocko@greenholt.com','2022-01-27 13:42:27','2022-01-27 13:42:27'),
	(473,583,'Vidal Tillman','nitzsche.amparo@funk.net','2022-01-27 13:42:27','2022-01-27 13:42:27'),
	(474,519,'Roger Jaskolski','cynthia.kohler@hotmail.com','2022-01-27 13:42:27','2022-01-27 13:42:27'),
	(475,166,'Miss Vergie Schmitt Jr.','buford58@hotmail.com','2022-01-27 13:42:27','2022-01-27 13:42:27'),
	(476,378,'Dr. Josiane Schaden','qnitzsche@lynch.com','2022-01-27 13:42:27','2022-01-27 13:42:27'),
	(477,163,'Kaya Pouros','margarett.hyatt@yahoo.com','2022-01-27 13:42:27','2022-01-27 13:42:27'),
	(478,141,'Prof. Jaren Hilpert','parker.kristofer@hotmail.com','2022-01-27 13:42:27','2022-01-27 13:42:27'),
	(479,404,'Filomena Stokes','abigayle17@hotmail.com','2022-01-27 13:42:27','2022-01-27 13:42:27'),
	(480,451,'Emmitt Huel','mac.lowe@gmail.com','2022-01-27 13:42:27','2022-01-27 13:42:27'),
	(481,220,'Arno Zulauf III','hyatt.aurelie@grant.com','2022-01-27 13:42:27','2022-01-27 13:42:27'),
	(482,339,'Frieda Pagac','yesenia01@gmail.com','2022-01-27 13:42:27','2022-01-27 13:42:27'),
	(483,256,'Prof. Darrel Haag Jr.','koss.ada@hotmail.com','2022-01-27 13:42:27','2022-01-27 13:42:27'),
	(484,35,'Tillman Nolan','heller.darrion@yahoo.com','2022-01-27 13:42:27','2022-01-27 13:42:27'),
	(485,319,'Bettie Johnson','terry.okeefe@hotmail.com','2022-01-27 13:42:27','2022-01-27 13:42:27'),
	(486,556,'Anahi Green','ian75@yahoo.com','2022-01-27 13:42:27','2022-01-27 13:42:27'),
	(487,144,'Bret Harvey I','luis.schamberger@hotmail.com','2022-01-27 13:42:27','2022-01-27 13:42:27'),
	(488,477,'Pink Bogan II','gusikowski.roxane@gmail.com','2022-01-27 13:42:27','2022-01-27 13:42:27'),
	(489,541,'Daryl Farrell V','bprice@mclaughlin.com','2022-01-27 13:42:27','2022-01-27 13:42:27'),
	(490,562,'Ilene Sauer','smith.chelsie@gmail.com','2022-01-27 13:42:27','2022-01-27 13:42:27'),
	(491,172,'Michael Nitzsche DDS','mcdermott.estella@gmail.com','2022-01-27 13:42:27','2022-01-27 13:42:27'),
	(492,583,'Jazmyne Blanda','bartell.vladimir@orn.info','2022-01-27 13:42:27','2022-01-27 13:42:27'),
	(493,340,'Elinore Daniel','idickens@treutel.com','2022-01-27 13:42:27','2022-01-27 13:42:27'),
	(494,219,'Ms. Shaniya Spencer','stokes.chester@hotmail.com','2022-01-27 13:42:27','2022-01-27 13:42:27'),
	(495,70,'Oral Homenick','margarett.homenick@hotmail.com','2022-01-27 13:42:27','2022-01-27 13:42:27'),
	(496,463,'Isabelle Schmidt','hamill.israel@hotmail.com','2022-01-27 13:42:27','2022-01-27 13:42:27'),
	(497,147,'Kaitlin Shields','hazle76@gmail.com','2022-01-27 13:42:27','2022-01-27 13:42:27'),
	(498,143,'Baby Rath','constantin.lehner@hettinger.info','2022-01-27 13:42:27','2022-01-27 13:42:27'),
	(499,68,'Daphney Abernathy','bednar.bret@hahn.biz','2022-01-27 13:42:27','2022-01-27 13:42:27'),
	(500,337,'Damon Trantow','annalise58@lind.com','2022-01-27 13:42:27','2022-01-27 13:42:27'),
	(501,382,'Keenan Okuneva','loberbrunner@gmail.com','2022-01-27 13:42:27','2022-01-27 13:42:27'),
	(502,203,'Sandrine Moen IV','javier.mraz@yahoo.com','2022-01-27 13:42:27','2022-01-27 13:42:27'),
	(503,38,'Dr. Aglae Wyman','caesar77@ernser.org','2022-01-27 13:42:27','2022-01-27 13:42:27'),
	(504,424,'Chaz Haag PhD','braeden.kassulke@collins.org','2022-01-27 13:42:27','2022-01-27 13:42:27'),
	(505,91,'Adella Feest','daija.stamm@gmail.com','2022-01-27 13:42:27','2022-01-27 13:42:27'),
	(506,319,'Yessenia Johnston MD','scarlett67@heathcote.com','2022-01-27 13:42:27','2022-01-27 13:42:27'),
	(507,105,'Linnie Huel','roslyn.gutmann@hotmail.com','2022-01-27 13:42:27','2022-01-27 13:42:27'),
	(508,26,'Nicholas Dietrich','renee.smitham@borer.com','2022-01-27 13:42:27','2022-01-27 13:42:27'),
	(509,427,'Raymond Schinner','ed.gusikowski@dach.com','2022-01-27 13:42:27','2022-01-27 13:42:27'),
	(510,140,'Dino Larson','cleora24@price.com','2022-01-27 13:42:27','2022-01-27 13:42:27'),
	(511,420,'Jillian Cummerata III','yschiller@yahoo.com','2022-01-27 13:42:27','2022-01-27 13:42:27'),
	(512,38,'Bryce Treutel','maiya.bernhard@hotmail.com','2022-01-27 13:42:27','2022-01-27 13:42:27'),
	(513,378,'Lilliana Dickens','wisozk.milan@yahoo.com','2022-01-27 13:42:27','2022-01-27 13:42:27'),
	(514,367,'Alexandro Wilkinson','milton.denesik@yahoo.com','2022-01-27 13:42:27','2022-01-27 13:42:27'),
	(515,184,'Nels Bednar','sreilly@yahoo.com','2022-01-27 13:42:27','2022-01-27 13:42:27'),
	(516,183,'Erich Hodkiewicz Jr.','vella.mueller@renner.com','2022-01-27 13:42:27','2022-01-27 13:42:27'),
	(517,266,'Mr. Osvaldo Lockman II','erwin41@yahoo.com','2022-01-27 13:42:27','2022-01-27 13:42:27'),
	(518,168,'Miss Earline Strosin','shawn.kris@yahoo.com','2022-01-27 13:42:27','2022-01-27 13:42:27'),
	(519,581,'Darrel Stanton','myriam.krajcik@wunsch.info','2022-01-27 13:42:27','2022-01-27 13:42:27'),
	(520,566,'Keshawn Little','nhill@hyatt.org','2022-01-27 13:42:27','2022-01-27 13:42:27'),
	(521,165,'Reina Weber','hratke@hotmail.com','2022-01-27 13:42:27','2022-01-27 13:42:27'),
	(522,55,'Prof. Julianne Bruen Sr.','armstrong.eldora@gmail.com','2022-01-27 13:42:27','2022-01-27 13:42:27'),
	(523,359,'Dr. Alex VonRueden IV','florian.abernathy@kreiger.com','2022-01-27 13:42:27','2022-01-27 13:42:27'),
	(524,424,'Lloyd White','jairo63@greenfelder.com','2022-01-27 13:42:27','2022-01-27 13:42:27'),
	(525,571,'Merritt Ledner III','sim.botsford@gmail.com','2022-01-27 13:42:27','2022-01-27 13:42:27'),
	(526,382,'Addie Brekke','sabryna51@hotmail.com','2022-01-27 13:42:27','2022-01-27 13:42:27'),
	(527,339,'Aryanna Schmeler','batz.kaylah@gmail.com','2022-01-27 13:42:27','2022-01-27 13:42:27'),
	(528,526,'Brandyn Heller','lincoln.anderson@watsica.com','2022-01-27 13:42:27','2022-01-27 13:42:27'),
	(529,309,'Miss Lexie Rosenbaum Jr.','hkemmer@yahoo.com','2022-01-27 13:42:27','2022-01-27 13:42:27'),
	(530,3,'Percy Hand','doyle.martin@hotmail.com','2022-01-27 13:42:27','2022-01-27 13:42:27'),
	(531,263,'Brannon Ziemann','oconnell.marjorie@yahoo.com','2022-01-27 13:42:27','2022-01-27 13:42:27'),
	(532,14,'Mr. Nils Welch MD','marks.mohammed@oberbrunner.biz','2022-01-27 13:42:27','2022-01-27 13:42:27'),
	(533,539,'Dr. Lisette Hahn','ignatius11@bashirian.com','2022-01-27 13:42:27','2022-01-27 13:42:27'),
	(534,103,'Bettye Kulas','heloise.lehner@keeling.net','2022-01-27 13:42:27','2022-01-27 13:42:27'),
	(535,62,'Ryan Medhurst','jaskolski.brice@hotmail.com','2022-01-27 13:42:27','2022-01-27 13:42:27'),
	(536,432,'Prof. Ruben Eichmann Jr.','witting.ellis@gmail.com','2022-01-27 13:42:27','2022-01-27 13:42:27'),
	(537,568,'Prof. Noah Stoltenberg','gfisher@yahoo.com','2022-01-27 13:42:27','2022-01-27 13:42:27'),
	(538,117,'Hal Mosciski','jaylon.medhurst@yahoo.com','2022-01-27 13:42:27','2022-01-27 13:42:27'),
	(539,487,'Garth Ratke','pkulas@gmail.com','2022-01-27 13:42:27','2022-01-27 13:42:27'),
	(540,199,'Nelda Franecki','ohayes@hotmail.com','2022-01-27 13:42:27','2022-01-27 13:42:27'),
	(541,35,'Arturo Larkin','yhegmann@goodwin.net','2022-01-27 13:42:27','2022-01-27 13:42:27'),
	(542,105,'Carlo Grimes','mary70@hotmail.com','2022-01-27 13:42:27','2022-01-27 13:42:27'),
	(543,154,'Carroll Connelly','upton.leonel@marvin.com','2022-01-27 13:42:27','2022-01-27 13:42:27'),
	(544,379,'Flavie Erdman','mathilde02@gmail.com','2022-01-27 13:42:27','2022-01-27 13:42:27'),
	(545,587,'Johnson Carroll','marlon88@yahoo.com','2022-01-27 13:42:27','2022-01-27 13:42:27'),
	(546,497,'Ursula Ortiz','walsh.westley@hoeger.com','2022-01-27 13:42:27','2022-01-27 13:42:27'),
	(547,91,'Damion Schmeler','nschaefer@hotmail.com','2022-01-27 13:42:27','2022-01-27 13:42:27'),
	(548,469,'Kris Mann','ephraim.huel@baumbach.com','2022-01-27 13:42:27','2022-01-27 13:42:27'),
	(549,290,'Verla Stiedemann','stephania.welch@yahoo.com','2022-01-27 13:42:27','2022-01-27 13:42:27'),
	(550,168,'Salvatore O\'Conner','agrant@wisozk.com','2022-01-27 13:42:27','2022-01-27 13:42:27'),
	(551,467,'Deangelo Casper','mertz.bridie@lynch.org','2022-01-27 13:42:27','2022-01-27 13:42:27'),
	(552,51,'Esta Ruecker','ndoyle@gmail.com','2022-01-27 13:42:27','2022-01-27 13:42:27'),
	(553,222,'Stanley Pouros','esperanza.cronin@donnelly.com','2022-01-27 13:42:27','2022-01-27 13:42:27'),
	(554,302,'Haleigh Waelchi','ylockman@gmail.com','2022-01-27 13:42:27','2022-01-27 13:42:27'),
	(555,361,'Merl Kovacek','chance.purdy@ullrich.com','2022-01-27 13:42:27','2022-01-27 13:42:27'),
	(556,236,'Dr. Darlene Glover Jr.','miles90@oconner.com','2022-01-27 13:42:27','2022-01-27 13:42:27'),
	(557,106,'Kira Hirthe','cade.sanford@ullrich.com','2022-01-27 13:42:27','2022-01-27 13:42:27'),
	(558,386,'Bertrand Erdman','boehm.dorris@hotmail.com','2022-01-27 13:42:27','2022-01-27 13:42:27'),
	(559,375,'Destini Lakin','ashley.harvey@gmail.com','2022-01-27 13:42:27','2022-01-27 13:42:27'),
	(560,284,'Ms. Theresa Considine','abbigail88@yahoo.com','2022-01-27 13:42:27','2022-01-27 13:42:27'),
	(561,511,'Nathen D\'Amore','jwest@schuppe.com','2022-01-27 13:42:27','2022-01-27 13:42:27'),
	(562,295,'Ms. Camila Cartwright','hollie.cruickshank@stiedemann.com','2022-01-27 13:42:27','2022-01-27 13:42:27'),
	(563,517,'Hettie Rau','scollins@flatley.org','2022-01-27 13:42:27','2022-01-27 13:42:27'),
	(564,296,'Alexandrine Nitzsche DVM','donny97@vandervort.com','2022-01-27 13:42:27','2022-01-27 13:42:27'),
	(565,99,'Kane Reichel','gleason.gabriella@glover.com','2022-01-27 13:42:27','2022-01-27 13:42:27'),
	(566,23,'Johnathon Kuhn','eklein@yahoo.com','2022-01-27 13:42:27','2022-01-27 13:42:27'),
	(567,573,'Noelia Bins','bbartoletti@von.com','2022-01-27 13:42:27','2022-01-27 13:42:27'),
	(568,186,'Leonora Medhurst V','nikolaus.cecilia@hotmail.com','2022-01-27 13:42:27','2022-01-27 13:42:27'),
	(569,116,'Ubaldo Adams V','ibode@sauer.com','2022-01-27 13:42:27','2022-01-27 13:42:27'),
	(570,376,'Eloise Ritchie IV','schuster.eleonore@hotmail.com','2022-01-27 13:42:27','2022-01-27 13:42:27'),
	(571,119,'Ashly Jaskolski','reichert.brennan@hotmail.com','2022-01-27 13:42:27','2022-01-27 13:42:27'),
	(572,68,'Keith Ferry','kihn.tre@yahoo.com','2022-01-27 13:42:27','2022-01-27 13:42:27'),
	(573,142,'Betsy Cassin','mgreen@hotmail.com','2022-01-27 13:42:27','2022-01-27 13:42:27'),
	(574,163,'Dashawn Rice','janis43@bergstrom.biz','2022-01-27 13:42:27','2022-01-27 13:42:27'),
	(575,17,'Ms. Mallie Johnston','dangelo20@upton.org','2022-01-27 13:42:27','2022-01-27 13:42:27'),
	(576,457,'Ms. Betty Renner','mateo.ullrich@yahoo.com','2022-01-27 13:42:27','2022-01-27 13:42:27'),
	(577,181,'Rene Metz','maybell.raynor@hotmail.com','2022-01-27 13:42:27','2022-01-27 13:42:27'),
	(578,555,'Andy Schmidt','jcormier@yahoo.com','2022-01-27 13:42:27','2022-01-27 13:42:27'),
	(579,47,'Kathlyn Renner','nick09@gmail.com','2022-01-27 13:42:27','2022-01-27 13:42:27'),
	(580,308,'Russel Buckridge','akonopelski@gmail.com','2022-01-27 13:42:27','2022-01-27 13:42:27'),
	(581,521,'Dr. Sigrid Murphy III','daniel.kellen@hotmail.com','2022-01-27 13:42:27','2022-01-27 13:42:27'),
	(582,548,'Arden Wyman','klein.penelope@gmail.com','2022-01-27 13:42:27','2022-01-27 13:42:27'),
	(583,41,'Miss Mable Weissnat III','nrussel@yahoo.com','2022-01-27 13:42:27','2022-01-27 13:42:27'),
	(584,247,'Prof. Liliana Batz I','oliver30@yahoo.com','2022-01-27 13:42:27','2022-01-27 13:42:27'),
	(585,374,'Junius Simonis','ike.walsh@adams.org','2022-01-27 13:42:27','2022-01-27 13:42:27'),
	(586,275,'Beulah Ryan','shanahan.joshua@hotmail.com','2022-01-27 13:42:27','2022-01-27 13:42:27'),
	(587,400,'Deonte Miller','greenfelder.roberto@hotmail.com','2022-01-27 13:42:27','2022-01-27 13:42:27'),
	(588,466,'Brody Hauck','darion25@glover.biz','2022-01-27 13:42:27','2022-01-27 13:42:27'),
	(589,113,'Skylar Goodwin','estelle.hilpert@yahoo.com','2022-01-27 13:42:27','2022-01-27 13:42:27'),
	(590,184,'Mr. Benny Kuhn','pearl20@watsica.com','2022-01-27 13:42:27','2022-01-27 13:42:27'),
	(591,361,'Lilian Block','gnader@hotmail.com','2022-01-27 13:42:27','2022-01-27 13:42:27'),
	(592,68,'Shanel Dare','allison04@rau.com','2022-01-27 13:42:27','2022-01-27 13:42:27'),
	(593,122,'Dr. Cameron Runolfsson','stracke.luigi@gmail.com','2022-01-27 13:42:27','2022-01-27 13:42:27'),
	(594,114,'Aron Brakus','guiseppe.haley@bednar.org','2022-01-27 13:42:27','2022-01-27 13:42:27'),
	(595,357,'Dawn Wolf PhD','mills.jarrett@yahoo.com','2022-01-27 13:42:27','2022-01-27 13:42:27'),
	(596,228,'Jayson McLaughlin','pschimmel@damore.com','2022-01-27 13:42:27','2022-01-27 13:42:27'),
	(597,284,'Chelsea Feeney','ncorwin@yahoo.com','2022-01-27 13:42:27','2022-01-27 13:42:27'),
	(598,306,'Benny Kris','gborer@yahoo.com','2022-01-27 13:42:27','2022-01-27 13:42:27'),
	(599,113,'Dr. Baylee Welch DDS','weldon09@vandervort.com','2022-01-27 13:42:27','2022-01-27 13:42:27'),
	(600,5,'Miss Ruthie Huels','travon.stiedemann@hotmail.com','2022-01-27 13:42:27','2022-01-27 13:42:27'),
	(601,299,'Prof. Madison McClure','roob.lucinda@gleason.org','2022-01-27 13:42:27','2022-01-27 13:42:27'),
	(602,361,'Barton Ratke','providenci33@hotmail.com','2022-01-27 13:42:27','2022-01-27 13:42:27'),
	(603,268,'Marian Schmeler','omari.simonis@lang.com','2022-01-27 13:42:27','2022-01-27 13:42:27'),
	(604,590,'Bertrand Kuphal','tomasa32@bednar.com','2022-01-27 13:42:27','2022-01-27 13:42:27'),
	(605,200,'Mr. Justen Hermann I','frogahn@hegmann.info','2022-01-27 13:42:27','2022-01-27 13:42:27'),
	(606,210,'Nelle Walter Sr.','stone72@jacobs.org','2022-01-27 13:42:27','2022-01-27 13:42:27'),
	(607,332,'Miss Luella Schaefer','cmclaughlin@hotmail.com','2022-01-27 13:42:27','2022-01-27 13:42:27'),
	(608,423,'Jeramy Torp','odaugherty@gmail.com','2022-01-27 13:42:27','2022-01-27 13:42:27'),
	(609,190,'Zane Yost','teresa93@gmail.com','2022-01-27 13:42:27','2022-01-27 13:42:27'),
	(610,367,'Prof. Tyrel Bartoletti III','rogahn.modesta@yahoo.com','2022-01-27 13:42:27','2022-01-27 13:42:27'),
	(611,67,'Naomi Towne','clare.weber@yahoo.com','2022-01-27 13:42:27','2022-01-27 13:42:27'),
	(612,457,'Ariel Feeney','collins.orville@effertz.info','2022-01-27 13:42:27','2022-01-27 13:42:27'),
	(613,264,'Prof. Kristofer Price','talia22@walsh.com','2022-01-27 13:42:27','2022-01-27 13:42:27'),
	(614,205,'Leland Bradtke','kozey.linwood@erdman.com','2022-01-27 13:42:27','2022-01-27 13:42:27'),
	(615,225,'Kiarra Lakin I','koelpin.lauren@hotmail.com','2022-01-27 13:42:27','2022-01-27 13:42:27'),
	(616,454,'Mrs. Andreane Bernhard PhD','brandon.swift@gmail.com','2022-01-27 13:42:27','2022-01-27 13:42:27'),
	(617,194,'Dr. Alana Davis V','pouros.everett@rau.org','2022-01-27 13:42:27','2022-01-27 13:42:27'),
	(618,123,'Merritt Walker Sr.','bsawayn@carter.com','2022-01-27 13:42:27','2022-01-27 13:42:27'),
	(619,98,'Kim Erdman','rhilpert@gmail.com','2022-01-27 13:42:27','2022-01-27 13:42:27'),
	(620,280,'Dr. Prince Treutel III','ymayert@hotmail.com','2022-01-27 13:42:27','2022-01-27 13:42:27'),
	(621,167,'Mrs. Vida Hilpert','corrine90@walter.info','2022-01-27 13:42:27','2022-01-27 13:42:27'),
	(622,309,'Tamia Boyle','arthur.jacobson@crona.org','2022-01-27 13:42:27','2022-01-27 13:42:27'),
	(623,116,'Miss Charlotte Kuhn','price.heaven@kozey.org','2022-01-27 13:42:27','2022-01-27 13:42:27'),
	(624,434,'Maeve Herzog','stan.kshlerin@yahoo.com','2022-01-27 13:42:27','2022-01-27 13:42:27'),
	(625,541,'Mike Dare','flesch@hotmail.com','2022-01-27 13:42:27','2022-01-27 13:42:27'),
	(626,377,'Dominic Mosciski','albina68@larson.com','2022-01-27 13:42:27','2022-01-27 13:42:27'),
	(627,557,'Darwin Pfeffer','elisha40@eichmann.com','2022-01-27 13:42:27','2022-01-27 13:42:27'),
	(628,414,'Ally Olson','aleen.barton@yahoo.com','2022-01-27 13:42:27','2022-01-27 13:42:27'),
	(629,4,'Mr. Nolan Bode','una84@sporer.com','2022-01-27 13:42:27','2022-01-27 13:42:27'),
	(630,389,'Kamren Becker','elian10@yahoo.com','2022-01-27 13:42:27','2022-01-27 13:42:27'),
	(631,59,'Alyce Block','mcdermott.bailey@yahoo.com','2022-01-27 13:42:27','2022-01-27 13:42:27'),
	(632,443,'Katlyn Hoeger','qheaney@schneider.org','2022-01-27 13:42:27','2022-01-27 13:42:27'),
	(633,217,'Miracle Vandervort MD','acruickshank@ohara.com','2022-01-27 13:42:27','2022-01-27 13:42:27'),
	(634,236,'Dr. Pietro Swift II','chanelle13@heathcote.com','2022-01-27 13:42:27','2022-01-27 13:42:27'),
	(635,261,'Mr. Nicholaus Osinski','keon.murray@yahoo.com','2022-01-27 13:42:27','2022-01-27 13:42:27'),
	(636,15,'Yessenia McGlynn','krystel.brown@volkman.com','2022-01-27 13:42:27','2022-01-27 13:42:27'),
	(637,351,'Ms. Lilly Jerde','schulist.marcelino@yahoo.com','2022-01-27 13:42:27','2022-01-27 13:42:27'),
	(638,264,'Adam Waters II','schroeder.evan@olson.biz','2022-01-27 13:42:27','2022-01-27 13:42:27'),
	(639,576,'Prof. Giovani Gerhold','jermaine.senger@mann.com','2022-01-27 13:42:27','2022-01-27 13:42:27'),
	(640,239,'Walter Wiegand','elbert.beatty@gmail.com','2022-01-27 13:42:27','2022-01-27 13:42:27'),
	(641,537,'Wilma Schumm','okeefe.lorena@senger.com','2022-01-27 13:42:27','2022-01-27 13:42:27'),
	(642,206,'Dr. Israel Conn V','schmitt.laurine@kerluke.com','2022-01-27 13:42:27','2022-01-27 13:42:27'),
	(643,278,'Candice Terry DDS','mathias.dare@cronin.info','2022-01-27 13:42:27','2022-01-27 13:42:27'),
	(644,467,'Nelda McCullough','ariel83@hotmail.com','2022-01-27 13:42:27','2022-01-27 13:42:27'),
	(645,59,'Cathryn Kling','guido.emmerich@hotmail.com','2022-01-27 13:42:27','2022-01-27 13:42:27'),
	(646,263,'Shakira Metz','zokuneva@yahoo.com','2022-01-27 13:42:27','2022-01-27 13:42:27'),
	(647,418,'Jessica Heller','chad45@yahoo.com','2022-01-27 13:42:27','2022-01-27 13:42:27'),
	(648,7,'Dr. Kaitlyn Erdman','eliezer13@jacobson.net','2022-01-27 13:42:27','2022-01-27 13:42:27'),
	(649,484,'Modesto Walter','white.delta@dickinson.com','2022-01-27 13:42:27','2022-01-27 13:42:27'),
	(650,224,'Imogene Borer','jasper92@brakus.com','2022-01-27 13:42:27','2022-01-27 13:42:27'),
	(651,311,'Miss Nya Hintz','felix62@hotmail.com','2022-01-27 13:42:27','2022-01-27 13:42:27'),
	(652,109,'Jonathan Eichmann','steve.mckenzie@gmail.com','2022-01-27 13:42:27','2022-01-27 13:42:27'),
	(653,307,'Tara Homenick','amelia.bode@hotmail.com','2022-01-27 13:42:27','2022-01-27 13:42:27'),
	(654,308,'Mr. Fern Upton Sr.','pvolkman@yahoo.com','2022-01-27 13:42:27','2022-01-27 13:42:27'),
	(655,149,'Mrs. Alisa Beier','rick.mckenzie@crist.com','2022-01-27 13:42:27','2022-01-27 13:42:27'),
	(656,389,'Lynn Harris','olangworth@yahoo.com','2022-01-27 13:42:27','2022-01-27 13:42:27'),
	(657,597,'Ethyl O\'Connell IV','haley.buddy@yahoo.com','2022-01-27 13:42:27','2022-01-27 13:42:27'),
	(658,264,'Miss Olga Macejkovic II','valerie.deckow@kub.biz','2022-01-27 13:42:27','2022-01-27 13:42:27'),
	(659,408,'Felicia Gulgowski','miracle.hyatt@hotmail.com','2022-01-27 13:42:27','2022-01-27 13:42:27'),
	(660,289,'Mr. Elliott Leffler','marilie.gleichner@koelpin.com','2022-01-27 13:42:27','2022-01-27 13:42:27'),
	(661,87,'Saul Kunde','laila16@weissnat.com','2022-01-27 13:42:27','2022-01-27 13:42:27'),
	(662,307,'Mckenna Walter','haylie.schultz@hotmail.com','2022-01-27 13:42:27','2022-01-27 13:42:27'),
	(663,157,'Dr. Burley Shields Sr.','lelia29@gmail.com','2022-01-27 13:42:27','2022-01-27 13:42:27'),
	(664,291,'Prof. Jaiden Roberts DDS','bjohns@zemlak.com','2022-01-27 13:42:27','2022-01-27 13:42:27'),
	(665,52,'Winona Skiles','jamal05@mckenzie.biz','2022-01-27 13:42:27','2022-01-27 13:42:27'),
	(666,433,'Monroe Donnelly','franecki.sophie@parisian.com','2022-01-27 13:42:27','2022-01-27 13:42:27'),
	(667,83,'Norberto Parker','lstanton@hotmail.com','2022-01-27 13:42:27','2022-01-27 13:42:27'),
	(668,508,'Rodrick Altenwerth','dweissnat@watsica.com','2022-01-27 13:42:27','2022-01-27 13:42:27'),
	(669,38,'Dr. Damian Anderson','dwehner@hotmail.com','2022-01-27 13:42:27','2022-01-27 13:42:27'),
	(670,81,'Margarete Crist II','kuhic.elmira@yahoo.com','2022-01-27 13:42:27','2022-01-27 13:42:27'),
	(671,565,'Prof. Boyd Klein','madaline.wintheiser@botsford.com','2022-01-27 13:42:27','2022-01-27 13:42:27'),
	(672,463,'Orville Lebsack','jordane.leuschke@gmail.com','2022-01-27 13:42:27','2022-01-27 13:42:27'),
	(673,298,'Katlyn Orn I','brekke.garnet@gmail.com','2022-01-27 13:42:27','2022-01-27 13:42:27'),
	(674,433,'Oren Treutel','reyes73@walsh.com','2022-01-27 13:42:27','2022-01-27 13:42:27'),
	(675,449,'Cassidy Larkin','maryam92@hotmail.com','2022-01-27 13:42:27','2022-01-27 13:42:27'),
	(676,10,'Miss Chloe Durgan DVM','qleuschke@gmail.com','2022-01-27 13:42:27','2022-01-27 13:42:27'),
	(677,95,'Stanley Blick','abraham84@heidenreich.com','2022-01-27 13:42:27','2022-01-27 13:42:27'),
	(678,361,'Douglas Hackett','beulah37@weissnat.com','2022-01-27 13:42:27','2022-01-27 13:42:27'),
	(679,307,'Prof. Oda Sipes','gislason.leatha@hotmail.com','2022-01-27 13:42:27','2022-01-27 13:42:27'),
	(680,458,'Kane Bechtelar','ymcclure@mann.com','2022-01-27 13:42:27','2022-01-27 13:42:27'),
	(681,308,'Ken Blanda','brakus.carol@stroman.com','2022-01-27 13:42:27','2022-01-27 13:42:27'),
	(682,238,'Sonny Rolfson','bulah36@gmail.com','2022-01-27 13:42:27','2022-01-27 13:42:27'),
	(683,164,'Alford Tremblay','bschroeder@hotmail.com','2022-01-27 13:42:27','2022-01-27 13:42:27'),
	(684,460,'Major Kemmer IV','geovanny.howe@gmail.com','2022-01-27 13:42:27','2022-01-27 13:42:27'),
	(685,302,'Solon Cummings','gerlach.zula@bahringer.biz','2022-01-27 13:42:27','2022-01-27 13:42:27'),
	(686,548,'Ms. Lilla Armstrong I','flavie.considine@yahoo.com','2022-01-27 13:42:27','2022-01-27 13:42:27'),
	(687,272,'Kaylin Lesch','ygulgowski@yahoo.com','2022-01-27 13:42:27','2022-01-27 13:42:27'),
	(688,496,'Owen VonRueden','ghudson@rempel.info','2022-01-27 13:42:27','2022-01-27 13:42:27'),
	(689,405,'Mrs. Ruby Douglas','eleonore32@bechtelar.com','2022-01-27 13:42:27','2022-01-27 13:42:27'),
	(690,571,'Laurine Swaniawski','britney44@ruecker.com','2022-01-27 13:42:27','2022-01-27 13:42:27'),
	(691,266,'Prof. Jeffry Mertz DVM','heller.pansy@hermann.info','2022-01-27 13:42:27','2022-01-27 13:42:27'),
	(692,307,'Xzavier Goldner','patrick.hartmann@gmail.com','2022-01-27 13:42:27','2022-01-27 13:42:27'),
	(693,483,'Humberto Schaden','angel.kihn@gmail.com','2022-01-27 13:42:27','2022-01-27 13:42:27'),
	(694,350,'Kayden Larkin','bartoletti.verla@hotmail.com','2022-01-27 13:42:27','2022-01-27 13:42:27'),
	(695,590,'Idella Smith','freddie63@jenkins.com','2022-01-27 13:42:27','2022-01-27 13:42:27'),
	(696,569,'Makenzie Prohaska','cremin.delmer@swaniawski.com','2022-01-27 13:42:27','2022-01-27 13:42:27'),
	(697,397,'Ryan Leffler','godfrey71@hotmail.com','2022-01-27 13:42:27','2022-01-27 13:42:27'),
	(698,411,'Trisha Baumbach','beahan.judy@adams.com','2022-01-27 13:42:27','2022-01-27 13:42:27'),
	(699,81,'Maya Quigley','lockman.anderson@gusikowski.com','2022-01-27 13:42:27','2022-01-27 13:42:27'),
	(700,148,'Natalia Moore','wlangosh@kemmer.biz','2022-01-27 13:42:27','2022-01-27 13:42:27'),
	(701,457,'Serena Turner','ujohnson@kozey.com','2022-01-27 13:42:27','2022-01-27 13:42:27'),
	(702,508,'Lloyd Mayer IV','danielle.emmerich@volkman.info','2022-01-27 13:42:27','2022-01-27 13:42:27'),
	(703,445,'Emerson Von','lritchie@sauer.com','2022-01-27 13:42:27','2022-01-27 13:42:27'),
	(704,454,'Mr. Montana Wolf I','erempel@gmail.com','2022-01-27 13:42:27','2022-01-27 13:42:27'),
	(705,210,'Miss Dana Wilkinson V','freeda98@gmail.com','2022-01-27 13:42:27','2022-01-27 13:42:27'),
	(706,239,'Robb Crooks','jedediah93@yahoo.com','2022-01-27 13:42:27','2022-01-27 13:42:27'),
	(707,338,'Mrs. Iliana Lehner Jr.','devonte17@yahoo.com','2022-01-27 13:42:27','2022-01-27 13:42:27'),
	(708,107,'Cruz Rosenbaum','bayer.vella@yahoo.com','2022-01-27 13:42:27','2022-01-27 13:42:27'),
	(709,347,'Dr. Loy Rippin Sr.','nitzsche.raoul@gmail.com','2022-01-27 13:42:27','2022-01-27 13:42:27'),
	(710,176,'Dr. Raven Schamberger PhD','ekertzmann@yahoo.com','2022-01-27 13:42:27','2022-01-27 13:42:27'),
	(711,189,'Leatha Green','tkihn@welch.com','2022-01-27 13:42:27','2022-01-27 13:42:27'),
	(712,203,'Mellie Runte','nathanial.jaskolski@yahoo.com','2022-01-27 13:42:27','2022-01-27 13:42:27'),
	(713,250,'Prof. Sheridan McDermott','devyn79@hotmail.com','2022-01-27 13:42:27','2022-01-27 13:42:27'),
	(714,173,'Whitney Trantow','rey25@hermann.com','2022-01-27 13:42:27','2022-01-27 13:42:27'),
	(715,546,'Mathew Wolff','juanita.king@yahoo.com','2022-01-27 13:42:27','2022-01-27 13:42:27'),
	(716,103,'Prof. Lourdes Gerhold V','ksanford@gmail.com','2022-01-27 13:42:27','2022-01-27 13:42:27'),
	(717,30,'Prof. George Reinger MD','amari.okon@yahoo.com','2022-01-27 13:42:27','2022-01-27 13:42:27'),
	(718,530,'Johanna Carter','sauer.pascale@hotmail.com','2022-01-27 13:42:27','2022-01-27 13:42:27'),
	(719,564,'Candace Hammes','roosevelt82@gmail.com','2022-01-27 13:42:27','2022-01-27 13:42:27'),
	(720,221,'Chandler Roob','ethompson@schaefer.org','2022-01-27 13:42:27','2022-01-27 13:42:27'),
	(721,127,'Craig Bartell','libbie.okuneva@yahoo.com','2022-01-27 13:42:27','2022-01-27 13:42:27'),
	(722,379,'Emilie Moore','vroberts@willms.biz','2022-01-27 13:42:27','2022-01-27 13:42:27'),
	(723,240,'Shany O\'Keefe','moen.fredy@pagac.biz','2022-01-27 13:42:27','2022-01-27 13:42:27'),
	(724,155,'Orie Daniel','jeanie37@yahoo.com','2022-01-27 13:42:27','2022-01-27 13:42:27'),
	(725,535,'Verlie Mosciski','atreutel@gmail.com','2022-01-27 13:42:27','2022-01-27 13:42:27'),
	(726,16,'Genoveva Nader','darian.hills@block.net','2022-01-27 13:42:27','2022-01-27 13:42:27'),
	(727,345,'Kaya Keeling','dare.luna@johnson.com','2022-01-27 13:42:27','2022-01-27 13:42:27'),
	(728,69,'Conrad Volkman','amparo.mitchell@gleason.com','2022-01-27 13:42:27','2022-01-27 13:42:27'),
	(729,266,'Kelton Bartoletti','rempel.rolando@bartell.com','2022-01-27 13:42:27','2022-01-27 13:42:27'),
	(730,205,'Mr. Elvis Lueilwitz','hodkiewicz.sandrine@yahoo.com','2022-01-27 13:42:27','2022-01-27 13:42:27'),
	(731,330,'Willard Prohaska','kellen93@feil.com','2022-01-27 13:42:27','2022-01-27 13:42:27'),
	(732,25,'Kaleb Volkman','stephany87@gmail.com','2022-01-27 13:42:27','2022-01-27 13:42:27'),
	(733,475,'Maxine Mosciski','qabernathy@weber.org','2022-01-27 13:42:27','2022-01-27 13:42:27'),
	(734,390,'Ford Kilback','lourdes93@nienow.com','2022-01-27 13:42:27','2022-01-27 13:42:27'),
	(735,139,'Bette Runolfsdottir','enid18@thompson.com','2022-01-27 13:42:27','2022-01-27 13:42:27'),
	(736,182,'Carey Robel','ytremblay@gmail.com','2022-01-27 13:42:27','2022-01-27 13:42:27'),
	(737,407,'Lempi Keebler V','cummerata.fannie@purdy.com','2022-01-27 13:42:27','2022-01-27 13:42:27'),
	(738,376,'Kelly Mraz','growe@hotmail.com','2022-01-27 13:42:27','2022-01-27 13:42:27'),
	(739,263,'Ivah Graham','kulas.clotilde@gmail.com','2022-01-27 13:42:27','2022-01-27 13:42:27'),
	(740,241,'Josephine Corwin Sr.','axel35@yahoo.com','2022-01-27 13:42:27','2022-01-27 13:42:27'),
	(741,386,'Jennings Roob','alisa26@connelly.com','2022-01-27 13:42:27','2022-01-27 13:42:27'),
	(742,421,'Rachel Mertz','ward.anjali@gmail.com','2022-01-27 13:42:27','2022-01-27 13:42:27'),
	(743,225,'Prof. Eloise Wyman','jaqueline53@kuphal.com','2022-01-27 13:42:27','2022-01-27 13:42:27'),
	(744,336,'Tyrel Jacobs','kadin08@weissnat.com','2022-01-27 13:42:27','2022-01-27 13:42:27'),
	(745,145,'Kiera Muller','hattie14@gmail.com','2022-01-27 13:42:27','2022-01-27 13:42:27'),
	(746,360,'Christiana Emmerich','rowena46@yahoo.com','2022-01-27 13:42:27','2022-01-27 13:42:27'),
	(747,56,'Coleman Jakubowski','damien37@yahoo.com','2022-01-27 13:42:27','2022-01-27 13:42:27'),
	(748,117,'Prof. Davon Dare MD','allison22@pouros.com','2022-01-27 13:42:27','2022-01-27 13:42:27'),
	(749,521,'Dr. Cortez Borer Sr.','phyllis.schulist@gmail.com','2022-01-27 13:42:27','2022-01-27 13:42:27'),
	(750,592,'Eugenia Schinner','alva.olson@yahoo.com','2022-01-27 13:42:27','2022-01-27 13:42:27'),
	(751,165,'Mr. Marlon Hermann II','lew.mcclure@schoen.biz','2022-01-27 13:42:27','2022-01-27 13:42:27'),
	(752,2,'Dr. Hertha Keeling IV','cora.cole@hotmail.com','2022-01-27 13:42:27','2022-01-27 13:42:27'),
	(753,56,'Hailee Grant','kristin.heaney@yahoo.com','2022-01-27 13:42:27','2022-01-27 13:42:27'),
	(754,126,'Mrs. Ramona Schuppe MD','marco.homenick@ohara.com','2022-01-27 13:42:27','2022-01-27 13:42:27'),
	(755,17,'Esperanza Moore','kfriesen@hotmail.com','2022-01-27 13:42:27','2022-01-27 13:42:27'),
	(756,219,'Zoe Ankunding','orn.sven@gmail.com','2022-01-27 13:42:27','2022-01-27 13:42:27'),
	(757,8,'Heber Schumm Sr.','chester34@yahoo.com','2022-01-27 13:42:27','2022-01-27 13:42:27'),
	(758,398,'Dr. Patricia Sawayn','lang.marion@huels.com','2022-01-27 13:42:27','2022-01-27 13:42:27'),
	(759,378,'Alycia Krajcik','victoria.oconner@kuphal.net','2022-01-27 13:42:27','2022-01-27 13:42:27'),
	(760,158,'Asa Bailey','lynch.rossie@hotmail.com','2022-01-27 13:42:27','2022-01-27 13:42:27'),
	(761,256,'Jon Walter','pnikolaus@hagenes.com','2022-01-27 13:42:27','2022-01-27 13:42:27'),
	(762,121,'Gaetano Gleichner','merle52@gmail.com','2022-01-27 13:42:27','2022-01-27 13:42:27'),
	(763,196,'Dr. Cruz Considine V','vernice07@yahoo.com','2022-01-27 13:42:27','2022-01-27 13:42:27'),
	(764,156,'Florian Kutch','liana.fadel@gmail.com','2022-01-27 13:42:27','2022-01-27 13:42:27'),
	(765,338,'Adele Schoen','amari03@cartwright.info','2022-01-27 13:42:27','2022-01-27 13:42:27'),
	(766,431,'Kali Connelly III','yhagenes@mitchell.com','2022-01-27 13:42:27','2022-01-27 13:42:27'),
	(767,349,'Otilia Nolan','howell.trystan@schultz.com','2022-01-27 13:42:27','2022-01-27 13:42:27'),
	(768,102,'Ayden Reichert III','dach.nyah@hotmail.com','2022-01-27 13:42:27','2022-01-27 13:42:27'),
	(769,190,'Guiseppe Eichmann DVM','fae.gulgowski@gmail.com','2022-01-27 13:42:27','2022-01-27 13:42:27'),
	(770,254,'Frances Witting','melody53@hotmail.com','2022-01-27 13:42:27','2022-01-27 13:42:27'),
	(771,467,'Prof. Kurtis Konopelski V','emil77@torphy.com','2022-01-27 13:42:27','2022-01-27 13:42:27'),
	(772,393,'Wilbert Wyman','manuela.wisozk@batz.com','2022-01-27 13:42:27','2022-01-27 13:42:27'),
	(773,222,'Sister Lemke DVM','prohaska.alize@bergnaum.biz','2022-01-27 13:42:27','2022-01-27 13:42:27'),
	(774,205,'Prof. Cecil Dooley DDS','stefanie.turner@gmail.com','2022-01-27 13:42:27','2022-01-27 13:42:27'),
	(775,172,'Greta Marks','beryl.doyle@hirthe.org','2022-01-27 13:42:27','2022-01-27 13:42:27'),
	(776,428,'Frances Fritsch III','lowe.koby@durgan.net','2022-01-27 13:42:27','2022-01-27 13:42:27'),
	(777,100,'Desiree Abernathy','mayert.shanon@yahoo.com','2022-01-27 13:42:27','2022-01-27 13:42:27'),
	(778,212,'Felton Denesik','brandt69@gmail.com','2022-01-27 13:42:27','2022-01-27 13:42:27'),
	(779,32,'Prof. Alf Huels','ozella32@hotmail.com','2022-01-27 13:42:27','2022-01-27 13:42:27'),
	(780,113,'Donnie Brakus','lmetz@schoen.org','2022-01-27 13:42:27','2022-01-27 13:42:27'),
	(781,77,'Calista Frami','jettie.thompson@gmail.com','2022-01-27 13:42:27','2022-01-27 13:42:27'),
	(782,590,'Miss Theresa Block DDS','jsenger@yahoo.com','2022-01-27 13:42:27','2022-01-27 13:42:27'),
	(783,497,'Gregory D\'Amore V','beahan.triston@gorczany.com','2022-01-27 13:42:27','2022-01-27 13:42:27'),
	(784,124,'Joanne Becker','hansen.opal@wolff.com','2022-01-27 13:42:27','2022-01-27 13:42:27'),
	(785,90,'Emerald Kautzer','sedrick27@hotmail.com','2022-01-27 13:42:28','2022-01-27 13:42:28'),
	(786,592,'Maryjane Ferry','rogelio69@yahoo.com','2022-01-27 13:42:28','2022-01-27 13:42:28'),
	(787,589,'Lucy Lesch II','tyrell40@gmail.com','2022-01-27 13:42:28','2022-01-27 13:42:28'),
	(788,114,'Courtney Ziemann','nikita.moore@murphy.com','2022-01-27 13:42:28','2022-01-27 13:42:28'),
	(789,109,'Mohammed Cummerata','hammes.narciso@prohaska.com','2022-01-27 13:42:28','2022-01-27 13:42:28'),
	(790,124,'Mr. Bertram McKenzie','wstiedemann@gmail.com','2022-01-27 13:42:28','2022-01-27 13:42:28'),
	(791,272,'Sammy Johnson','gage.goyette@yahoo.com','2022-01-27 13:42:28','2022-01-27 13:42:28'),
	(792,282,'Emmy Maggio','cokon@gmail.com','2022-01-27 13:42:28','2022-01-27 13:42:28'),
	(793,113,'Rhea Kerluke','hyatt.janiya@reilly.com','2022-01-27 13:42:28','2022-01-27 13:42:28'),
	(794,3,'Beulah Smitham','xlakin@hotmail.com','2022-01-27 13:42:28','2022-01-27 13:42:28'),
	(795,260,'Dr. Ruthe Mante DVM','dangelo.prosacco@rohan.info','2022-01-27 13:42:28','2022-01-27 13:42:28'),
	(796,381,'Jazlyn Berge','adaline.gerhold@yahoo.com','2022-01-27 13:42:28','2022-01-27 13:42:28'),
	(797,31,'Eve Ondricka','lpurdy@gmail.com','2022-01-27 13:42:28','2022-01-27 13:42:28'),
	(798,290,'Ms. Leola Dickens','yokuneva@gmail.com','2022-01-27 13:42:28','2022-01-27 13:42:28'),
	(799,565,'Una Kertzmann','terrell.conn@yahoo.com','2022-01-27 13:42:28','2022-01-27 13:42:28'),
	(800,299,'Dr. Christophe Breitenberg','joy03@nienow.org','2022-01-27 13:42:28','2022-01-27 13:42:28'),
	(801,160,'Petra Hermann','whagenes@yahoo.com','2022-01-27 13:42:28','2022-01-27 13:42:28'),
	(802,205,'Dr. Natalia Gleason','natalie84@bashirian.biz','2022-01-27 13:42:28','2022-01-27 13:42:28'),
	(803,165,'Sigurd Hagenes','levi58@beahan.com','2022-01-27 13:42:28','2022-01-27 13:42:28'),
	(804,248,'Connie Lind PhD','sokeefe@yahoo.com','2022-01-27 13:42:28','2022-01-27 13:42:28'),
	(805,275,'Wilburn Kessler','hkohler@herman.com','2022-01-27 13:42:28','2022-01-27 13:42:28'),
	(806,462,'Lucio Schneider DDS','lheaney@gmail.com','2022-01-27 13:42:28','2022-01-27 13:42:28'),
	(807,559,'Prof. Astrid Kozey DDS','demmerich@yahoo.com','2022-01-27 13:42:28','2022-01-27 13:42:28'),
	(808,512,'Dr. Marlene Vandervort','nelda.beatty@walter.com','2022-01-27 13:42:28','2022-01-27 13:42:28'),
	(809,222,'Samanta Bogisich','courtney65@upton.net','2022-01-27 13:42:28','2022-01-27 13:42:28'),
	(810,237,'Leta Shanahan','ethan.breitenberg@hotmail.com','2022-01-27 13:42:28','2022-01-27 13:42:28'),
	(811,282,'Norma Hickle','kilback.shaniya@yahoo.com','2022-01-27 13:42:28','2022-01-27 13:42:28'),
	(812,576,'Frances Spinka','zieme.alfredo@rohan.info','2022-01-27 13:42:28','2022-01-27 13:42:28'),
	(813,485,'Maurine Gutmann PhD','morissette.general@yahoo.com','2022-01-27 13:42:28','2022-01-27 13:42:28'),
	(814,21,'Lea Hand','stark.santina@gmail.com','2022-01-27 13:42:28','2022-01-27 13:42:28'),
	(815,110,'Mr. Enrique Jones','lyla.koch@hotmail.com','2022-01-27 13:42:28','2022-01-27 13:42:28'),
	(816,114,'Royce Rohan I','xrempel@mohr.org','2022-01-27 13:42:28','2022-01-27 13:42:28'),
	(817,123,'Brielle Ullrich','dach.charlene@smitham.info','2022-01-27 13:42:28','2022-01-27 13:42:28'),
	(818,81,'Aleen Nicolas V','zlegros@yahoo.com','2022-01-27 13:42:28','2022-01-27 13:42:28'),
	(819,539,'Prof. Mara Greenfelder III','stamm.emmanuel@ohara.com','2022-01-27 13:42:28','2022-01-27 13:42:28'),
	(820,451,'Makenna Medhurst','jfeeney@yahoo.com','2022-01-27 13:42:28','2022-01-27 13:42:28'),
	(821,27,'Prof. Bennett Lemke V','susanna73@roberts.biz','2022-01-27 13:42:28','2022-01-27 13:42:28'),
	(822,68,'Dr. Newell Ortiz','gaylord.mariela@conn.com','2022-01-27 13:42:28','2022-01-27 13:42:28'),
	(823,275,'Taurean Nicolas DDS','fswaniawski@yahoo.com','2022-01-27 13:42:28','2022-01-27 13:42:28'),
	(824,525,'Shany Kihn','ubechtelar@mertz.com','2022-01-27 13:42:28','2022-01-27 13:42:28'),
	(825,190,'Alexis Cummings','shanon84@yahoo.com','2022-01-27 13:42:28','2022-01-27 13:42:28'),
	(826,388,'Dr. Rosie Marquardt','torp.wilton@mayer.info','2022-01-27 13:42:28','2022-01-27 13:42:28'),
	(827,212,'Prof. Mateo Gutmann V','russell45@cartwright.net','2022-01-27 13:42:28','2022-01-27 13:42:28'),
	(828,450,'Prof. Ara Braun DVM','jpfeffer@yahoo.com','2022-01-27 13:42:28','2022-01-27 13:42:28'),
	(829,422,'Ms. Vesta Mosciski','gokuneva@gleason.net','2022-01-27 13:42:28','2022-01-27 13:42:28'),
	(830,582,'Elouise Legros MD','snienow@yahoo.com','2022-01-27 13:42:28','2022-01-27 13:42:28'),
	(831,412,'Norma Kirlin PhD','arch.heaney@witting.com','2022-01-27 13:42:28','2022-01-27 13:42:28'),
	(832,54,'Abigale Franecki Jr.','raymond.boehm@yahoo.com','2022-01-27 13:42:28','2022-01-27 13:42:28'),
	(833,478,'Madisyn Zulauf','erdman.alana@miller.info','2022-01-27 13:42:28','2022-01-27 13:42:28'),
	(834,63,'Forrest Wunsch','adickinson@yahoo.com','2022-01-27 13:42:28','2022-01-27 13:42:28'),
	(835,467,'Lottie Reichel IV','rolfson.edythe@hotmail.com','2022-01-27 13:42:28','2022-01-27 13:42:28'),
	(836,512,'Eddie Bednar','kyleigh86@gmail.com','2022-01-27 13:42:28','2022-01-27 13:42:28'),
	(837,29,'Miss Celestine Hintz','baumbach.amaya@hettinger.org','2022-01-27 13:42:28','2022-01-27 13:42:28'),
	(838,208,'Dr. Lonnie Wilderman','kfunk@yahoo.com','2022-01-27 13:42:28','2022-01-27 13:42:28'),
	(839,437,'Retha Walker','nora.stanton@ruecker.com','2022-01-27 13:42:28','2022-01-27 13:42:28'),
	(840,345,'Icie Schiller','krajcik.keaton@schumm.com','2022-01-27 13:42:28','2022-01-27 13:42:28'),
	(841,573,'Eve Langosh','matteo.blanda@beatty.com','2022-01-27 13:42:28','2022-01-27 13:42:28'),
	(842,196,'Electa Bergstrom','cheyenne82@gmail.com','2022-01-27 13:42:28','2022-01-27 13:42:28'),
	(843,284,'Abdullah Hessel DVM','tromp.gilbert@hotmail.com','2022-01-27 13:42:28','2022-01-27 13:42:28'),
	(844,434,'Ms. Kaia Ernser II','mtrantow@mckenzie.info','2022-01-27 13:42:28','2022-01-27 13:42:28'),
	(845,480,'Alexa Zemlak','favian02@farrell.com','2022-01-27 13:42:28','2022-01-27 13:42:28'),
	(846,480,'Jermey Toy','cali71@johnston.com','2022-01-27 13:42:28','2022-01-27 13:42:28'),
	(847,117,'Furman O\'Kon','nadia.wunsch@gmail.com','2022-01-27 13:42:28','2022-01-27 13:42:28'),
	(848,548,'Destini Ullrich','moriah.runolfsson@gmail.com','2022-01-27 13:42:28','2022-01-27 13:42:28'),
	(849,547,'Adrianna Klocko IV','nienow.fred@hotmail.com','2022-01-27 13:42:28','2022-01-27 13:42:28'),
	(850,336,'Prof. Violette Johns Sr.','mboehm@bartoletti.org','2022-01-27 13:42:28','2022-01-27 13:42:28'),
	(851,448,'Abraham Cassin','collins.pablo@howell.com','2022-01-27 13:42:28','2022-01-27 13:42:28'),
	(852,444,'Mrs. Salma Strosin I','trantow.laurie@quitzon.com','2022-01-27 13:42:28','2022-01-27 13:42:28'),
	(853,433,'Nora Lemke','tkemmer@mills.org','2022-01-27 13:42:28','2022-01-27 13:42:28'),
	(854,121,'Jalen Heathcote','ujerde@gmail.com','2022-01-27 13:42:28','2022-01-27 13:42:28'),
	(855,55,'Jamel Haley','xkautzer@hotmail.com','2022-01-27 13:42:28','2022-01-27 13:42:28'),
	(856,166,'Nya Klein','zachariah.tromp@yahoo.com','2022-01-27 13:42:28','2022-01-27 13:42:28'),
	(857,131,'Shakira Nienow','ramiro25@adams.com','2022-01-27 13:42:28','2022-01-27 13:42:28'),
	(858,525,'Kimberly Howe','mfriesen@hotmail.com','2022-01-27 13:42:28','2022-01-27 13:42:28'),
	(859,157,'Ashton Conroy','stevie71@pouros.com','2022-01-27 13:42:28','2022-01-27 13:42:28'),
	(860,368,'Mr. Sid Windler','ajohnston@hotmail.com','2022-01-27 13:42:28','2022-01-27 13:42:28'),
	(861,65,'Emmet Vandervort','dickens.ara@gerhold.biz','2022-01-27 13:42:28','2022-01-27 13:42:28'),
	(862,433,'Dr. Linwood Stoltenberg III','mohr.noel@heller.biz','2022-01-27 13:42:28','2022-01-27 13:42:28'),
	(863,177,'Prof. Kenny Powlowski I','keebler.alberto@yahoo.com','2022-01-27 13:42:28','2022-01-27 13:42:28'),
	(864,137,'Tamia Rosenbaum','sparisian@mueller.com','2022-01-27 13:42:28','2022-01-27 13:42:28'),
	(865,482,'Bryana Casper','jakubowski.alvera@gmail.com','2022-01-27 13:42:28','2022-01-27 13:42:28'),
	(866,48,'Una Wuckert','amani95@hotmail.com','2022-01-27 13:42:28','2022-01-27 13:42:28'),
	(867,298,'Prof. Adelbert Harvey PhD','jaskolski.joy@yahoo.com','2022-01-27 13:42:28','2022-01-27 13:42:28'),
	(868,359,'Dejon Bradtke','daniella.langosh@gmail.com','2022-01-27 13:42:28','2022-01-27 13:42:28'),
	(869,418,'Marianna Conroy','marvin.braulio@borer.com','2022-01-27 13:42:28','2022-01-27 13:42:28'),
	(870,375,'Mr. Elmo Gutmann','imelda38@yahoo.com','2022-01-27 13:42:28','2022-01-27 13:42:28'),
	(871,541,'Mrs. Virginia Crist I','javonte57@gmail.com','2022-01-27 13:42:28','2022-01-27 13:42:28'),
	(872,217,'Kiarra Bartoletti','qmertz@gmail.com','2022-01-27 13:42:28','2022-01-27 13:42:28'),
	(873,131,'Alden Gerlach II','zjohns@yahoo.com','2022-01-27 13:42:28','2022-01-27 13:42:28'),
	(874,36,'Summer Stark','hintz.laney@gmail.com','2022-01-27 13:42:28','2022-01-27 13:42:28'),
	(875,237,'Bryana Mayert','ekuvalis@rippin.com','2022-01-27 13:42:28','2022-01-27 13:42:28'),
	(876,174,'Angelo Gerlach','kemmer.sally@gmail.com','2022-01-27 13:42:28','2022-01-27 13:42:28'),
	(877,533,'Jamil Kozey','batz.ulises@murphy.info','2022-01-27 13:42:28','2022-01-27 13:42:28'),
	(878,507,'Mrs. Wilma Medhurst','amira98@kiehn.net','2022-01-27 13:42:28','2022-01-27 13:42:28'),
	(879,456,'Brain Wiegand PhD','emilio13@gulgowski.net','2022-01-27 13:42:28','2022-01-27 13:42:28'),
	(880,225,'Prof. Wava Luettgen MD','violette84@brown.info','2022-01-27 13:42:28','2022-01-27 13:42:28'),
	(881,18,'Kitty Morissette','einar38@hotmail.com','2022-01-27 13:42:28','2022-01-27 13:42:28'),
	(882,119,'Prof. Freddie Stiedemann Sr.','hoppe.palma@hotmail.com','2022-01-27 13:42:28','2022-01-27 13:42:28'),
	(883,510,'Manley Schultz I','wbogisich@stark.org','2022-01-27 13:42:28','2022-01-27 13:42:28'),
	(884,315,'Ryley Roob','streich.tierra@gmail.com','2022-01-27 13:42:28','2022-01-27 13:42:28'),
	(885,196,'Javonte Stark','kirsten35@yahoo.com','2022-01-27 13:42:28','2022-01-27 13:42:28'),
	(886,593,'Sarina Osinski','ola47@yahoo.com','2022-01-27 13:42:28','2022-01-27 13:42:28'),
	(887,70,'Dr. Jeffery Nicolas','krutherford@roob.com','2022-01-27 13:42:28','2022-01-27 13:42:28'),
	(888,249,'Valerie Schmidt','aylin54@yahoo.com','2022-01-27 13:42:28','2022-01-27 13:42:28'),
	(889,566,'Ilene Johnson','esta.dibbert@leuschke.com','2022-01-27 13:42:28','2022-01-27 13:42:28'),
	(890,464,'Christopher Bergnaum','ihirthe@hotmail.com','2022-01-27 13:42:28','2022-01-27 13:42:28'),
	(891,107,'Dr. Filiberto Schuster','conner65@gmail.com','2022-01-27 13:42:28','2022-01-27 13:42:28'),
	(892,356,'Miss Chelsea Turner I','zroob@yahoo.com','2022-01-27 13:42:28','2022-01-27 13:42:28'),
	(893,566,'Henriette Kilback','jovani70@gmail.com','2022-01-27 13:42:28','2022-01-27 13:42:28'),
	(894,306,'Melba Nitzsche','douglas.shane@nader.com','2022-01-27 13:42:28','2022-01-27 13:42:28'),
	(895,265,'Prof. Louvenia Nitzsche Sr.','willow77@berge.org','2022-01-27 13:42:28','2022-01-27 13:42:28'),
	(896,384,'Josefina Bauch','dorian.dickinson@pfeffer.com','2022-01-27 13:42:28','2022-01-27 13:42:28'),
	(897,554,'Cleta Bednar','emmanuelle.aufderhar@moore.info','2022-01-27 13:42:28','2022-01-27 13:42:28'),
	(898,550,'Alysa Beatty','leuschke.tyrique@walter.com','2022-01-27 13:42:28','2022-01-27 13:42:28'),
	(899,44,'Jimmy O\'Keefe','predovic.nicolas@gmail.com','2022-01-27 13:42:28','2022-01-27 13:42:28'),
	(900,201,'Mr. Demetrius Roob','vallie45@sawayn.net','2022-01-27 13:42:28','2022-01-27 13:42:28'),
	(901,135,'Steve Sanford','tkuphal@hotmail.com','2022-01-27 13:42:28','2022-01-27 13:42:28'),
	(902,529,'Adelia Prohaska','ariane.gerhold@yahoo.com','2022-01-27 13:42:28','2022-01-27 13:42:28'),
	(903,261,'Jazmyn Robel','kadin.waelchi@purdy.com','2022-01-27 13:42:28','2022-01-27 13:42:28'),
	(904,88,'Miss Haylie Sanford','hquigley@cronin.com','2022-01-27 13:42:28','2022-01-27 13:42:28'),
	(905,18,'Kayla Bednar','constance36@funk.com','2022-01-27 13:42:28','2022-01-27 13:42:28'),
	(906,354,'Kaylin McLaughlin','azieme@gmail.com','2022-01-27 13:42:28','2022-01-27 13:42:28'),
	(907,265,'Miss Katheryn Baumbach MD','hardy53@hotmail.com','2022-01-27 13:42:28','2022-01-27 13:42:28'),
	(908,14,'Mrs. Janet Ullrich','uorn@gmail.com','2022-01-27 13:42:28','2022-01-27 13:42:28'),
	(909,64,'Dr. Cheyenne Herman III','pearline.kerluke@altenwerth.com','2022-01-27 13:42:28','2022-01-27 13:42:28'),
	(910,175,'Sydney Ratke','lkunde@bradtke.org','2022-01-27 13:42:28','2022-01-27 13:42:28'),
	(911,389,'Noe Crist','schulist.lenora@yahoo.com','2022-01-27 13:42:28','2022-01-27 13:42:28'),
	(912,2,'Ms. Aisha Corwin','mallie.kilback@yahoo.com','2022-01-27 13:42:28','2022-01-27 13:42:28'),
	(913,189,'Dawn Bruen','stanton.fermin@veum.info','2022-01-27 13:42:28','2022-01-27 13:42:28'),
	(914,393,'Harvey Hackett','liliana07@yahoo.com','2022-01-27 13:42:28','2022-01-27 13:42:28'),
	(915,410,'Bret Kilback','reyna27@steuber.biz','2022-01-27 13:42:28','2022-01-27 13:42:28'),
	(916,379,'Alisa Wunsch','fletcher96@yahoo.com','2022-01-27 13:42:28','2022-01-27 13:42:28'),
	(917,461,'Hoyt Leffler','sporer.kirstin@hotmail.com','2022-01-27 13:42:28','2022-01-27 13:42:28'),
	(918,2,'Vinnie Lesch','mann.clarissa@yahoo.com','2022-01-27 13:42:28','2022-01-27 13:42:28'),
	(919,434,'Dr. Pattie Wilkinson Sr.','iupton@price.com','2022-01-27 13:42:28','2022-01-27 13:42:28'),
	(920,433,'Moshe Armstrong I','schamberger.damian@osinski.com','2022-01-27 13:42:28','2022-01-27 13:42:28'),
	(921,525,'Maryjane Bradtke III','xprosacco@yahoo.com','2022-01-27 13:42:28','2022-01-27 13:42:28'),
	(922,562,'Winona Kautzer','nicolas.yundt@gmail.com','2022-01-27 13:42:28','2022-01-27 13:42:28'),
	(923,124,'Johnnie Gibson','rory.walker@gmail.com','2022-01-27 13:42:28','2022-01-27 13:42:28'),
	(924,552,'Danny Schuppe','viva36@reichert.org','2022-01-27 13:42:28','2022-01-27 13:42:28'),
	(925,166,'Jarret Leannon','sammy.dibbert@hotmail.com','2022-01-27 13:42:28','2022-01-27 13:42:28'),
	(926,548,'Juwan Kub','geoffrey.effertz@yahoo.com','2022-01-27 13:42:28','2022-01-27 13:42:28'),
	(927,390,'Dr. Chad Schmeler DVM','parker.felicia@hotmail.com','2022-01-27 13:42:28','2022-01-27 13:42:28'),
	(928,472,'Prof. Geovanny Cruickshank PhD','arden.greenfelder@hotmail.com','2022-01-27 13:42:28','2022-01-27 13:42:28'),
	(929,90,'Demarcus Deckow','cronin.gunner@lockman.info','2022-01-27 13:42:28','2022-01-27 13:42:28'),
	(930,360,'Mallory Berge','angelo99@gmail.com','2022-01-27 13:42:28','2022-01-27 13:42:28'),
	(931,269,'Dewitt Ondricka','spinka.andreanne@effertz.com','2022-01-27 13:42:28','2022-01-27 13:42:28'),
	(932,438,'Edna Watsica','reichert.keeley@green.net','2022-01-27 13:42:28','2022-01-27 13:42:28'),
	(933,65,'Prof. Gillian Medhurst','alf20@gmail.com','2022-01-27 13:42:28','2022-01-27 13:42:28'),
	(934,573,'Miss Keely Ferry III','sydnie.dickinson@yahoo.com','2022-01-27 13:42:28','2022-01-27 13:42:28'),
	(935,419,'Desmond Reilly','heaney.noel@spencer.com','2022-01-27 13:42:28','2022-01-27 13:42:28'),
	(936,201,'Barbara Johns','trisha77@gmail.com','2022-01-27 13:42:28','2022-01-27 13:42:28'),
	(937,27,'Boris Heidenreich','augustine.bruen@yahoo.com','2022-01-27 13:42:28','2022-01-27 13:42:28'),
	(938,492,'Herminio Willms','claud.fisher@bednar.com','2022-01-27 13:42:28','2022-01-27 13:42:28'),
	(939,229,'Jadon Stracke','pbosco@nicolas.com','2022-01-27 13:42:28','2022-01-27 13:42:28'),
	(940,13,'Lucas Corkery','kenya.braun@hotmail.com','2022-01-27 13:42:28','2022-01-27 13:42:28'),
	(941,554,'Branson Harris','floy14@hotmail.com','2022-01-27 13:42:28','2022-01-27 13:42:28'),
	(942,579,'Howell Kulas','theron.luettgen@gmail.com','2022-01-27 13:42:28','2022-01-27 13:42:28'),
	(943,557,'Mozell Kirlin','cecilia52@gmail.com','2022-01-27 13:42:28','2022-01-27 13:42:28'),
	(944,236,'Dedrick Robel','bogisich.marilie@hotmail.com','2022-01-27 13:42:28','2022-01-27 13:42:28'),
	(945,267,'Jarret Hayes','terence.lemke@yahoo.com','2022-01-27 13:42:28','2022-01-27 13:42:28'),
	(946,216,'Vance Hartmann','orlando.luettgen@gmail.com','2022-01-27 13:42:28','2022-01-27 13:42:28'),
	(947,136,'Jettie Friesen I','erin.rau@stoltenberg.com','2022-01-27 13:42:28','2022-01-27 13:42:28'),
	(948,542,'Jorge Zieme','stracke.selina@gmail.com','2022-01-27 13:42:28','2022-01-27 13:42:28'),
	(949,482,'Brittany Reynolds','labadie.estrella@yahoo.com','2022-01-27 13:42:28','2022-01-27 13:42:28'),
	(950,538,'Mrs. Nikita Hirthe','dkassulke@hotmail.com','2022-01-27 13:42:28','2022-01-27 13:42:28'),
	(951,33,'Mrs. Shaina O\'Connell MD','alice.weissnat@hotmail.com','2022-01-27 13:42:28','2022-01-27 13:42:28'),
	(952,480,'Prof. Adah Feil','sipes.marshall@harris.com','2022-01-27 13:42:28','2022-01-27 13:42:28'),
	(953,260,'Sydnie Heathcote','ezekiel.glover@klein.net','2022-01-27 13:42:28','2022-01-27 13:42:28'),
	(954,532,'Reyes Luettgen I','dicki.mollie@thiel.com','2022-01-27 13:42:28','2022-01-27 13:42:28'),
	(955,184,'Jennyfer Stanton III','kuhlman.zachary@yahoo.com','2022-01-27 13:42:28','2022-01-27 13:42:28'),
	(956,198,'Juana Erdman PhD','ymorissette@hotmail.com','2022-01-27 13:42:28','2022-01-27 13:42:28'),
	(957,159,'Myriam Turner Jr.','lester50@hotmail.com','2022-01-27 13:42:28','2022-01-27 13:42:28'),
	(958,514,'Vito Morar','harber.bryon@ondricka.com','2022-01-27 13:42:28','2022-01-27 13:42:28'),
	(959,248,'Arnold Crona','zschneider@stehr.com','2022-01-27 13:42:28','2022-01-27 13:42:28'),
	(960,143,'Lennie Kohler','lindsey60@hotmail.com','2022-01-27 13:42:28','2022-01-27 13:42:28'),
	(961,447,'Dr. Jedediah Cassin','huel.kelley@robel.info','2022-01-27 13:42:28','2022-01-27 13:42:28'),
	(962,431,'Minnie Rippin','elenor40@hotmail.com','2022-01-27 13:42:28','2022-01-27 13:42:28'),
	(963,177,'Mr. Herbert Nicolas Sr.','zachariah70@emard.com','2022-01-27 13:42:28','2022-01-27 13:42:28'),
	(964,72,'Damien Harber','kaley39@sauer.com','2022-01-27 13:42:28','2022-01-27 13:42:28'),
	(965,590,'Dr. Alexanne Walter IV','eichmann.pablo@kiehn.com','2022-01-27 13:42:28','2022-01-27 13:42:28'),
	(966,165,'Dr. Grayce Tromp','qbogisich@balistreri.com','2022-01-27 13:42:28','2022-01-27 13:42:28'),
	(967,379,'Ms. Kira Legros III','howe.wiley@gerhold.com','2022-01-27 13:42:28','2022-01-27 13:42:28'),
	(968,109,'Ms. Katelyn Gulgowski','bradtke.ernestine@rippin.biz','2022-01-27 13:42:28','2022-01-27 13:42:28'),
	(969,455,'Ashlee Yost I','freddy.huel@prosacco.info','2022-01-27 13:42:28','2022-01-27 13:42:28'),
	(970,105,'Mr. Louvenia Schuppe','rosenbaum.janie@johnson.com','2022-01-27 13:42:28','2022-01-27 13:42:28'),
	(971,109,'Mafalda Schamberger MD','eheller@hotmail.com','2022-01-27 13:42:28','2022-01-27 13:42:28'),
	(972,230,'Max Feil II','oreilly.isadore@gmail.com','2022-01-27 13:42:28','2022-01-27 13:42:28'),
	(973,348,'Dr. Nathanial Graham','ustrosin@marks.com','2022-01-27 13:42:28','2022-01-27 13:42:28'),
	(974,264,'Garret Gleason','kris.domingo@yahoo.com','2022-01-27 13:42:28','2022-01-27 13:42:28'),
	(975,401,'Charles Krajcik','bonnie92@fritsch.org','2022-01-27 13:42:28','2022-01-27 13:42:28'),
	(976,130,'Prof. Iliana Hamill','eveline.bosco@hotmail.com','2022-01-27 13:42:28','2022-01-27 13:42:28'),
	(977,25,'Yoshiko Hill Sr.','brain94@medhurst.net','2022-01-27 13:42:28','2022-01-27 13:42:28'),
	(978,385,'Alphonso Kulas','predovic.issac@yahoo.com','2022-01-27 13:42:28','2022-01-27 13:42:28'),
	(979,441,'Mr. Kameron Christiansen','jkub@herzog.com','2022-01-27 13:42:28','2022-01-27 13:42:28'),
	(980,488,'Rachel Hagenes','crooks.melvina@halvorson.net','2022-01-27 13:42:28','2022-01-27 13:42:28'),
	(981,122,'Ms. Sophie Hansen PhD','huels.anabel@ward.info','2022-01-27 13:42:28','2022-01-27 13:42:28'),
	(982,525,'Kasey Cassin','hertha.marks@waters.com','2022-01-27 13:42:28','2022-01-27 13:42:28'),
	(983,440,'Thelma Rice','deborah98@walker.com','2022-01-27 13:42:28','2022-01-27 13:42:28'),
	(984,394,'Kian Rau','ydooley@hotmail.com','2022-01-27 13:42:28','2022-01-27 13:42:28'),
	(985,78,'Meagan Bruen','tfarrell@gmail.com','2022-01-27 13:42:28','2022-01-27 13:42:28'),
	(986,599,'Dr. Karley Klein','wjones@gmail.com','2022-01-27 13:42:28','2022-01-27 13:42:28'),
	(987,250,'Mrs. Kayli Treutel','gwendolyn.wisozk@weimann.com','2022-01-27 13:42:28','2022-01-27 13:42:28'),
	(988,268,'Hertha Abernathy Jr.','darrick24@damore.com','2022-01-27 13:42:28','2022-01-27 13:42:28'),
	(989,572,'Miss Margret Runolfsson IV','eldora49@spinka.com','2022-01-27 13:42:28','2022-01-27 13:42:28'),
	(990,591,'Carole Ruecker','aturcotte@cummerata.com','2022-01-27 13:42:28','2022-01-27 13:42:28'),
	(991,4,'Prof. Keeley Hand III','gwiegand@gmail.com','2022-01-27 13:42:28','2022-01-27 13:42:28'),
	(992,559,'Nikko Beahan','ashton12@hotmail.com','2022-01-27 13:42:28','2022-01-27 13:42:28'),
	(993,330,'Myah Roob','wisozk.giuseppe@hotmail.com','2022-01-27 13:42:28','2022-01-27 13:42:28'),
	(994,230,'Sterling O\'Hara','spinka.ryan@hotmail.com','2022-01-27 13:42:28','2022-01-27 13:42:28'),
	(995,294,'Issac Breitenberg','colin.brown@hotmail.com','2022-01-27 13:42:28','2022-01-27 13:42:28'),
	(996,322,'Lionel Bechtelar DVM','margaret95@hotmail.com','2022-01-27 13:42:28','2022-01-27 13:42:28'),
	(997,480,'Tyreek Cummerata','sylvan38@yahoo.com','2022-01-27 13:42:28','2022-01-27 13:42:28'),
	(998,396,'Celia Osinski','anthony10@jaskolski.com','2022-01-27 13:42:28','2022-01-27 13:42:28'),
	(999,586,'Bernie Rice PhD','marjolaine56@mclaughlin.biz','2022-01-27 13:42:28','2022-01-27 13:42:28'),
	(1000,98,'Lavonne Greenfelder','stacy84@jerde.com','2022-01-27 13:42:28','2022-01-27 13:42:28'),
	(1001,59,'Harold Jerde','schowalter.monica@friesen.com','2022-01-27 13:42:28','2022-01-27 13:42:28'),
	(1002,387,'Immanuel Dooley','genesis83@miller.com','2022-01-27 13:42:28','2022-01-27 13:42:28'),
	(1003,180,'Kian Goldner','electa85@yahoo.com','2022-01-27 13:42:28','2022-01-27 13:42:28'),
	(1004,468,'Ibrahim Berge','gprohaska@hotmail.com','2022-01-27 13:42:28','2022-01-27 13:42:28'),
	(1005,30,'Britney Gibson','heathcote.julia@yahoo.com','2022-01-27 13:42:28','2022-01-27 13:42:28'),
	(1006,257,'Nathen Crooks','tromp.nicholaus@feest.org','2022-01-27 13:42:28','2022-01-27 13:42:28'),
	(1007,131,'Lucie Ziemann','daija32@kohler.info','2022-01-27 13:42:28','2022-01-27 13:42:28'),
	(1008,140,'Patsy Lang','jacobson.raven@gmail.com','2022-01-27 13:42:28','2022-01-27 13:42:28'),
	(1009,48,'Ezra Grimes','kobe.paucek@yahoo.com','2022-01-27 13:42:28','2022-01-27 13:42:28'),
	(1010,291,'Callie Schmeler','zdavis@gmail.com','2022-01-27 13:42:28','2022-01-27 13:42:28'),
	(1011,456,'Oren Cassin','hwilkinson@hotmail.com','2022-01-27 13:42:28','2022-01-27 13:42:28'),
	(1012,97,'Carmelo Denesik','treynolds@hotmail.com','2022-01-27 13:42:28','2022-01-27 13:42:28'),
	(1013,148,'Mohammad Satterfield','irau@heidenreich.com','2022-01-27 13:42:28','2022-01-27 13:42:28'),
	(1014,84,'Okey Kunde IV','barbara.vandervort@yahoo.com','2022-01-27 13:42:28','2022-01-27 13:42:28'),
	(1015,353,'Everardo Macejkovic DVM','alemke@gulgowski.net','2022-01-27 13:42:28','2022-01-27 13:42:28'),
	(1016,430,'Danielle Bechtelar','leonie.torphy@goyette.info','2022-01-27 13:42:28','2022-01-27 13:42:28'),
	(1017,5,'Malcolm Balistreri','geffertz@hotmail.com','2022-01-27 13:42:28','2022-01-27 13:42:28'),
	(1018,286,'Ms. Isabella Murray I','mills.conrad@yahoo.com','2022-01-27 13:42:28','2022-01-27 13:42:28'),
	(1019,471,'Mauricio Gleason III','xavier.lindgren@yahoo.com','2022-01-27 13:42:28','2022-01-27 13:42:28'),
	(1020,491,'Quinton Jones','crist.turner@yahoo.com','2022-01-27 13:42:28','2022-01-27 13:42:28'),
	(1021,220,'Ms. Tyra Hermiston Jr.','floyd.wunsch@gmail.com','2022-01-27 13:42:28','2022-01-27 13:42:28'),
	(1022,81,'Cathy Batz','anya31@hotmail.com','2022-01-27 13:42:28','2022-01-27 13:42:28'),
	(1023,260,'Nigel Wiegand','brisa.hickle@hotmail.com','2022-01-27 13:42:28','2022-01-27 13:42:28'),
	(1024,459,'Raegan Deckow','bernardo.gleason@crooks.biz','2022-01-27 13:42:28','2022-01-27 13:42:28'),
	(1025,534,'Daisy Rau','yadira61@gmail.com','2022-01-27 13:42:28','2022-01-27 13:42:28'),
	(1026,446,'Prof. Russell Towne','boyle.kailee@gmail.com','2022-01-27 13:42:28','2022-01-27 13:42:28'),
	(1027,434,'Alessia Schuppe','echristiansen@gmail.com','2022-01-27 13:42:28','2022-01-27 13:42:28'),
	(1028,541,'Prof. Eleanora Jakubowski','johnathan42@yahoo.com','2022-01-27 13:42:28','2022-01-27 13:42:28'),
	(1029,165,'Dr. Vanessa Legros','aspencer@ullrich.com','2022-01-27 13:42:28','2022-01-27 13:42:28'),
	(1030,272,'Ulices Raynor','ward.stroman@marvin.net','2022-01-27 13:42:28','2022-01-27 13:42:28'),
	(1031,162,'Kacey Volkman','kristopher74@hotmail.com','2022-01-27 13:42:28','2022-01-27 13:42:28'),
	(1032,56,'Mrs. Rosina Veum MD','dswift@langworth.org','2022-01-27 13:42:28','2022-01-27 13:42:28'),
	(1033,568,'Edgardo Johns DVM','ana.quitzon@grimes.com','2022-01-27 13:42:28','2022-01-27 13:42:28'),
	(1034,530,'Joy Ernser','rath.duane@murazik.com','2022-01-27 13:42:28','2022-01-27 13:42:28'),
	(1035,438,'Justyn Aufderhar','mnicolas@yahoo.com','2022-01-27 13:42:28','2022-01-27 13:42:28'),
	(1036,125,'Bennett Berge','ansley40@bayer.biz','2022-01-27 13:42:28','2022-01-27 13:42:28'),
	(1037,171,'Yvette Schumm','farrell.joaquin@franecki.com','2022-01-27 13:42:28','2022-01-27 13:42:28'),
	(1038,200,'Christina Adams','audra46@botsford.info','2022-01-27 13:42:28','2022-01-27 13:42:28'),
	(1039,110,'Kacie Corkery Sr.','pfannerstill.deangelo@gmail.com','2022-01-27 13:42:28','2022-01-27 13:42:28'),
	(1040,60,'Narciso Rodriguez IV','berge.aimee@kreiger.biz','2022-01-27 13:42:28','2022-01-27 13:42:28'),
	(1041,483,'Garrison Heidenreich','milan60@hotmail.com','2022-01-27 13:42:28','2022-01-27 13:42:28'),
	(1042,16,'Hipolito Renner','breitenberg.judah@walsh.com','2022-01-27 13:42:28','2022-01-27 13:42:28'),
	(1043,99,'Ms. Sandra Eichmann II','hblick@dach.info','2022-01-27 13:42:28','2022-01-27 13:42:28'),
	(1044,456,'Lindsay Mayert','goyette.harvey@gmail.com','2022-01-27 13:42:28','2022-01-27 13:42:28'),
	(1045,210,'Stone Paucek','mckenzie.lucas@gmail.com','2022-01-27 13:42:28','2022-01-27 13:42:28'),
	(1046,534,'Colin Lynch','yschulist@hotmail.com','2022-01-27 13:42:28','2022-01-27 13:42:28'),
	(1047,520,'Prof. Rusty Reinger','madonna24@yundt.com','2022-01-27 13:42:28','2022-01-27 13:42:28'),
	(1048,365,'Orland Stokes','kquitzon@hotmail.com','2022-01-27 13:42:28','2022-01-27 13:42:28'),
	(1049,395,'Zackary Volkman','robbie.schinner@dickinson.com','2022-01-27 13:42:28','2022-01-27 13:42:28'),
	(1050,323,'Mohammed Spinka','walter.giles@gmail.com','2022-01-27 13:42:28','2022-01-27 13:42:28'),
	(1051,106,'Hunter Rice MD','konopelski.larry@roob.com','2022-01-27 13:42:28','2022-01-27 13:42:28'),
	(1052,77,'Dr. Phyllis Torp','schowalter.carrie@jerde.com','2022-01-27 13:42:28','2022-01-27 13:42:28'),
	(1053,325,'Bell Barton','becker.maximus@gmail.com','2022-01-27 13:42:28','2022-01-27 13:42:28'),
	(1054,88,'Mr. Mitchel Kling Sr.','wernser@hotmail.com','2022-01-27 13:42:28','2022-01-27 13:42:28'),
	(1055,371,'Prof. Kennedi Stanton DDS','hans49@legros.info','2022-01-27 13:42:28','2022-01-27 13:42:28'),
	(1056,278,'Imogene Macejkovic','bednar.tyrique@gmail.com','2022-01-27 13:42:28','2022-01-27 13:42:28'),
	(1057,173,'Lauren Marquardt','yadams@yahoo.com','2022-01-27 13:42:28','2022-01-27 13:42:28'),
	(1058,308,'Prof. Dusty Schumm','jamie.grimes@greenholt.com','2022-01-27 13:42:28','2022-01-27 13:42:28'),
	(1059,201,'Selena Fisher','parker75@marks.info','2022-01-27 13:42:28','2022-01-27 13:42:28'),
	(1060,426,'Lydia Botsford','zola.ferry@bogisich.com','2022-01-27 13:42:28','2022-01-27 13:42:28'),
	(1061,26,'Enrico Kertzmann','dayana.morar@gmail.com','2022-01-27 13:42:28','2022-01-27 13:42:28'),
	(1062,7,'Prof. Alejandrin Homenick Jr.','bria.gusikowski@lubowitz.info','2022-01-27 13:42:28','2022-01-27 13:42:28'),
	(1063,162,'Carrie Kozey','ckeebler@rice.com','2022-01-27 13:42:28','2022-01-27 13:42:28'),
	(1064,403,'Miss Kaylah Ward','unique.hessel@yahoo.com','2022-01-27 13:42:28','2022-01-27 13:42:28'),
	(1065,10,'Raleigh Kris','cordia.christiansen@gmail.com','2022-01-27 13:42:28','2022-01-27 13:42:28'),
	(1066,294,'Cecilia Harber','fharris@considine.com','2022-01-27 13:42:28','2022-01-27 13:42:28'),
	(1067,535,'Sallie McClure DDS','angie.pfeffer@bartoletti.com','2022-01-27 13:42:28','2022-01-27 13:42:28'),
	(1068,437,'Webster Powlowski','vivienne.roberts@yahoo.com','2022-01-27 13:42:28','2022-01-27 13:42:28'),
	(1069,429,'Ebba Gleason V','gregorio84@renner.info','2022-01-27 13:42:28','2022-01-27 13:42:28'),
	(1070,218,'Salvador Deckow','mflatley@hotmail.com','2022-01-27 13:42:28','2022-01-27 13:42:28'),
	(1071,580,'Oren Effertz','richie.goldner@yahoo.com','2022-01-27 13:42:28','2022-01-27 13:42:28'),
	(1072,474,'Mr. Lavern Padberg III','hanna83@abshire.org','2022-01-27 13:42:28','2022-01-27 13:42:28'),
	(1073,288,'Alverta Krajcik','morar.verna@yahoo.com','2022-01-27 13:42:28','2022-01-27 13:42:28'),
	(1074,195,'Mr. Edward Larkin','ycartwright@glover.com','2022-01-27 13:42:28','2022-01-27 13:42:28'),
	(1075,36,'Chasity Shields','beatty.karl@gmail.com','2022-01-27 13:42:28','2022-01-27 13:42:28'),
	(1076,81,'Jovany Lind','grant.jamaal@yahoo.com','2022-01-27 13:42:28','2022-01-27 13:42:28'),
	(1077,543,'Davon Thiel DDS','qwalsh@greenholt.com','2022-01-27 13:42:28','2022-01-27 13:42:28'),
	(1078,96,'Jeramy Schmeler','ohowell@predovic.com','2022-01-27 13:42:28','2022-01-27 13:42:28'),
	(1079,425,'Laurianne Olson IV','lebsack.lois@macejkovic.biz','2022-01-27 13:42:28','2022-01-27 13:42:28'),
	(1080,549,'Joy Pollich','jessica77@hotmail.com','2022-01-27 13:42:28','2022-01-27 13:42:28'),
	(1081,69,'Carrie Hintz','jdonnelly@schulist.com','2022-01-27 13:42:28','2022-01-27 13:42:28'),
	(1082,556,'Napoleon Bayer','omccullough@wuckert.com','2022-01-27 13:42:28','2022-01-27 13:42:28'),
	(1083,83,'Greta Price III','dorris.nolan@gmail.com','2022-01-27 13:42:28','2022-01-27 13:42:28'),
	(1084,283,'Isaias Breitenberg','mabel65@hotmail.com','2022-01-27 13:42:28','2022-01-27 13:42:28'),
	(1085,474,'Gloria Dickens IV','russel.reilly@gmail.com','2022-01-27 13:42:28','2022-01-27 13:42:28'),
	(1086,172,'Jaren Hartmann','zgutmann@gmail.com','2022-01-27 13:42:28','2022-01-27 13:42:28'),
	(1087,322,'Herbert Waelchi','slarson@parker.com','2022-01-27 13:42:28','2022-01-27 13:42:28'),
	(1088,182,'Dolly Willms II','tate00@yahoo.com','2022-01-27 13:42:28','2022-01-27 13:42:28'),
	(1089,159,'Mariah Bradtke','victoria61@hotmail.com','2022-01-27 13:42:28','2022-01-27 13:42:28'),
	(1090,45,'Roxane Schroeder','doyle.daryl@hotmail.com','2022-01-27 13:42:28','2022-01-27 13:42:28'),
	(1091,449,'Nathan Schoen II','rosalia32@gmail.com','2022-01-27 13:42:28','2022-01-27 13:42:28'),
	(1092,563,'Guy Hyatt','bernadine86@homenick.com','2022-01-27 13:42:28','2022-01-27 13:42:28'),
	(1093,222,'Noel Leffler PhD','timmy.macejkovic@yahoo.com','2022-01-27 13:42:28','2022-01-27 13:42:28'),
	(1094,388,'Brice Mann DVM','juliet.kub@hotmail.com','2022-01-27 13:42:28','2022-01-27 13:42:28'),
	(1095,13,'Gordon Jacobson','senger.mckenna@heathcote.com','2022-01-27 13:42:28','2022-01-27 13:42:28'),
	(1096,252,'Dr. Emerald Ziemann','fnitzsche@hotmail.com','2022-01-27 13:42:28','2022-01-27 13:42:28'),
	(1097,574,'Kyla Osinski','agleichner@yahoo.com','2022-01-27 13:42:28','2022-01-27 13:42:28'),
	(1098,549,'Noble Romaguera','qkling@gmail.com','2022-01-27 13:42:28','2022-01-27 13:42:28'),
	(1099,232,'Jeanne Stracke','katelin.smitham@gmail.com','2022-01-27 13:42:28','2022-01-27 13:42:28'),
	(1100,25,'Dr. Jules Mayert','jcasper@yahoo.com','2022-01-27 13:42:28','2022-01-27 13:42:28'),
	(1101,217,'Prof. Rosalinda Jacobi','maryse80@hotmail.com','2022-01-27 13:42:28','2022-01-27 13:42:28'),
	(1102,352,'General Ebert','hmoore@yahoo.com','2022-01-27 13:42:28','2022-01-27 13:42:28'),
	(1103,473,'Merl Crist','langworth.alexandre@gmail.com','2022-01-27 13:42:28','2022-01-27 13:42:28'),
	(1104,347,'Lea Marks PhD','monserrat.gutkowski@gmail.com','2022-01-27 13:42:28','2022-01-27 13:42:28'),
	(1105,358,'Dylan Torp','landen92@hotmail.com','2022-01-27 13:42:28','2022-01-27 13:42:28'),
	(1106,278,'Isac Mayer','lledner@hotmail.com','2022-01-27 13:42:28','2022-01-27 13:42:28'),
	(1107,169,'Roderick Bartoletti','adriana75@hotmail.com','2022-01-27 13:42:28','2022-01-27 13:42:28'),
	(1108,115,'Wiley Homenick','leonard.eichmann@yahoo.com','2022-01-27 13:42:28','2022-01-27 13:42:28'),
	(1109,16,'Sandra Boyle','rick.stiedemann@hotmail.com','2022-01-27 13:42:28','2022-01-27 13:42:28'),
	(1110,124,'Macy Treutel','estreich@yahoo.com','2022-01-27 13:42:28','2022-01-27 13:42:28'),
	(1111,112,'Mariam Becker','dfisher@gmail.com','2022-01-27 13:42:28','2022-01-27 13:42:28'),
	(1112,352,'Keshawn Stokes','cummerata.rollin@terry.com','2022-01-27 13:42:28','2022-01-27 13:42:28'),
	(1113,534,'Miss Hassie Nikolaus Jr.','conroy.kasandra@mante.biz','2022-01-27 13:42:28','2022-01-27 13:42:28'),
	(1114,41,'Dr. Tyrese Streich Sr.','lang.chelsie@gmail.com','2022-01-27 13:42:28','2022-01-27 13:42:28'),
	(1115,18,'Vada Schimmel','donnie.feil@towne.com','2022-01-27 13:42:28','2022-01-27 13:42:28'),
	(1116,358,'Melba Deckow','vern.cassin@gmail.com','2022-01-27 13:42:28','2022-01-27 13:42:28'),
	(1117,7,'Aaron Corwin','dallin57@effertz.com','2022-01-27 13:42:28','2022-01-27 13:42:28'),
	(1118,387,'Dr. Garett Padberg I','kuhlman.margarete@yahoo.com','2022-01-27 13:42:28','2022-01-27 13:42:28'),
	(1119,178,'Dora Beier III','myrtie.greenholt@sporer.info','2022-01-27 13:42:28','2022-01-27 13:42:28'),
	(1120,404,'Delbert Hoppe Sr.','seth.herman@corkery.com','2022-01-27 13:42:28','2022-01-27 13:42:28'),
	(1121,111,'Violette Conn DDS','denesik.hermann@gmail.com','2022-01-27 13:42:28','2022-01-27 13:42:28'),
	(1122,325,'Katelin Murray','pframi@mayer.com','2022-01-27 13:42:28','2022-01-27 13:42:28'),
	(1123,392,'Prof. Dameon Gibson','doyle.janae@yahoo.com','2022-01-27 13:42:28','2022-01-27 13:42:28'),
	(1124,151,'Prof. Sid McGlynn DDS','boehm.cora@blanda.org','2022-01-27 13:42:28','2022-01-27 13:42:28'),
	(1125,132,'Bridgette Murray','huels.foster@lemke.biz','2022-01-27 13:42:28','2022-01-27 13:42:28'),
	(1126,29,'Dr. Kaitlin Davis','babbott@yahoo.com','2022-01-27 13:42:28','2022-01-27 13:42:28'),
	(1127,493,'Parker Howell Sr.','ctowne@yahoo.com','2022-01-27 13:42:28','2022-01-27 13:42:28'),
	(1128,203,'Fanny Wehner','laurie.kirlin@hodkiewicz.com','2022-01-27 13:42:28','2022-01-27 13:42:28'),
	(1129,185,'Prof. Henry Dietrich','juwan13@hotmail.com','2022-01-27 13:42:28','2022-01-27 13:42:28'),
	(1130,40,'Elisa Haley','lorenz65@terry.com','2022-01-27 13:42:28','2022-01-27 13:42:28'),
	(1131,56,'Walter Deckow','mconsidine@fritsch.org','2022-01-27 13:42:28','2022-01-27 13:42:28'),
	(1132,218,'Prof. Friedrich Welch','dax69@hotmail.com','2022-01-27 13:42:28','2022-01-27 13:42:28'),
	(1133,200,'Presley Lynch','max.donnelly@feeney.net','2022-01-27 13:42:28','2022-01-27 13:42:28'),
	(1134,304,'Maudie Flatley','sbode@hotmail.com','2022-01-27 13:42:28','2022-01-27 13:42:28'),
	(1135,441,'Hilma Herzog Jr.','otto.heller@kuhn.org','2022-01-27 13:42:28','2022-01-27 13:42:28'),
	(1136,187,'Aisha Konopelski','dena.rogahn@huel.biz','2022-01-27 13:42:28','2022-01-27 13:42:28'),
	(1137,175,'Maureen Lockman','adrienne.kautzer@yahoo.com','2022-01-27 13:42:28','2022-01-27 13:42:28'),
	(1138,339,'Arvilla Thompson','rlangosh@gmail.com','2022-01-27 13:42:28','2022-01-27 13:42:28'),
	(1139,274,'Dr. Merl Cremin MD','fokuneva@beahan.com','2022-01-27 13:42:28','2022-01-27 13:42:28'),
	(1140,239,'Anya Roberts Jr.','haylie88@weber.info','2022-01-27 13:42:28','2022-01-27 13:42:28'),
	(1141,435,'Trudie Boyer','ocorkery@weissnat.com','2022-01-27 13:42:28','2022-01-27 13:42:28'),
	(1142,574,'Ms. Karlee Wisozk','qnicolas@gmail.com','2022-01-27 13:42:28','2022-01-27 13:42:28'),
	(1143,198,'Ms. Modesta Hoppe PhD','flo.bradtke@runolfsson.com','2022-01-27 13:42:28','2022-01-27 13:42:28'),
	(1144,157,'Dr. Ocie Spinka Sr.','powlowski.jamie@lemke.com','2022-01-27 13:42:28','2022-01-27 13:42:28'),
	(1145,462,'Madison Jerde','zander.reilly@strosin.org','2022-01-27 13:42:28','2022-01-27 13:42:28'),
	(1146,403,'Edythe Hoppe','margie09@gmail.com','2022-01-27 13:42:28','2022-01-27 13:42:28'),
	(1147,290,'Freeda Cruickshank','sabryna76@davis.com','2022-01-27 13:42:28','2022-01-27 13:42:28'),
	(1148,137,'Prof. Agustin Runte','ykertzmann@hotmail.com','2022-01-27 13:42:28','2022-01-27 13:42:28'),
	(1149,522,'Ayla Schoen IV','elvera.jacobs@gmail.com','2022-01-27 13:42:28','2022-01-27 13:42:28'),
	(1150,59,'Lacey Ebert PhD','hschmitt@eichmann.com','2022-01-27 13:42:28','2022-01-27 13:42:28'),
	(1151,243,'Manuela Koss','ayden29@stamm.net','2022-01-27 13:42:28','2022-01-27 13:42:28'),
	(1152,555,'Lester Koch III','vmurazik@hotmail.com','2022-01-27 13:42:28','2022-01-27 13:42:28'),
	(1153,75,'Prof. Hunter Lemke Sr.','letha.sanford@gorczany.com','2022-01-27 13:42:28','2022-01-27 13:42:28'),
	(1154,282,'Esther Casper','joanny.terry@swaniawski.biz','2022-01-27 13:42:28','2022-01-27 13:42:28'),
	(1155,331,'Terrence Gleichner','kkshlerin@gmail.com','2022-01-27 13:42:28','2022-01-27 13:42:28'),
	(1156,292,'August Konopelski','tfarrell@brekke.com','2022-01-27 13:42:28','2022-01-27 13:42:28'),
	(1157,562,'Miss Halie Fadel','ansel.hermiston@gislason.info','2022-01-27 13:42:28','2022-01-27 13:42:28'),
	(1158,467,'Mrs. Vivien Turcotte','blake.bosco@feest.org','2022-01-27 13:42:28','2022-01-27 13:42:28'),
	(1159,201,'Odessa Lakin','king.rhianna@hotmail.com','2022-01-27 13:42:28','2022-01-27 13:42:28'),
	(1160,161,'Alvis Olson DDS','chandler.jacobs@johnson.com','2022-01-27 13:42:28','2022-01-27 13:42:28'),
	(1161,372,'Dr. Orin Wehner DDS','grant.maynard@larkin.com','2022-01-27 13:42:28','2022-01-27 13:42:28'),
	(1162,73,'Reinhold Harris','zoe35@kuhn.com','2022-01-27 13:42:28','2022-01-27 13:42:28'),
	(1163,248,'Webster Stracke','xdare@yahoo.com','2022-01-27 13:42:28','2022-01-27 13:42:28'),
	(1164,71,'Dr. Evert Stehr','hudson.nikko@mitchell.org','2022-01-27 13:42:28','2022-01-27 13:42:28'),
	(1165,262,'Nicholas Weimann','cgislason@hammes.net','2022-01-27 13:42:28','2022-01-27 13:42:28'),
	(1166,206,'Prof. Jimmie Kilback PhD','smitham.rick@hansen.org','2022-01-27 13:42:28','2022-01-27 13:42:28'),
	(1167,190,'Dr. Jermey Tillman','amber.hartmann@gmail.com','2022-01-27 13:42:28','2022-01-27 13:42:28'),
	(1168,488,'Yasmin Lynch MD','considine.hertha@gmail.com','2022-01-27 13:42:28','2022-01-27 13:42:28'),
	(1169,283,'Bethany Hand','boyer.delphine@leannon.org','2022-01-27 13:42:28','2022-01-27 13:42:28'),
	(1170,323,'Sylvester Ankunding','allen.hahn@yahoo.com','2022-01-27 13:42:28','2022-01-27 13:42:28'),
	(1171,319,'Madyson Schroeder','fabiola24@yahoo.com','2022-01-27 13:42:28','2022-01-27 13:42:28'),
	(1172,540,'Janae Kunze DVM','okon.mohamed@christiansen.org','2022-01-27 13:42:28','2022-01-27 13:42:28'),
	(1173,130,'Dr. Melisa Balistreri','dibbert.robb@gmail.com','2022-01-27 13:42:28','2022-01-27 13:42:28'),
	(1174,108,'Julio Spinka','marina28@mclaughlin.com','2022-01-27 13:42:28','2022-01-27 13:42:28'),
	(1175,166,'Zaria Breitenberg','jamarcus.lehner@nienow.com','2022-01-27 13:42:28','2022-01-27 13:42:28'),
	(1176,538,'Lucie Strosin','alexandro.kling@yahoo.com','2022-01-27 13:42:28','2022-01-27 13:42:28'),
	(1177,76,'Prof. Kathlyn Strosin IV','jerod.windler@hotmail.com','2022-01-27 13:42:28','2022-01-27 13:42:28'),
	(1178,81,'Toby Torphy','roberts.alexane@yahoo.com','2022-01-27 13:42:28','2022-01-27 13:42:28'),
	(1179,41,'Damien Cassin','nicolette.schumm@schinner.com','2022-01-27 13:42:28','2022-01-27 13:42:28'),
	(1180,388,'Miss Precious Pouros','rae45@yahoo.com','2022-01-27 13:42:28','2022-01-27 13:42:28'),
	(1181,550,'Michel Zulauf','ileannon@hotmail.com','2022-01-27 13:42:28','2022-01-27 13:42:28'),
	(1182,508,'Sigmund Satterfield','pfannerstill.benedict@hotmail.com','2022-01-27 13:42:28','2022-01-27 13:42:28'),
	(1183,57,'Ms. Linnie Hermiston','olson.zoey@yahoo.com','2022-01-27 13:42:28','2022-01-27 13:42:28'),
	(1184,159,'Isaac Streich','hmitchell@hotmail.com','2022-01-27 13:42:28','2022-01-27 13:42:28'),
	(1185,207,'Jeromy Littel','leffler.chadd@stamm.biz','2022-01-27 13:42:28','2022-01-27 13:42:28'),
	(1186,481,'Kamron Yundt MD','elyssa.heaney@goyette.info','2022-01-27 13:42:28','2022-01-27 13:42:28'),
	(1187,442,'Vita Spencer','giles.shanahan@welch.net','2022-01-27 13:42:28','2022-01-27 13:42:28'),
	(1188,210,'Mrs. Kari Lind V','winona55@jacobson.com','2022-01-27 13:42:28','2022-01-27 13:42:28'),
	(1189,363,'Simeon Muller II','aabernathy@berge.org','2022-01-27 13:42:28','2022-01-27 13:42:28'),
	(1190,23,'Laury Durgan','jones.zoe@quitzon.net','2022-01-27 13:42:28','2022-01-27 13:42:28'),
	(1191,296,'Jarrell Leffler','yost.dale@haley.com','2022-01-27 13:42:28','2022-01-27 13:42:28'),
	(1192,165,'Prof. Noe Jacobi','fabiola23@hotmail.com','2022-01-27 13:42:28','2022-01-27 13:42:28'),
	(1193,29,'Amalia Jenkins DDS','jada54@hotmail.com','2022-01-27 13:42:28','2022-01-27 13:42:28'),
	(1194,87,'Van Mosciski','ernest65@emard.com','2022-01-27 13:42:28','2022-01-27 13:42:28'),
	(1195,190,'Mrs. Sister Murphy','renner.golda@bradtke.net','2022-01-27 13:42:28','2022-01-27 13:42:28'),
	(1196,367,'Tony O\'Connell','cayla67@moen.com','2022-01-27 13:42:28','2022-01-27 13:42:28'),
	(1197,342,'Dr. Xander Dicki','berta03@gmail.com','2022-01-27 13:42:28','2022-01-27 13:42:28'),
	(1198,281,'Teagan Boehm','buck40@yahoo.com','2022-01-27 13:42:28','2022-01-27 13:42:28'),
	(1199,18,'Dr. Marilou Hoppe','jon71@gmail.com','2022-01-27 13:42:28','2022-01-27 13:42:28'),
	(1200,461,'Prof. Camryn Leffler PhD','alivia.christiansen@botsford.biz','2022-01-27 13:42:28','2022-01-27 13:42:28'),
	(1201,590,'Christelle Morissette','matt.wilkinson@hotmail.com','2022-01-27 13:42:28','2022-01-27 13:42:28'),
	(1202,130,'Mrs. Myrtie Littel','gleichner.michael@lowe.com','2022-01-27 13:42:28','2022-01-27 13:42:28'),
	(1203,45,'Ms. Esther Bernhard','ymills@balistreri.net','2022-01-27 13:42:28','2022-01-27 13:42:28'),
	(1204,259,'Jace Larkin MD','hannah84@barrows.com','2022-01-27 13:42:28','2022-01-27 13:42:28'),
	(1205,112,'Asia Crist DVM','dylan.thompson@daniel.com','2022-01-27 13:42:28','2022-01-27 13:42:28'),
	(1206,296,'Sophia Beier','enos06@bahringer.com','2022-01-27 13:42:28','2022-01-27 13:42:28'),
	(1207,375,'Mr. Darrell Lehner','becker.estelle@gmail.com','2022-01-27 13:42:28','2022-01-27 13:42:28'),
	(1208,230,'Lucienne Wehner','tschimmel@yahoo.com','2022-01-27 13:42:28','2022-01-27 13:42:28'),
	(1209,160,'Prof. Katrina Walker','kilback.leif@gmail.com','2022-01-27 13:42:28','2022-01-27 13:42:28'),
	(1210,52,'Sister Dickens Jr.','phoebe.haag@gmail.com','2022-01-27 13:42:28','2022-01-27 13:42:28'),
	(1211,374,'Miss Amelie Pollich','sheathcote@lynch.com','2022-01-27 13:42:28','2022-01-27 13:42:28'),
	(1212,428,'Prof. Christine Jacobs DVM','berenice.ernser@hotmail.com','2022-01-27 13:42:28','2022-01-27 13:42:28'),
	(1213,424,'Ephraim Casper','nolan.irma@fahey.com','2022-01-27 13:42:28','2022-01-27 13:42:28'),
	(1214,22,'Zelda Reichel','graham.marquis@mann.com','2022-01-27 13:42:28','2022-01-27 13:42:28'),
	(1215,486,'Maia Connelly','qrobel@nikolaus.com','2022-01-27 13:42:28','2022-01-27 13:42:28'),
	(1216,343,'Vada Becker','rogahn.gerry@gmail.com','2022-01-27 13:42:28','2022-01-27 13:42:28'),
	(1217,370,'Verlie Brekke','waylon.mann@yahoo.com','2022-01-27 13:42:28','2022-01-27 13:42:28'),
	(1218,71,'Joseph Klocko','wendy35@roob.net','2022-01-27 13:42:28','2022-01-27 13:42:28'),
	(1219,569,'Liza Spinka','hermiston.corene@yahoo.com','2022-01-27 13:42:28','2022-01-27 13:42:28'),
	(1220,264,'Mrs. Alana Wiegand Sr.','justine.dickens@bins.net','2022-01-27 13:42:28','2022-01-27 13:42:28'),
	(1221,294,'Mr. Dedric Medhurst','kunde.hilton@mann.com','2022-01-27 13:42:28','2022-01-27 13:42:28'),
	(1222,548,'Jaqueline Rice','haley.jess@swift.com','2022-01-27 13:42:28','2022-01-27 13:42:28'),
	(1223,318,'Ms. Sylvia Grady PhD','jleannon@hotmail.com','2022-01-27 13:42:28','2022-01-27 13:42:28'),
	(1224,177,'Mrs. Shawna McGlynn','daugherty.aubree@effertz.com','2022-01-27 13:42:28','2022-01-27 13:42:28'),
	(1225,8,'Mr. Raoul Wunsch','slittle@mueller.com','2022-01-27 13:42:28','2022-01-27 13:42:28'),
	(1226,358,'Everett Boyle I','gkiehn@senger.com','2022-01-27 13:42:28','2022-01-27 13:42:28'),
	(1227,215,'Mr. Braden Cruickshank DVM','douglas.ondricka@keebler.biz','2022-01-27 13:42:28','2022-01-27 13:42:28'),
	(1228,588,'Alva Kautzer','ahmad86@kohler.com','2022-01-27 13:42:28','2022-01-27 13:42:28'),
	(1229,277,'Jaycee Krajcik DDS','mmorissette@casper.biz','2022-01-27 13:42:28','2022-01-27 13:42:28'),
	(1230,515,'Stephania Streich','ellis.schamberger@sawayn.biz','2022-01-27 13:42:28','2022-01-27 13:42:28'),
	(1231,395,'Monty Von','ckohler@hotmail.com','2022-01-27 13:42:28','2022-01-27 13:42:28'),
	(1232,13,'Kamille Bergstrom DDS','tessie96@hotmail.com','2022-01-27 13:42:28','2022-01-27 13:42:28'),
	(1233,119,'Mr. Quentin Huel','rolfson.maxwell@greenholt.org','2022-01-27 13:42:28','2022-01-27 13:42:28'),
	(1234,226,'Edmond Koelpin','patsy.johnston@yahoo.com','2022-01-27 13:42:28','2022-01-27 13:42:28'),
	(1235,420,'Hiram Schmeler','bethany72@legros.com','2022-01-27 13:42:28','2022-01-27 13:42:28'),
	(1236,307,'Prof. Carlos Welch','alycia96@gmail.com','2022-01-27 13:42:28','2022-01-27 13:42:28'),
	(1237,281,'Misty Pouros DVM','weissnat.horace@conroy.info','2022-01-27 13:42:28','2022-01-27 13:42:28'),
	(1238,219,'Dr. Randy Parisian','electa.corwin@bernhard.org','2022-01-27 13:42:28','2022-01-27 13:42:28'),
	(1239,449,'Mr. Manuel Murazik','bert03@fay.com','2022-01-27 13:42:28','2022-01-27 13:42:28'),
	(1240,498,'Adrian Gusikowski','adriel83@bartoletti.com','2022-01-27 13:42:28','2022-01-27 13:42:28'),
	(1241,460,'Doyle Moore Sr.','eleazar60@yahoo.com','2022-01-27 13:42:28','2022-01-27 13:42:28'),
	(1242,227,'Simone Franecki','cronin.lexi@gmail.com','2022-01-27 13:42:28','2022-01-27 13:42:28'),
	(1243,232,'Tom Botsford','mohr.alice@hotmail.com','2022-01-27 13:42:28','2022-01-27 13:42:28'),
	(1244,475,'Jules Maggio V','marian.zemlak@hotmail.com','2022-01-27 13:42:28','2022-01-27 13:42:28'),
	(1245,267,'Kasey Schuster','vluettgen@yahoo.com','2022-01-27 13:42:28','2022-01-27 13:42:28'),
	(1246,207,'Courtney Volkman II','zkozey@schaefer.net','2022-01-27 13:42:28','2022-01-27 13:42:28'),
	(1247,112,'Laurence Roberts','jacklyn.kub@gmail.com','2022-01-27 13:42:28','2022-01-27 13:42:28'),
	(1248,168,'Dr. Raven Pagac','toby.green@yahoo.com','2022-01-27 13:42:28','2022-01-27 13:42:28'),
	(1249,566,'Dr. Emma Quitzon V','alec.mclaughlin@grady.com','2022-01-27 13:42:28','2022-01-27 13:42:28'),
	(1250,395,'Neoma Fadel','lmarks@hotmail.com','2022-01-27 13:42:28','2022-01-27 13:42:28'),
	(1251,179,'Chase Hills','gbergstrom@gmail.com','2022-01-27 13:42:28','2022-01-27 13:42:28'),
	(1252,498,'Danny Hills Jr.','xwilkinson@pfeffer.com','2022-01-27 13:42:28','2022-01-27 13:42:28'),
	(1253,572,'Orion Hamill','heller.annabel@gmail.com','2022-01-27 13:42:28','2022-01-27 13:42:28'),
	(1254,1,'Eusebio Tromp','frederik04@gmail.com','2022-01-27 13:42:28','2022-01-27 13:42:28'),
	(1255,246,'Rodrick Mills','russel.rosina@gmail.com','2022-01-27 13:42:28','2022-01-27 13:42:28'),
	(1256,84,'Anjali Ziemann','weimann.einar@gmail.com','2022-01-27 13:42:28','2022-01-27 13:42:28'),
	(1257,127,'Lucio Ullrich','dominique03@hotmail.com','2022-01-27 13:42:28','2022-01-27 13:42:28'),
	(1258,316,'Mr. Ernesto Corwin MD','orie.watsica@hotmail.com','2022-01-27 13:42:28','2022-01-27 13:42:28'),
	(1259,502,'Macy Luettgen V','progahn@gmail.com','2022-01-27 13:42:28','2022-01-27 13:42:28'),
	(1260,72,'Prof. Hugh Hayes III','kaycee.schamberger@gmail.com','2022-01-27 13:42:28','2022-01-27 13:42:28'),
	(1261,237,'Torrey Metz PhD','littel.brennon@kuvalis.com','2022-01-27 13:42:28','2022-01-27 13:42:28'),
	(1262,164,'Garett Miller','cristina.hirthe@yahoo.com','2022-01-27 13:42:28','2022-01-27 13:42:28'),
	(1263,214,'Jayda Ortiz','alanna.frami@yahoo.com','2022-01-27 13:42:28','2022-01-27 13:42:28'),
	(1264,212,'Miss Cayla Prohaska II','aconroy@medhurst.info','2022-01-27 13:42:28','2022-01-27 13:42:28'),
	(1265,600,'Mr. Wilton Wisozk III','rrutherford@larkin.com','2022-01-27 13:42:28','2022-01-27 13:42:28'),
	(1266,462,'Yvette Shields','rosalia.moen@hansen.net','2022-01-27 13:42:28','2022-01-27 13:42:28'),
	(1267,383,'Dr. Adrain DuBuque II','xbogisich@turner.com','2022-01-27 13:42:28','2022-01-27 13:42:28'),
	(1268,238,'Meagan Casper','zmills@ankunding.com','2022-01-27 13:42:28','2022-01-27 13:42:28'),
	(1269,292,'Miss Elyssa Tillman','aoberbrunner@yahoo.com','2022-01-27 13:42:28','2022-01-27 13:42:28'),
	(1270,254,'Alisa Daniel','bkassulke@gmail.com','2022-01-27 13:42:28','2022-01-27 13:42:28'),
	(1271,69,'Mr. Blair Sporer','concepcion56@hartmann.com','2022-01-27 13:42:28','2022-01-27 13:42:28'),
	(1272,336,'Mr. Alvah Hauck I','hcrona@mayert.com','2022-01-27 13:42:28','2022-01-27 13:42:28'),
	(1273,407,'Dr. Abbie Price','chelsey11@gmail.com','2022-01-27 13:42:28','2022-01-27 13:42:28'),
	(1274,346,'Ms. Claudia Kuhic','langosh.ena@russel.com','2022-01-27 13:42:28','2022-01-27 13:42:28'),
	(1275,150,'Dr. Blanche Schmitt','aklein@dooley.info','2022-01-27 13:42:28','2022-01-27 13:42:28'),
	(1276,272,'Vesta Reichert','jena04@wolf.info','2022-01-27 13:42:28','2022-01-27 13:42:28'),
	(1277,64,'Tess Wilkinson','tremaine01@gmail.com','2022-01-27 13:42:28','2022-01-27 13:42:28'),
	(1278,16,'Vince Konopelski','philip40@yahoo.com','2022-01-27 13:42:28','2022-01-27 13:42:28'),
	(1279,243,'Miss Simone Lakin','tfeest@reynolds.com','2022-01-27 13:42:28','2022-01-27 13:42:28'),
	(1280,324,'Dulce Bahringer DDS','marielle82@farrell.biz','2022-01-27 13:42:28','2022-01-27 13:42:28'),
	(1281,304,'Dr. Deon Macejkovic PhD','karlie05@stehr.biz','2022-01-27 13:42:28','2022-01-27 13:42:28'),
	(1282,240,'Quinton O\'Hara PhD','neha.turner@west.biz','2022-01-27 13:42:28','2022-01-27 13:42:28'),
	(1283,327,'Jevon Stokes','esmeralda.jast@johnston.com','2022-01-27 13:42:28','2022-01-27 13:42:28'),
	(1284,440,'Brooklyn Littel','bailey.baylee@kerluke.info','2022-01-27 13:42:28','2022-01-27 13:42:28'),
	(1285,332,'Dewitt Ernser','kavon.dicki@sipes.org','2022-01-27 13:42:28','2022-01-27 13:42:28'),
	(1286,504,'Mrs. Melissa Heathcote V','bjerde@gmail.com','2022-01-27 13:42:28','2022-01-27 13:42:28'),
	(1287,453,'Prof. Dale Mraz','cierra22@yost.com','2022-01-27 13:42:28','2022-01-27 13:42:28'),
	(1288,529,'Arvel Dooley','fjerde@yahoo.com','2022-01-27 13:42:29','2022-01-27 13:42:29'),
	(1289,333,'Jana Barton','jackie.becker@gmail.com','2022-01-27 13:42:29','2022-01-27 13:42:29'),
	(1290,317,'Javon Huels','quitzon.jordon@hand.net','2022-01-27 13:42:29','2022-01-27 13:42:29'),
	(1291,283,'Meghan Steuber','stanton.schinner@hotmail.com','2022-01-27 13:42:29','2022-01-27 13:42:29'),
	(1292,208,'Sofia Jerde','eveline85@hotmail.com','2022-01-27 13:42:29','2022-01-27 13:42:29'),
	(1293,90,'Reanna Schmidt','jade.kihn@watsica.com','2022-01-27 13:42:29','2022-01-27 13:42:29'),
	(1294,397,'Milo Heller','kuhn.kaylin@hotmail.com','2022-01-27 13:42:29','2022-01-27 13:42:29'),
	(1295,371,'Prof. Samson Weber V','delbert78@veum.com','2022-01-27 13:42:29','2022-01-27 13:42:29'),
	(1296,333,'Dr. Beatrice Ernser V','dickens.tate@hotmail.com','2022-01-27 13:42:29','2022-01-27 13:42:29'),
	(1297,594,'Mr. Kayley Ward','armstrong.estell@yahoo.com','2022-01-27 13:42:29','2022-01-27 13:42:29'),
	(1298,316,'Dr. Robb Skiles DVM','bayer.axel@christiansen.com','2022-01-27 13:42:29','2022-01-27 13:42:29'),
	(1299,130,'Elwin Mertz','vandervort.cesar@gmail.com','2022-01-27 13:42:29','2022-01-27 13:42:29'),
	(1300,18,'Dayana Kuphal','carson03@altenwerth.com','2022-01-27 13:42:29','2022-01-27 13:42:29'),
	(1301,170,'Brandy Cruickshank','adeline.yost@gmail.com','2022-01-27 13:42:29','2022-01-27 13:42:29'),
	(1302,90,'Erika Auer','parker.cruz@hotmail.com','2022-01-27 13:42:29','2022-01-27 13:42:29'),
	(1303,439,'Prof. Barry Adams','ernesto26@fisher.com','2022-01-27 13:42:29','2022-01-27 13:42:29'),
	(1304,271,'Enos VonRueden','yparisian@hotmail.com','2022-01-27 13:42:29','2022-01-27 13:42:29'),
	(1305,84,'Prof. Agustina Fritsch','carmelo.bernier@nader.biz','2022-01-27 13:42:29','2022-01-27 13:42:29'),
	(1306,371,'Corine Sauer III','jackson92@yahoo.com','2022-01-27 13:42:29','2022-01-27 13:42:29'),
	(1307,405,'Claudine Jast','sylvan.bins@tillman.com','2022-01-27 13:42:29','2022-01-27 13:42:29'),
	(1308,161,'Delphia Pagac I','araceli78@yahoo.com','2022-01-27 13:42:29','2022-01-27 13:42:29'),
	(1309,183,'Marian Nitzsche','wschinner@bradtke.com','2022-01-27 13:42:29','2022-01-27 13:42:29'),
	(1310,511,'Layla Harber','mavis98@hotmail.com','2022-01-27 13:42:29','2022-01-27 13:42:29'),
	(1311,129,'Isabella Spinka','kub.hellen@koelpin.com','2022-01-27 13:42:29','2022-01-27 13:42:29'),
	(1312,7,'Prof. Madisen Casper','giovanni.parker@yahoo.com','2022-01-27 13:42:29','2022-01-27 13:42:29'),
	(1313,152,'Dr. Maximo Moen','oreilly.arlie@hotmail.com','2022-01-27 13:42:29','2022-01-27 13:42:29'),
	(1314,18,'Jaquelin Berge','yfeest@waters.com','2022-01-27 13:42:29','2022-01-27 13:42:29'),
	(1315,17,'Prof. Beatrice Cartwright DVM','klein.darian@hotmail.com','2022-01-27 13:42:29','2022-01-27 13:42:29'),
	(1316,273,'Marian Cartwright MD','nikki01@yahoo.com','2022-01-27 13:42:29','2022-01-27 13:42:29'),
	(1317,447,'Johanna Wunsch','randal.steuber@treutel.com','2022-01-27 13:42:29','2022-01-27 13:42:29'),
	(1318,432,'Tyra Bogisich','ohara.emilie@eichmann.com','2022-01-27 13:42:29','2022-01-27 13:42:29'),
	(1319,289,'Shea Borer','jailyn31@gmail.com','2022-01-27 13:42:29','2022-01-27 13:42:29'),
	(1320,286,'Jewel Thompson','xkuvalis@bashirian.com','2022-01-27 13:42:29','2022-01-27 13:42:29'),
	(1321,434,'Ruby Kub Sr.','dickens.bud@torphy.info','2022-01-27 13:42:29','2022-01-27 13:42:29'),
	(1322,527,'Bertram Graham','queenie.heathcote@gmail.com','2022-01-27 13:42:29','2022-01-27 13:42:29'),
	(1323,380,'Dr. Nels Hahn I','ohara.kelton@hotmail.com','2022-01-27 13:42:29','2022-01-27 13:42:29'),
	(1324,548,'Mrs. Jaquelin Franecki IV','strosin.schuyler@mann.com','2022-01-27 13:42:29','2022-01-27 13:42:29'),
	(1325,193,'Dr. Araceli Towne I','maximillia41@schowalter.com','2022-01-27 13:42:29','2022-01-27 13:42:29'),
	(1326,37,'Karson Hilpert','usanford@tromp.info','2022-01-27 13:42:29','2022-01-27 13:42:29'),
	(1327,319,'Abel McKenzie','abdiel.dibbert@yahoo.com','2022-01-27 13:42:29','2022-01-27 13:42:29'),
	(1328,569,'Jamarcus Quitzon','sadye.runolfsson@ratke.com','2022-01-27 13:42:29','2022-01-27 13:42:29'),
	(1329,420,'Haleigh Gibson DDS','wpfannerstill@yahoo.com','2022-01-27 13:42:29','2022-01-27 13:42:29'),
	(1330,178,'Scot Kris','weber.okey@gmail.com','2022-01-27 13:42:29','2022-01-27 13:42:29'),
	(1331,402,'Dandre Bartoletti I','xgutkowski@yahoo.com','2022-01-27 13:42:29','2022-01-27 13:42:29'),
	(1332,466,'Kaycee Dibbert','jana01@oreilly.com','2022-01-27 13:42:29','2022-01-27 13:42:29'),
	(1333,88,'Chyna Nienow','mittie87@hotmail.com','2022-01-27 13:42:29','2022-01-27 13:42:29'),
	(1334,84,'Earl Greenholt','ebony.connelly@weber.com','2022-01-27 13:42:29','2022-01-27 13:42:29'),
	(1335,371,'Liliana Hirthe PhD','iheller@nicolas.org','2022-01-27 13:42:29','2022-01-27 13:42:29'),
	(1336,253,'Prof. Eudora Jerde Sr.','ywatsica@gutmann.net','2022-01-27 13:42:29','2022-01-27 13:42:29'),
	(1337,28,'Ms. Mallie Klocko','iboyer@hessel.com','2022-01-27 13:42:29','2022-01-27 13:42:29'),
	(1338,62,'Sheldon Williamson DVM','edythe.medhurst@gmail.com','2022-01-27 13:42:29','2022-01-27 13:42:29'),
	(1339,381,'Zane O\'Kon','mmcglynn@baumbach.org','2022-01-27 13:42:29','2022-01-27 13:42:29'),
	(1340,247,'Dr. Liliane Mohr DDS','leanna06@schroeder.com','2022-01-27 13:42:29','2022-01-27 13:42:29'),
	(1341,544,'Dr. Cleora Cartwright','hilpert.ruth@yahoo.com','2022-01-27 13:42:29','2022-01-27 13:42:29'),
	(1342,319,'Michele Pacocha','gpfannerstill@hotmail.com','2022-01-27 13:42:29','2022-01-27 13:42:29'),
	(1343,311,'Aniya Nader','alena08@gmail.com','2022-01-27 13:42:29','2022-01-27 13:42:29'),
	(1344,521,'Isobel Schiller','hayden06@hotmail.com','2022-01-27 13:42:29','2022-01-27 13:42:29'),
	(1345,537,'Prof. Shad Greenholt III','scorwin@mitchell.com','2022-01-27 13:42:29','2022-01-27 13:42:29'),
	(1346,251,'Anissa Kulas','lesly56@spinka.com','2022-01-27 13:42:29','2022-01-27 13:42:29'),
	(1347,462,'Presley Schneider','prohaska.david@treutel.com','2022-01-27 13:42:29','2022-01-27 13:42:29'),
	(1348,501,'Mrs. Retta Cassin Sr.','federico17@hill.com','2022-01-27 13:42:29','2022-01-27 13:42:29'),
	(1349,40,'Brody Graham','heaney.axel@murazik.com','2022-01-27 13:42:29','2022-01-27 13:42:29'),
	(1350,42,'Felicity Runolfsson','parisian.eli@gmail.com','2022-01-27 13:42:29','2022-01-27 13:42:29'),
	(1351,169,'Frances Stamm','donna15@gutkowski.com','2022-01-27 13:42:29','2022-01-27 13:42:29'),
	(1352,369,'Ms. Myah Ruecker III','pquigley@schumm.biz','2022-01-27 13:42:29','2022-01-27 13:42:29'),
	(1353,478,'Jarrell Cormier','nstanton@gmail.com','2022-01-27 13:42:29','2022-01-27 13:42:29'),
	(1354,133,'Weston Rutherford III','dannie.smitham@bartoletti.com','2022-01-27 13:42:29','2022-01-27 13:42:29'),
	(1355,338,'Elouise Oberbrunner MD','hgleichner@lehner.net','2022-01-27 13:42:29','2022-01-27 13:42:29'),
	(1356,191,'Floyd Cummerata','sporer.genevieve@gmail.com','2022-01-27 13:42:29','2022-01-27 13:42:29'),
	(1357,304,'Nasir Watsica','clark.roberts@yahoo.com','2022-01-27 13:42:29','2022-01-27 13:42:29'),
	(1358,556,'Edythe Treutel','lisa23@kuhlman.com','2022-01-27 13:42:29','2022-01-27 13:42:29'),
	(1359,151,'Ms. Annetta Halvorson PhD','florence50@gmail.com','2022-01-27 13:42:29','2022-01-27 13:42:29'),
	(1360,78,'Prof. Elnora Maggio','kasandra.monahan@corkery.com','2022-01-27 13:42:29','2022-01-27 13:42:29'),
	(1361,298,'Montana Hickle Jr.','mathias.kub@yahoo.com','2022-01-27 13:42:29','2022-01-27 13:42:29'),
	(1362,503,'Reilly Reinger','missouri.murphy@yahoo.com','2022-01-27 13:42:29','2022-01-27 13:42:29'),
	(1363,473,'Otis Mante','welch.eulah@hotmail.com','2022-01-27 13:42:29','2022-01-27 13:42:29'),
	(1364,375,'Ashtyn Schaden','osinski.hosea@hotmail.com','2022-01-27 13:42:29','2022-01-27 13:42:29'),
	(1365,543,'Shaylee Veum','smosciski@lebsack.com','2022-01-27 13:42:29','2022-01-27 13:42:29'),
	(1366,479,'Harley Romaguera','ecassin@yahoo.com','2022-01-27 13:42:29','2022-01-27 13:42:29'),
	(1367,555,'Dr. Trey McDermott','brakus.ada@wolff.com','2022-01-27 13:42:29','2022-01-27 13:42:29'),
	(1368,592,'Miss Roselyn Corwin','marcus86@paucek.org','2022-01-27 13:42:29','2022-01-27 13:42:29'),
	(1369,565,'Frederick Bailey','selena.watsica@damore.com','2022-01-27 13:42:29','2022-01-27 13:42:29'),
	(1370,326,'Dr. Alexzander Kunze DVM','fabernathy@barton.info','2022-01-27 13:42:29','2022-01-27 13:42:29'),
	(1371,507,'Kamron Ward','candice74@emmerich.info','2022-01-27 13:42:29','2022-01-27 13:42:29'),
	(1372,210,'Jerel Hammes','gmonahan@abernathy.biz','2022-01-27 13:42:29','2022-01-27 13:42:29'),
	(1373,570,'Brandt Schaefer','terry38@gmail.com','2022-01-27 13:42:29','2022-01-27 13:42:29'),
	(1374,573,'Rylee Kreiger','swaniawski.gregoria@gmail.com','2022-01-27 13:42:29','2022-01-27 13:42:29'),
	(1375,139,'Miss Zola Heller','kassandra.heller@gmail.com','2022-01-27 13:42:29','2022-01-27 13:42:29'),
	(1376,57,'Katarina Wunsch','lavonne.sanford@collins.com','2022-01-27 13:42:29','2022-01-27 13:42:29'),
	(1377,174,'Kareem Torphy IV','keith64@gerhold.com','2022-01-27 13:42:29','2022-01-27 13:42:29'),
	(1378,39,'Dr. Davion Crist','purdy.dayton@yahoo.com','2022-01-27 13:42:29','2022-01-27 13:42:29'),
	(1379,340,'Kendrick Shanahan','twila.stokes@jones.info','2022-01-27 13:42:29','2022-01-27 13:42:29'),
	(1380,378,'Sallie Feeney','delbert83@hotmail.com','2022-01-27 13:42:29','2022-01-27 13:42:29'),
	(1381,427,'Mrs. Katelyn Reichert PhD','stefanie.okuneva@hotmail.com','2022-01-27 13:42:29','2022-01-27 13:42:29'),
	(1382,195,'Theo Lang','hconsidine@hotmail.com','2022-01-27 13:42:29','2022-01-27 13:42:29'),
	(1383,171,'Savannah Dach V','moshe.bruen@mohr.com','2022-01-27 13:42:29','2022-01-27 13:42:29'),
	(1384,514,'Ms. Maryse Morissette V','mrau@gottlieb.com','2022-01-27 13:42:29','2022-01-27 13:42:29'),
	(1385,354,'Pedro Zieme','elvis.upton@frami.com','2022-01-27 13:42:29','2022-01-27 13:42:29'),
	(1386,51,'Prof. Wiley Fahey','fay.estel@wilderman.com','2022-01-27 13:42:29','2022-01-27 13:42:29'),
	(1387,292,'Elenora Schoen Jr.','willms.daniella@green.com','2022-01-27 13:42:29','2022-01-27 13:42:29'),
	(1388,156,'Winona Terry Jr.','kianna86@yahoo.com','2022-01-27 13:42:29','2022-01-27 13:42:29'),
	(1389,324,'Drew Dietrich','ywunsch@gmail.com','2022-01-27 13:42:29','2022-01-27 13:42:29'),
	(1390,500,'Skylar Stark','madison.carter@paucek.biz','2022-01-27 13:42:29','2022-01-27 13:42:29'),
	(1391,341,'Dr. Madonna Marks','barrows.eloy@yahoo.com','2022-01-27 13:42:29','2022-01-27 13:42:29'),
	(1392,234,'Eldora Rogahn I','eskiles@ferry.org','2022-01-27 13:42:29','2022-01-27 13:42:29'),
	(1393,430,'Mariano Huels','ankunding.lizeth@fay.com','2022-01-27 13:42:29','2022-01-27 13:42:29'),
	(1394,469,'Mrs. Emilie King','idickinson@oconner.com','2022-01-27 13:42:29','2022-01-27 13:42:29'),
	(1395,174,'Etha Erdman III','christiansen.ryley@schoen.org','2022-01-27 13:42:29','2022-01-27 13:42:29'),
	(1396,595,'Rogelio Kohler DDS','jeanie.turcotte@gulgowski.com','2022-01-27 13:42:29','2022-01-27 13:42:29'),
	(1397,91,'Dr. Art Ward','liam.hansen@carroll.com','2022-01-27 13:42:29','2022-01-27 13:42:29'),
	(1398,417,'Dr. Magnolia Monahan V','vlang@gmail.com','2022-01-27 13:42:29','2022-01-27 13:42:29'),
	(1399,600,'Dr. Lia Schuster III','jabari.lubowitz@yahoo.com','2022-01-27 13:42:29','2022-01-27 13:42:29'),
	(1400,522,'Eloise Beer','darren22@hotmail.com','2022-01-27 13:42:29','2022-01-27 13:42:29'),
	(1401,327,'Keven Gusikowski','kdare@jaskolski.org','2022-01-27 13:42:29','2022-01-27 13:42:29'),
	(1402,364,'Dr. Jeffry Hudson Jr.','ngulgowski@yahoo.com','2022-01-27 13:42:29','2022-01-27 13:42:29'),
	(1403,263,'Isaias Waelchi','paxton.wintheiser@haag.com','2022-01-27 13:42:29','2022-01-27 13:42:29'),
	(1404,229,'Danika Welch','clind@hotmail.com','2022-01-27 13:42:29','2022-01-27 13:42:29'),
	(1405,177,'Yasmin Gleichner DDS','glenda08@white.com','2022-01-27 13:42:29','2022-01-27 13:42:29'),
	(1406,405,'Kailee Streich','miracle.bogisich@gmail.com','2022-01-27 13:42:29','2022-01-27 13:42:29'),
	(1407,27,'Michale Christiansen V','hoeger.winona@hotmail.com','2022-01-27 13:42:29','2022-01-27 13:42:29'),
	(1408,348,'Sonya Johnson V','larissa93@cummerata.com','2022-01-27 13:42:29','2022-01-27 13:42:29'),
	(1409,260,'Prof. Derrick Hahn','terry.emily@yahoo.com','2022-01-27 13:42:29','2022-01-27 13:42:29'),
	(1410,590,'Katlyn West','miller.roberto@wiza.info','2022-01-27 13:42:29','2022-01-27 13:42:29'),
	(1411,506,'Laron Fay','bennett.steuber@hotmail.com','2022-01-27 13:42:29','2022-01-27 13:42:29'),
	(1412,44,'Rhoda Jerde','amalia04@yahoo.com','2022-01-27 13:42:29','2022-01-27 13:42:29'),
	(1413,48,'Jarod Carter III','simone.smitham@vonrueden.com','2022-01-27 13:42:29','2022-01-27 13:42:29'),
	(1414,432,'Bradly Bartell','kkshlerin@herman.com','2022-01-27 13:42:29','2022-01-27 13:42:29'),
	(1415,131,'Thora Aufderhar III','ebechtelar@yahoo.com','2022-01-27 13:42:29','2022-01-27 13:42:29'),
	(1416,71,'Marilyne Veum','arlie.walker@hills.net','2022-01-27 13:42:29','2022-01-27 13:42:29'),
	(1417,362,'Guiseppe Kerluke II','jaunita.vandervort@hotmail.com','2022-01-27 13:42:29','2022-01-27 13:42:29'),
	(1418,316,'Isobel Reichert','zfritsch@kilback.com','2022-01-27 13:42:29','2022-01-27 13:42:29'),
	(1419,444,'Merritt Flatley','gust.crist@gmail.com','2022-01-27 13:42:29','2022-01-27 13:42:29'),
	(1420,289,'Kimberly Halvorson Sr.','ohara.kelvin@gmail.com','2022-01-27 13:42:29','2022-01-27 13:42:29'),
	(1421,74,'Jamarcus Moen Sr.','brain05@hotmail.com','2022-01-27 13:42:29','2022-01-27 13:42:29'),
	(1422,217,'Tyshawn Monahan','cleo26@hotmail.com','2022-01-27 13:42:29','2022-01-27 13:42:29'),
	(1423,332,'Dr. Johnathon Reinger','uprosacco@gusikowski.biz','2022-01-27 13:42:29','2022-01-27 13:42:29'),
	(1424,156,'Prof. Ellis Nitzsche','dejon39@hotmail.com','2022-01-27 13:42:29','2022-01-27 13:42:29'),
	(1425,578,'Marilou Will','theron.bernhard@gmail.com','2022-01-27 13:42:29','2022-01-27 13:42:29'),
	(1426,519,'Kailey O\'Hara','vcarter@yahoo.com','2022-01-27 13:42:29','2022-01-27 13:42:29'),
	(1427,407,'Makenzie Miller','hubert.runte@johnston.com','2022-01-27 13:42:29','2022-01-27 13:42:29'),
	(1428,128,'Liana Wyman III','bhermann@russel.com','2022-01-27 13:42:29','2022-01-27 13:42:29'),
	(1429,534,'Dr. Stefan Ledner','annetta35@gmail.com','2022-01-27 13:42:29','2022-01-27 13:42:29'),
	(1430,200,'Mason Willms','newell34@yahoo.com','2022-01-27 13:42:29','2022-01-27 13:42:29'),
	(1431,152,'Alden Reichert','herminia30@kihn.com','2022-01-27 13:42:29','2022-01-27 13:42:29'),
	(1432,447,'Vance Rolfson','bartoletti.allene@turner.biz','2022-01-27 13:42:29','2022-01-27 13:42:29'),
	(1433,239,'Estell Larkin','johnnie.west@cole.com','2022-01-27 13:42:29','2022-01-27 13:42:29'),
	(1434,548,'Prof. Olen Ullrich PhD','hirthe.yasmeen@yahoo.com','2022-01-27 13:42:29','2022-01-27 13:42:29'),
	(1435,167,'Allison Hoeger','donato.von@hahn.com','2022-01-27 13:42:29','2022-01-27 13:42:29'),
	(1436,158,'Ernestina Rau','qwunsch@schmeler.com','2022-01-27 13:42:29','2022-01-27 13:42:29'),
	(1437,345,'Greta Sawayn','ntremblay@hotmail.com','2022-01-27 13:42:29','2022-01-27 13:42:29'),
	(1438,294,'Tate Bartell','hazle43@boyle.biz','2022-01-27 13:42:29','2022-01-27 13:42:29'),
	(1439,254,'Ms. Eulalia Cormier IV','srath@gmail.com','2022-01-27 13:42:29','2022-01-27 13:42:29'),
	(1440,55,'Lucas Schultz Sr.','wilson.wunsch@anderson.com','2022-01-27 13:42:29','2022-01-27 13:42:29'),
	(1441,393,'Earnest Turcotte II','mavis89@gmail.com','2022-01-27 13:42:29','2022-01-27 13:42:29'),
	(1442,297,'Dr. Janessa Russel','beier.rosalind@gmail.com','2022-01-27 13:42:29','2022-01-27 13:42:29'),
	(1443,61,'Karlie Stamm','elna23@schumm.com','2022-01-27 13:42:29','2022-01-27 13:42:29'),
	(1444,368,'Dr. Florian Kessler','hjohnston@yahoo.com','2022-01-27 13:42:29','2022-01-27 13:42:29'),
	(1445,395,'Electa Frami','angelica11@gmail.com','2022-01-27 13:42:29','2022-01-27 13:42:29'),
	(1446,497,'Boris Crist','xfeeney@funk.com','2022-01-27 13:42:29','2022-01-27 13:42:29'),
	(1447,108,'Mervin Harvey IV','bennie.lemke@krajcik.net','2022-01-27 13:42:29','2022-01-27 13:42:29'),
	(1448,190,'Ms. Jammie Crona','fhuels@sipes.com','2022-01-27 13:42:29','2022-01-27 13:42:29'),
	(1449,527,'Felton Bauch','swift.carley@hintz.com','2022-01-27 13:42:29','2022-01-27 13:42:29'),
	(1450,428,'Genoveva Schmidt','dorothy.vonrueden@hotmail.com','2022-01-27 13:42:29','2022-01-27 13:42:29'),
	(1451,405,'Lessie Wisoky','lori78@hotmail.com','2022-01-27 13:42:29','2022-01-27 13:42:29'),
	(1452,415,'Linnea Maggio','smayer@yahoo.com','2022-01-27 13:42:29','2022-01-27 13:42:29'),
	(1453,83,'Dr. Josephine Nikolaus V','magali13@yahoo.com','2022-01-27 13:42:29','2022-01-27 13:42:29'),
	(1454,24,'Johan Purdy V','zcartwright@beatty.com','2022-01-27 13:42:29','2022-01-27 13:42:29'),
	(1455,35,'Dimitri Schmidt','reinger.keeley@gmail.com','2022-01-27 13:42:29','2022-01-27 13:42:29'),
	(1456,279,'Ruth Anderson','kris.freeda@hotmail.com','2022-01-27 13:42:29','2022-01-27 13:42:29'),
	(1457,214,'Elise Cummings','shanny57@carter.com','2022-01-27 13:42:29','2022-01-27 13:42:29'),
	(1458,330,'Prof. Francesco Gutmann II','ethelyn.mcdermott@quitzon.com','2022-01-27 13:42:29','2022-01-27 13:42:29'),
	(1459,335,'Bobby Ebert','vdietrich@gmail.com','2022-01-27 13:42:29','2022-01-27 13:42:29'),
	(1460,436,'Arne Ryan','bernhard09@hane.com','2022-01-27 13:42:29','2022-01-27 13:42:29'),
	(1461,278,'Wilburn Legros','briana53@gmail.com','2022-01-27 13:42:29','2022-01-27 13:42:29'),
	(1462,238,'Birdie Boehm','ziemann.barney@yahoo.com','2022-01-27 13:42:29','2022-01-27 13:42:29'),
	(1463,301,'Toney Dach','elvie.rosenbaum@yahoo.com','2022-01-27 13:42:29','2022-01-27 13:42:29'),
	(1464,520,'Mac Welch Sr.','ftorphy@yahoo.com','2022-01-27 13:42:29','2022-01-27 13:42:29'),
	(1465,499,'Prof. Diana Okuneva MD','qbatz@stanton.com','2022-01-27 13:42:29','2022-01-27 13:42:29'),
	(1466,438,'Dayna Johnson','lucious.kozey@hotmail.com','2022-01-27 13:42:29','2022-01-27 13:42:29'),
	(1467,397,'Dana Waelchi','dena.schamberger@lakin.com','2022-01-27 13:42:29','2022-01-27 13:42:29'),
	(1468,64,'Halle Olson','emilio.hagenes@dibbert.info','2022-01-27 13:42:29','2022-01-27 13:42:29'),
	(1469,300,'Casimer Littel','bethel65@marks.net','2022-01-27 13:42:29','2022-01-27 13:42:29'),
	(1470,354,'Esther Ledner','pweissnat@gmail.com','2022-01-27 13:42:29','2022-01-27 13:42:29'),
	(1471,346,'Josie Douglas','everardo.casper@mckenzie.com','2022-01-27 13:42:29','2022-01-27 13:42:29'),
	(1472,199,'Erich Medhurst','tommie.gorczany@braun.net','2022-01-27 13:42:29','2022-01-27 13:42:29'),
	(1473,534,'Howard Nienow','scottie.kunde@hotmail.com','2022-01-27 13:42:29','2022-01-27 13:42:29'),
	(1474,304,'Elliot Swaniawski','morn@gmail.com','2022-01-27 13:42:29','2022-01-27 13:42:29'),
	(1475,507,'Dedrick Dooley I','fred54@gmail.com','2022-01-27 13:42:29','2022-01-27 13:42:29'),
	(1476,205,'Dr. Tad Johns DDS','rogahn.madyson@gmail.com','2022-01-27 13:42:29','2022-01-27 13:42:29'),
	(1477,471,'Neva Lesch','simeon.hammes@yost.biz','2022-01-27 13:42:29','2022-01-27 13:42:29'),
	(1478,351,'Jalyn Boyer','zander.ullrich@mckenzie.com','2022-01-27 13:42:29','2022-01-27 13:42:29'),
	(1479,391,'Magdalena Jenkins II','bayer.fredrick@hotmail.com','2022-01-27 13:42:29','2022-01-27 13:42:29'),
	(1480,219,'Zachariah Homenick','qsauer@yahoo.com','2022-01-27 13:42:29','2022-01-27 13:42:29'),
	(1481,410,'Annette Schaden','ezequiel.block@hotmail.com','2022-01-27 13:42:29','2022-01-27 13:42:29'),
	(1482,499,'Marilyne Osinski','schuyler04@gmail.com','2022-01-27 13:42:29','2022-01-27 13:42:29'),
	(1483,519,'Cordell Johnston Jr.','dare.americo@hotmail.com','2022-01-27 13:42:29','2022-01-27 13:42:29'),
	(1484,531,'Dr. Vickie Schaefer','darrin.murazik@lueilwitz.com','2022-01-27 13:42:29','2022-01-27 13:42:29'),
	(1485,485,'Dylan Larkin','smitham.aaliyah@kerluke.com','2022-01-27 13:42:29','2022-01-27 13:42:29'),
	(1486,296,'Mr. Johnson Senger PhD','jenifer.stokes@johnson.net','2022-01-27 13:42:29','2022-01-27 13:42:29'),
	(1487,389,'Isabelle Bailey','qkunde@gmail.com','2022-01-27 13:42:29','2022-01-27 13:42:29'),
	(1488,419,'Noah Kohler','cummerata.daphnee@yahoo.com','2022-01-27 13:42:29','2022-01-27 13:42:29'),
	(1489,166,'Abdul Treutel Jr.','bartoletti.alivia@jacobson.biz','2022-01-27 13:42:29','2022-01-27 13:42:29'),
	(1490,461,'Rasheed Lynch','cristina83@gmail.com','2022-01-27 13:42:29','2022-01-27 13:42:29'),
	(1491,23,'Keaton Kihn','joany.rowe@hotmail.com','2022-01-27 13:42:29','2022-01-27 13:42:29'),
	(1492,18,'Kelli Romaguera','farrell.keon@eichmann.com','2022-01-27 13:42:29','2022-01-27 13:42:29'),
	(1493,490,'Aubree Paucek','canderson@murphy.com','2022-01-27 13:42:29','2022-01-27 13:42:29'),
	(1494,491,'Savanah Murazik','qmitchell@hoppe.com','2022-01-27 13:42:29','2022-01-27 13:42:29'),
	(1495,168,'Joyce Yost','erdman.lessie@ryan.com','2022-01-27 13:42:29','2022-01-27 13:42:29'),
	(1496,133,'Lenora Balistreri','weissnat.edwardo@okuneva.com','2022-01-27 13:42:29','2022-01-27 13:42:29'),
	(1497,8,'Caden Stoltenberg','jaylon.pacocha@hotmail.com','2022-01-27 13:42:29','2022-01-27 13:42:29'),
	(1498,350,'Jonathon Runolfsdottir II','stiedemann.mariah@considine.com','2022-01-27 13:42:29','2022-01-27 13:42:29'),
	(1499,245,'Miss Tyra Okuneva PhD','vkrajcik@gmail.com','2022-01-27 13:42:29','2022-01-27 13:42:29'),
	(1500,378,'Kale Huels','yokon@hotmail.com','2022-01-27 13:42:29','2022-01-27 13:42:29'),
	(1501,244,'Chester Vandervort','kilback.carmen@murazik.com','2022-01-27 13:42:29','2022-01-27 13:42:29'),
	(1502,418,'Eloisa Grant DDS','bartell.jayme@yahoo.com','2022-01-27 13:42:29','2022-01-27 13:42:29'),
	(1503,550,'Beulah Streich','nrunte@yahoo.com','2022-01-27 13:42:29','2022-01-27 13:42:29'),
	(1504,209,'Prof. Delbert Kessler IV','gaylord.jackie@volkman.com','2022-01-27 13:42:29','2022-01-27 13:42:29'),
	(1505,550,'Chloe Emard II','carrie.skiles@leannon.org','2022-01-27 13:42:29','2022-01-27 13:42:29'),
	(1506,200,'Kirk Reichel','eugenia.funk@gmail.com','2022-01-27 13:42:29','2022-01-27 13:42:29'),
	(1507,575,'Jonas Weissnat','akuhic@gmail.com','2022-01-27 13:42:29','2022-01-27 13:42:29'),
	(1508,140,'Dulce Bergnaum','doug.borer@schoen.com','2022-01-27 13:42:29','2022-01-27 13:42:29'),
	(1509,170,'Mrs. Elvie Stark','russel.jedidiah@kris.biz','2022-01-27 13:42:29','2022-01-27 13:42:29'),
	(1510,544,'Dr. Edd McCullough','murphy.jolie@yahoo.com','2022-01-27 13:42:29','2022-01-27 13:42:29'),
	(1511,271,'Enrique Zboncak','horace34@hickle.com','2022-01-27 13:42:29','2022-01-27 13:42:29'),
	(1512,591,'Prof. Marcel Bogan III','louie54@gmail.com','2022-01-27 13:42:29','2022-01-27 13:42:29'),
	(1513,408,'Mr. Edward Brekke II','oswaldo.blick@jacobson.com','2022-01-27 13:42:29','2022-01-27 13:42:29'),
	(1514,208,'Arvilla Carter','lowe.abby@gmail.com','2022-01-27 13:42:29','2022-01-27 13:42:29'),
	(1515,175,'Polly Wilkinson','heidenreich.scottie@gmail.com','2022-01-27 13:42:29','2022-01-27 13:42:29'),
	(1516,76,'Prof. Diamond Brown PhD','lind.alivia@yahoo.com','2022-01-27 13:42:29','2022-01-27 13:42:29'),
	(1517,54,'Mr. Clark Smitham Jr.','little.otilia@gmail.com','2022-01-27 13:42:29','2022-01-27 13:42:29'),
	(1518,128,'Agustina Wiza Sr.','jaclyn57@reichert.org','2022-01-27 13:42:29','2022-01-27 13:42:29'),
	(1519,440,'Griffin Wisozk','minnie.farrell@gmail.com','2022-01-27 13:42:29','2022-01-27 13:42:29'),
	(1520,51,'Gail Rohan','jaime88@hotmail.com','2022-01-27 13:42:29','2022-01-27 13:42:29'),
	(1521,435,'Madyson Auer','katherine55@gmail.com','2022-01-27 13:42:29','2022-01-27 13:42:29'),
	(1522,425,'Stephanie Murphy','vidal49@turcotte.com','2022-01-27 13:42:29','2022-01-27 13:42:29'),
	(1523,163,'Ms. Zelma Wiegand IV','berta27@fahey.com','2022-01-27 13:42:29','2022-01-27 13:42:29'),
	(1524,76,'Dr. Loyce Durgan','kbartell@hamill.com','2022-01-27 13:42:29','2022-01-27 13:42:29'),
	(1525,271,'Carmen Terry','cummings.monty@heidenreich.net','2022-01-27 13:42:29','2022-01-27 13:42:29'),
	(1526,516,'Prof. Natasha Pagac Jr.','marina.berge@gerhold.com','2022-01-27 13:42:29','2022-01-27 13:42:29'),
	(1527,339,'Solon Emmerich','tommie12@wyman.net','2022-01-27 13:42:29','2022-01-27 13:42:29'),
	(1528,334,'Xavier Bode','nsawayn@adams.info','2022-01-27 13:42:29','2022-01-27 13:42:29'),
	(1529,210,'Linnie Koepp','keeley05@bashirian.biz','2022-01-27 13:42:29','2022-01-27 13:42:29'),
	(1530,137,'Miss Meta Schinner DVM','smitham.jarret@yahoo.com','2022-01-27 13:42:29','2022-01-27 13:42:29'),
	(1531,562,'Eloise Howe','gulgowski.kole@hotmail.com','2022-01-27 13:42:29','2022-01-27 13:42:29'),
	(1532,126,'Ismael Rutherford V','uraynor@wilderman.com','2022-01-27 13:42:29','2022-01-27 13:42:29'),
	(1533,341,'Constantin Kohler','wilfred.kiehn@yahoo.com','2022-01-27 13:42:29','2022-01-27 13:42:29'),
	(1534,513,'Ewell Russel','bkshlerin@howe.com','2022-01-27 13:42:29','2022-01-27 13:42:29'),
	(1535,209,'Juliet Keeling','carmine29@hotmail.com','2022-01-27 13:42:29','2022-01-27 13:42:29'),
	(1536,574,'Dr. Johann Reichel MD','dcartwright@hotmail.com','2022-01-27 13:42:29','2022-01-27 13:42:29'),
	(1537,477,'Prof. Lazaro Johnson Jr.','waters.pierce@yahoo.com','2022-01-27 13:42:29','2022-01-27 13:42:29'),
	(1538,164,'Christian Zulauf','jorn@hotmail.com','2022-01-27 13:42:29','2022-01-27 13:42:29'),
	(1539,76,'Ignacio Schoen','fritsch.aylin@hotmail.com','2022-01-27 13:42:29','2022-01-27 13:42:29'),
	(1540,63,'Rigoberto Simonis','brannon.damore@hotmail.com','2022-01-27 13:42:29','2022-01-27 13:42:29'),
	(1541,363,'Jordan Little','marcia41@hotmail.com','2022-01-27 13:42:29','2022-01-27 13:42:29'),
	(1542,344,'Valentine McCullough','bradford.harvey@yahoo.com','2022-01-27 13:42:29','2022-01-27 13:42:29'),
	(1543,83,'Mr. Alvah Rodriguez','tiana.goyette@kulas.net','2022-01-27 13:42:29','2022-01-27 13:42:29'),
	(1544,553,'Alphonso Jaskolski','hauck.austen@gmail.com','2022-01-27 13:42:29','2022-01-27 13:42:29'),
	(1545,87,'Alize Hessel','karson.gerhold@gmail.com','2022-01-27 13:42:29','2022-01-27 13:42:29'),
	(1546,273,'Darius Watsica','lauretta21@gmail.com','2022-01-27 13:42:29','2022-01-27 13:42:29'),
	(1547,158,'Kareem Langworth','romaguera.fletcher@hotmail.com','2022-01-27 13:42:29','2022-01-27 13:42:29'),
	(1548,463,'Mack VonRueden','umarks@wilkinson.org','2022-01-27 13:42:29','2022-01-27 13:42:29'),
	(1549,594,'Shaina Kertzmann','reilly18@lehner.com','2022-01-27 13:42:29','2022-01-27 13:42:29'),
	(1550,329,'Dr. Stone Rutherford','hunter.farrell@goyette.net','2022-01-27 13:42:29','2022-01-27 13:42:29'),
	(1551,253,'Wilford Heidenreich MD','lucio42@yahoo.com','2022-01-27 13:42:29','2022-01-27 13:42:29'),
	(1552,585,'Tristin Willms','schroeder.stanton@cassin.com','2022-01-27 13:42:29','2022-01-27 13:42:29'),
	(1553,283,'Josiane Kulas','lavina.hessel@larkin.net','2022-01-27 13:42:29','2022-01-27 13:42:29'),
	(1554,275,'Luisa Lind','balistreri.bobby@hotmail.com','2022-01-27 13:42:29','2022-01-27 13:42:29'),
	(1555,477,'Dr. Marcelle Rutherford DDS','yasmine81@hotmail.com','2022-01-27 13:42:29','2022-01-27 13:42:29'),
	(1556,555,'Ruthe Mertz','ressie13@gmail.com','2022-01-27 13:42:29','2022-01-27 13:42:29'),
	(1557,460,'Idell Daniel','allie48@gmail.com','2022-01-27 13:42:29','2022-01-27 13:42:29'),
	(1558,37,'Jewel Blanda V','mabbott@yahoo.com','2022-01-27 13:42:29','2022-01-27 13:42:29'),
	(1559,301,'Prof. Alden Ullrich PhD','alvah.blick@gmail.com','2022-01-27 13:42:29','2022-01-27 13:42:29'),
	(1560,94,'Prof. Jettie Prohaska PhD','viva62@cole.com','2022-01-27 13:42:29','2022-01-27 13:42:29'),
	(1561,23,'Manley Stokes','oullrich@weber.com','2022-01-27 13:42:29','2022-01-27 13:42:29'),
	(1562,305,'Lindsey Stracke','harber.alyson@yahoo.com','2022-01-27 13:42:29','2022-01-27 13:42:29'),
	(1563,57,'Ms. Pinkie Brown II','lexie49@lynch.org','2022-01-27 13:42:29','2022-01-27 13:42:29'),
	(1564,462,'Prof. Angel Toy V','corene96@yahoo.com','2022-01-27 13:42:29','2022-01-27 13:42:29'),
	(1565,126,'Dannie Kris','trolfson@gorczany.com','2022-01-27 13:42:29','2022-01-27 13:42:29'),
	(1566,66,'Octavia Kulas','alexys85@gmail.com','2022-01-27 13:42:29','2022-01-27 13:42:29'),
	(1567,208,'Prof. Willard Murphy','ewyman@simonis.org','2022-01-27 13:42:29','2022-01-27 13:42:29'),
	(1568,541,'Syble Larson','adams.sonya@greenholt.org','2022-01-27 13:42:29','2022-01-27 13:42:29'),
	(1569,490,'Ms. Leanne Mertz II','kieran56@gmail.com','2022-01-27 13:42:29','2022-01-27 13:42:29'),
	(1570,229,'Prof. Elna Kirlin','evans16@effertz.com','2022-01-27 13:42:29','2022-01-27 13:42:29'),
	(1571,465,'Mr. Coby Jast','roscoe.batz@hotmail.com','2022-01-27 13:42:29','2022-01-27 13:42:29'),
	(1572,96,'Alice Jacobi IV','anabel.gulgowski@barton.com','2022-01-27 13:42:29','2022-01-27 13:42:29'),
	(1573,13,'Kenyatta Mertz','mckenzie.demetris@hotmail.com','2022-01-27 13:42:29','2022-01-27 13:42:29'),
	(1574,599,'Elinore Collins','charity.larson@torphy.com','2022-01-27 13:42:29','2022-01-27 13:42:29'),
	(1575,273,'Mattie Barton MD','reese.nienow@treutel.com','2022-01-27 13:42:29','2022-01-27 13:42:29'),
	(1576,175,'Zachery Deckow','barry.kuhic@beahan.com','2022-01-27 13:42:29','2022-01-27 13:42:29'),
	(1577,422,'Dr. Dale Weissnat','lavinia.sanford@beier.com','2022-01-27 13:42:29','2022-01-27 13:42:29'),
	(1578,204,'Ms. Bianka Nader DVM','herbert.nolan@yahoo.com','2022-01-27 13:42:29','2022-01-27 13:42:29'),
	(1579,128,'Skylar Schuster','alexzander64@keebler.com','2022-01-27 13:42:29','2022-01-27 13:42:29'),
	(1580,459,'Tierra Kling','schulist.marilyne@hotmail.com','2022-01-27 13:42:29','2022-01-27 13:42:29'),
	(1581,536,'Stacy Hessel','xebert@gmail.com','2022-01-27 13:42:29','2022-01-27 13:42:29'),
	(1582,323,'Dr. Nyah Robel II','floyd43@kunde.com','2022-01-27 13:42:29','2022-01-27 13:42:29'),
	(1583,113,'Arnaldo Hoeger','schneider.margarett@hotmail.com','2022-01-27 13:42:29','2022-01-27 13:42:29'),
	(1584,586,'Krista Bahringer','thiel.efrain@prohaska.biz','2022-01-27 13:42:29','2022-01-27 13:42:29'),
	(1585,21,'Vicente Feest','vernie.heathcote@blick.com','2022-01-27 13:42:29','2022-01-27 13:42:29'),
	(1586,571,'Mrs. Lilian Kautzer MD','christopher26@gmail.com','2022-01-27 13:42:29','2022-01-27 13:42:29'),
	(1587,504,'Macy Reilly DDS','ralph.macejkovic@hotmail.com','2022-01-27 13:42:29','2022-01-27 13:42:29'),
	(1588,473,'Tyrique Hammes DDS','kade21@vonrueden.com','2022-01-27 13:42:29','2022-01-27 13:42:29'),
	(1589,322,'Wilfredo Batz','milford.brown@lehner.biz','2022-01-27 13:42:29','2022-01-27 13:42:29'),
	(1590,401,'Fred Corwin','caden97@gmail.com','2022-01-27 13:42:29','2022-01-27 13:42:29'),
	(1591,552,'Constantin Schuster','wisoky.khalid@bartoletti.com','2022-01-27 13:42:29','2022-01-27 13:42:29'),
	(1592,465,'Jacquelyn Krajcik','gust.mcclure@yahoo.com','2022-01-27 13:42:29','2022-01-27 13:42:29'),
	(1593,117,'Miss Johanna Blick II','myrtice50@gmail.com','2022-01-27 13:42:29','2022-01-27 13:42:29'),
	(1594,446,'Teresa Mohr','mckayla.kessler@dubuque.biz','2022-01-27 13:42:29','2022-01-27 13:42:29'),
	(1595,81,'Akeem Orn','ervin56@gmail.com','2022-01-27 13:42:29','2022-01-27 13:42:29'),
	(1596,233,'Ethan Hintz II','gutmann.velda@murray.org','2022-01-27 13:42:29','2022-01-27 13:42:29'),
	(1597,160,'Alexandro Hirthe','hgleason@keeling.com','2022-01-27 13:42:29','2022-01-27 13:42:29'),
	(1598,369,'Gwendolyn Ondricka','hkohler@anderson.com','2022-01-27 13:42:29','2022-01-27 13:42:29'),
	(1599,75,'Prof. Loren Wilkinson','jnitzsche@osinski.biz','2022-01-27 13:42:29','2022-01-27 13:42:29'),
	(1600,229,'Lori Kilback','reta.rutherford@gmail.com','2022-01-27 13:42:29','2022-01-27 13:42:29'),
	(1601,219,'Miss Ebony Cremin III','cpurdy@hotmail.com','2022-01-27 13:42:29','2022-01-27 13:42:29'),
	(1602,451,'Mateo Bergnaum','kuhlman.rebecca@koepp.com','2022-01-27 13:42:29','2022-01-27 13:42:29'),
	(1603,167,'Lelia Zulauf','goyette.hermann@yahoo.com','2022-01-27 13:42:29','2022-01-27 13:42:29'),
	(1604,9,'Titus Rohan','casper.dariana@gmail.com','2022-01-27 13:42:29','2022-01-27 13:42:29'),
	(1605,240,'Dr. Sigurd Wisozk','alison.runolfsdottir@hotmail.com','2022-01-27 13:42:29','2022-01-27 13:42:29'),
	(1606,511,'Mrs. Viola Labadie Jr.','tillman.jensen@gmail.com','2022-01-27 13:42:29','2022-01-27 13:42:29'),
	(1607,102,'Gayle Rath','ursula.halvorson@hotmail.com','2022-01-27 13:42:29','2022-01-27 13:42:29'),
	(1608,126,'Verdie Tremblay','ramona.cormier@towne.com','2022-01-27 13:42:29','2022-01-27 13:42:29'),
	(1609,446,'Zelma Schumm','gaston.wiza@schamberger.org','2022-01-27 13:42:29','2022-01-27 13:42:29'),
	(1610,115,'Giovani Swift','rempel.verner@rau.org','2022-01-27 13:42:29','2022-01-27 13:42:29'),
	(1611,412,'Darren Hackett','abrown@gmail.com','2022-01-27 13:42:29','2022-01-27 13:42:29'),
	(1612,189,'Meagan Wiegand','berniece.price@hotmail.com','2022-01-27 13:42:29','2022-01-27 13:42:29'),
	(1613,126,'Prof. Jonas Kshlerin IV','kareem.oreilly@gleason.com','2022-01-27 13:42:29','2022-01-27 13:42:29'),
	(1614,257,'Ms. Jazmyne Treutel','pgaylord@gmail.com','2022-01-27 13:42:29','2022-01-27 13:42:29'),
	(1615,516,'Cedrick Kozey','yesenia18@strosin.org','2022-01-27 13:42:29','2022-01-27 13:42:29'),
	(1616,243,'Mrs. Stephania Brown','murray.caroline@hyatt.biz','2022-01-27 13:42:29','2022-01-27 13:42:29'),
	(1617,583,'Prof. Brennan Crist','rosalinda01@crist.com','2022-01-27 13:42:29','2022-01-27 13:42:29'),
	(1618,483,'Nicole Upton','gcormier@yahoo.com','2022-01-27 13:42:29','2022-01-27 13:42:29'),
	(1619,569,'Mohammad Hansen','glen44@jacobs.com','2022-01-27 13:42:29','2022-01-27 13:42:29'),
	(1620,214,'Mr. Christop Sanford','bhaag@yahoo.com','2022-01-27 13:42:29','2022-01-27 13:42:29'),
	(1621,529,'Elton Lemke','pwindler@kuphal.com','2022-01-27 13:42:29','2022-01-27 13:42:29'),
	(1622,414,'Gene Ward III','kole70@hotmail.com','2022-01-27 13:42:29','2022-01-27 13:42:29'),
	(1623,518,'Regan Gottlieb','abigale28@yahoo.com','2022-01-27 13:42:29','2022-01-27 13:42:29'),
	(1624,189,'Clovis Koelpin','amina96@hotmail.com','2022-01-27 13:42:29','2022-01-27 13:42:29'),
	(1625,522,'Bertrand Turcotte','shanahan.winnifred@hotmail.com','2022-01-27 13:42:29','2022-01-27 13:42:29'),
	(1626,31,'Prof. Dereck Dietrich','daisha81@damore.com','2022-01-27 13:42:29','2022-01-27 13:42:29'),
	(1627,558,'Mrs. Diana Boyle II','hwillms@hotmail.com','2022-01-27 13:42:29','2022-01-27 13:42:29'),
	(1628,351,'Dr. Torrey Miller','keyon.gleason@okuneva.com','2022-01-27 13:42:29','2022-01-27 13:42:29'),
	(1629,165,'Marilie Dickens','antonetta06@gmail.com','2022-01-27 13:42:29','2022-01-27 13:42:29'),
	(1630,173,'Karelle Johns','ptowne@bashirian.com','2022-01-27 13:42:29','2022-01-27 13:42:29'),
	(1631,463,'Prof. Makenzie Anderson Jr.','tyrese96@hotmail.com','2022-01-27 13:42:29','2022-01-27 13:42:29'),
	(1632,259,'Lucious Wehner','hill.okey@gmail.com','2022-01-27 13:42:29','2022-01-27 13:42:29'),
	(1633,121,'Shanel Heidenreich','grimes.rafael@lubowitz.info','2022-01-27 13:42:29','2022-01-27 13:42:29'),
	(1634,334,'Jana Douglas V','tparisian@west.com','2022-01-27 13:42:29','2022-01-27 13:42:29'),
	(1635,300,'Prof. Stacy Boyer DVM','johns.lorenz@hotmail.com','2022-01-27 13:42:29','2022-01-27 13:42:29'),
	(1636,89,'Dalton Ankunding','elva.hirthe@pagac.info','2022-01-27 13:42:29','2022-01-27 13:42:29'),
	(1637,262,'Dr. Elfrieda Dibbert MD','cooper01@yahoo.com','2022-01-27 13:42:29','2022-01-27 13:42:29'),
	(1638,569,'Vella Lebsack','esperanza.kovacek@barton.com','2022-01-27 13:42:29','2022-01-27 13:42:29'),
	(1639,488,'Kamille Carroll','emmalee36@hotmail.com','2022-01-27 13:42:29','2022-01-27 13:42:29'),
	(1640,30,'Dr. Jocelyn Gutkowski MD','genoveva.heidenreich@gmail.com','2022-01-27 13:42:29','2022-01-27 13:42:29'),
	(1641,45,'Arno Cremin Sr.','ottis58@gmail.com','2022-01-27 13:42:29','2022-01-27 13:42:29'),
	(1642,509,'Dr. Chadd Gleason IV','elva02@gmail.com','2022-01-27 13:42:29','2022-01-27 13:42:29'),
	(1643,307,'Samir Konopelski','rfeeney@gulgowski.com','2022-01-27 13:42:29','2022-01-27 13:42:29'),
	(1644,231,'Loyce Prohaska','vicky.jaskolski@sanford.com','2022-01-27 13:42:29','2022-01-27 13:42:29'),
	(1645,420,'Cleveland Kassulke V','emile18@hotmail.com','2022-01-27 13:42:29','2022-01-27 13:42:29'),
	(1646,401,'Abigail Cruickshank','ole.stamm@dibbert.com','2022-01-27 13:42:29','2022-01-27 13:42:29'),
	(1647,316,'Mr. Julian Weimann II','bernhard62@durgan.net','2022-01-27 13:42:29','2022-01-27 13:42:29'),
	(1648,146,'Jayde Huel','donna.hamill@metz.com','2022-01-27 13:42:29','2022-01-27 13:42:29'),
	(1649,334,'Audrey Towne','delfina.goldner@wilderman.biz','2022-01-27 13:42:29','2022-01-27 13:42:29'),
	(1650,409,'Lafayette Auer','evalyn.jacobson@gmail.com','2022-01-27 13:42:29','2022-01-27 13:42:29'),
	(1651,338,'Lorine Klein','murphy.jaida@gmail.com','2022-01-27 13:42:29','2022-01-27 13:42:29'),
	(1652,578,'Armani Stamm','edmund.shields@yahoo.com','2022-01-27 13:42:29','2022-01-27 13:42:29'),
	(1653,315,'Prof. Jovany Ebert DDS','prohaska.donnie@toy.com','2022-01-27 13:42:29','2022-01-27 13:42:29'),
	(1654,358,'Dr. Amani Kilback V','nader.della@hotmail.com','2022-01-27 13:42:29','2022-01-27 13:42:29'),
	(1655,438,'Maria Littel DDS','rose24@hotmail.com','2022-01-27 13:42:29','2022-01-27 13:42:29'),
	(1656,317,'Kristian Hane','fkeeling@hotmail.com','2022-01-27 13:42:29','2022-01-27 13:42:29'),
	(1657,576,'Dr. Eryn Dietrich','lulu73@hotmail.com','2022-01-27 13:42:29','2022-01-27 13:42:29'),
	(1658,485,'Zoey Schmitt','vwyman@schuster.com','2022-01-27 13:42:29','2022-01-27 13:42:29'),
	(1659,128,'Floy Schmeler','kgrady@gmail.com','2022-01-27 13:42:29','2022-01-27 13:42:29'),
	(1660,487,'Garnet Nikolaus I','jerde.carleton@hotmail.com','2022-01-27 13:42:29','2022-01-27 13:42:29'),
	(1661,537,'Ebony Haley','arvid38@yahoo.com','2022-01-27 13:42:29','2022-01-27 13:42:29'),
	(1662,98,'Kira Schultz','jeanne.ryan@kub.com','2022-01-27 13:42:29','2022-01-27 13:42:29'),
	(1663,260,'Verner Conn','dmetz@brown.com','2022-01-27 13:42:29','2022-01-27 13:42:29'),
	(1664,170,'Angela Haag','reanna70@abernathy.biz','2022-01-27 13:42:29','2022-01-27 13:42:29'),
	(1665,390,'Carolyne Schuster DVM','rosie.nicolas@gmail.com','2022-01-27 13:42:29','2022-01-27 13:42:29'),
	(1666,295,'Elza Lockman','fatima37@hotmail.com','2022-01-27 13:42:29','2022-01-27 13:42:29'),
	(1667,116,'Emerson O\'Keefe','paucek.bernita@hotmail.com','2022-01-27 13:42:29','2022-01-27 13:42:29'),
	(1668,70,'Prof. Arnulfo Daniel','zgutkowski@stehr.biz','2022-01-27 13:42:29','2022-01-27 13:42:29'),
	(1669,80,'Miss Elta Becker','arvid49@ullrich.org','2022-01-27 13:42:29','2022-01-27 13:42:29'),
	(1670,96,'Dr. Darius Hill','hal12@schmidt.org','2022-01-27 13:42:29','2022-01-27 13:42:29'),
	(1671,13,'Lou Heller III','smith.maddison@walsh.org','2022-01-27 13:42:29','2022-01-27 13:42:29'),
	(1672,51,'Dr. Alphonso Langosh','ortiz.axel@yahoo.com','2022-01-27 13:42:29','2022-01-27 13:42:29'),
	(1673,283,'Lucinda Ruecker','mharber@hotmail.com','2022-01-27 13:42:29','2022-01-27 13:42:29'),
	(1674,530,'Lorena Rutherford','nitzsche.tom@yahoo.com','2022-01-27 13:42:29','2022-01-27 13:42:29'),
	(1675,115,'Juliana Schulist','kieran49@bode.org','2022-01-27 13:42:29','2022-01-27 13:42:29'),
	(1676,189,'Dr. Buford Wehner','ohara.sedrick@herman.com','2022-01-27 13:42:29','2022-01-27 13:42:29'),
	(1677,399,'Kacey Casper','ubergnaum@yahoo.com','2022-01-27 13:42:29','2022-01-27 13:42:29'),
	(1678,8,'Ulises Kub','veum.camilla@yahoo.com','2022-01-27 13:42:29','2022-01-27 13:42:29'),
	(1679,517,'Bernadine Bogisich Sr.','bria.stehr@hotmail.com','2022-01-27 13:42:29','2022-01-27 13:42:29'),
	(1680,350,'Chasity Littel II','haley.adelle@bartoletti.com','2022-01-27 13:42:29','2022-01-27 13:42:29'),
	(1681,415,'Kira Douglas','valentin.greenholt@hahn.info','2022-01-27 13:42:29','2022-01-27 13:42:29'),
	(1682,124,'Jess Ruecker','donnie.hansen@towne.com','2022-01-27 13:42:29','2022-01-27 13:42:29'),
	(1683,140,'Sandrine Hettinger','eratke@lang.com','2022-01-27 13:42:29','2022-01-27 13:42:29'),
	(1684,224,'Gregorio Cremin Jr.','polly64@yahoo.com','2022-01-27 13:42:29','2022-01-27 13:42:29'),
	(1685,265,'Darby Schiller','kkreiger@brown.com','2022-01-27 13:42:29','2022-01-27 13:42:29'),
	(1686,83,'Prof. Alek Dach','frami.darrion@yahoo.com','2022-01-27 13:42:29','2022-01-27 13:42:29'),
	(1687,174,'Florence Legros','shania61@hotmail.com','2022-01-27 13:42:29','2022-01-27 13:42:29'),
	(1688,557,'Cara Brown PhD','uweimann@walsh.com','2022-01-27 13:42:29','2022-01-27 13:42:29'),
	(1689,93,'Dr. Arielle Harris','saige16@collins.net','2022-01-27 13:42:29','2022-01-27 13:42:29'),
	(1690,523,'Ms. Rosemarie Jenkins DDS','nico.rohan@gibson.com','2022-01-27 13:42:29','2022-01-27 13:42:29'),
	(1691,588,'Felicita Connelly Sr.','bailey.carolina@yahoo.com','2022-01-27 13:42:29','2022-01-27 13:42:29'),
	(1692,147,'Laisha Grimes','kari.pacocha@hotmail.com','2022-01-27 13:42:29','2022-01-27 13:42:29'),
	(1693,4,'Dr. Eldon Harris DVM','aoreilly@yahoo.com','2022-01-27 13:42:29','2022-01-27 13:42:29'),
	(1694,345,'Urban Keeling V','lavern.mann@gibson.info','2022-01-27 13:42:29','2022-01-27 13:42:29'),
	(1695,55,'Mr. Vladimir Hegmann III','fay.joe@jacobs.com','2022-01-27 13:42:29','2022-01-27 13:42:29'),
	(1696,222,'Hal Bosco','kelly.kuphal@armstrong.org','2022-01-27 13:42:29','2022-01-27 13:42:29'),
	(1697,231,'Bettye Bergnaum','roxanne.larson@yahoo.com','2022-01-27 13:42:29','2022-01-27 13:42:29'),
	(1698,481,'Thea Ondricka','garth.botsford@wiza.com','2022-01-27 13:42:29','2022-01-27 13:42:29'),
	(1699,27,'Dr. Irving Thompson MD','luther00@hotmail.com','2022-01-27 13:42:29','2022-01-27 13:42:29'),
	(1700,257,'Pedro Ullrich','idella78@yahoo.com','2022-01-27 13:42:29','2022-01-27 13:42:29'),
	(1701,278,'Deondre Reichert PhD','murazik.angelica@lang.info','2022-01-27 13:42:29','2022-01-27 13:42:29'),
	(1702,229,'Dr. Scottie Grady DDS','block.maxie@yahoo.com','2022-01-27 13:42:29','2022-01-27 13:42:29'),
	(1703,20,'Ethel Gleichner II','zleffler@muller.net','2022-01-27 13:42:29','2022-01-27 13:42:29'),
	(1704,118,'Prof. Bernice Ziemann','kavon.aufderhar@yahoo.com','2022-01-27 13:42:29','2022-01-27 13:42:29'),
	(1705,188,'Mr. Conrad Simonis III','brown.brian@gmail.com','2022-01-27 13:42:29','2022-01-27 13:42:29'),
	(1706,9,'Dorothy Trantow','vrohan@cartwright.com','2022-01-27 13:42:29','2022-01-27 13:42:29'),
	(1707,543,'Leilani Kunze','alexandria.wiegand@oreilly.com','2022-01-27 13:42:29','2022-01-27 13:42:29'),
	(1708,265,'Abel Douglas','conroy.gillian@gmail.com','2022-01-27 13:42:29','2022-01-27 13:42:29'),
	(1709,201,'Cassandre Adams','watsica.martine@yahoo.com','2022-01-27 13:42:29','2022-01-27 13:42:29'),
	(1710,552,'Dr. Sidney Von V','yvonne.king@jaskolski.net','2022-01-27 13:42:29','2022-01-27 13:42:29'),
	(1711,472,'Raquel Treutel','kuvalis.jarred@yahoo.com','2022-01-27 13:42:29','2022-01-27 13:42:29'),
	(1712,541,'Mrs. Patience Effertz Sr.','yolanda16@ernser.com','2022-01-27 13:42:29','2022-01-27 13:42:29'),
	(1713,372,'Dr. Zack Conn','shields.theron@hotmail.com','2022-01-27 13:42:29','2022-01-27 13:42:29'),
	(1714,12,'Prof. Hardy Becker','zoila47@kunde.com','2022-01-27 13:42:29','2022-01-27 13:42:29'),
	(1715,323,'Elissa Braun V','lrunte@yahoo.com','2022-01-27 13:42:29','2022-01-27 13:42:29'),
	(1716,189,'Prof. Julia Jakubowski DDS','camden.koelpin@gmail.com','2022-01-27 13:42:29','2022-01-27 13:42:29'),
	(1717,421,'Reba Kuvalis','catalina92@mitchell.net','2022-01-27 13:42:29','2022-01-27 13:42:29'),
	(1718,579,'Prof. Hester Simonis Jr.','okoelpin@gmail.com','2022-01-27 13:42:29','2022-01-27 13:42:29'),
	(1719,438,'Diamond Kub','yesenia.koss@oberbrunner.com','2022-01-27 13:42:29','2022-01-27 13:42:29'),
	(1720,106,'Ms. Connie Schmitt I','hauck.vada@gmail.com','2022-01-27 13:42:29','2022-01-27 13:42:29'),
	(1721,570,'Stephon Bahringer','slangworth@gmail.com','2022-01-27 13:42:29','2022-01-27 13:42:29'),
	(1722,47,'Mr. Keith Hegmann','andre.hills@mueller.info','2022-01-27 13:42:29','2022-01-27 13:42:29'),
	(1723,363,'Clifton Stamm','hassie.shields@goodwin.com','2022-01-27 13:42:29','2022-01-27 13:42:29'),
	(1724,293,'Anne Reynolds','murray.elisabeth@fay.com','2022-01-27 13:42:29','2022-01-27 13:42:29'),
	(1725,422,'Elenor Raynor','nikki.paucek@wehner.net','2022-01-27 13:42:29','2022-01-27 13:42:29'),
	(1726,314,'Jovany Gleichner','berneice.schamberger@yahoo.com','2022-01-27 13:42:29','2022-01-27 13:42:29'),
	(1727,256,'Flo Sporer','howell.stefan@gmail.com','2022-01-27 13:42:29','2022-01-27 13:42:29'),
	(1728,383,'Prof. Patrick Reichel I','milo02@hotmail.com','2022-01-27 13:42:29','2022-01-27 13:42:29'),
	(1729,386,'Ms. Oceane Jones','zora.luettgen@hotmail.com','2022-01-27 13:42:29','2022-01-27 13:42:29'),
	(1730,358,'Josefina Kiehn','pfeffer.laura@hotmail.com','2022-01-27 13:42:29','2022-01-27 13:42:29'),
	(1731,589,'Lavon Bechtelar','kariane.kohler@gmail.com','2022-01-27 13:42:29','2022-01-27 13:42:29'),
	(1732,211,'Gussie Grimes','jnader@bartell.com','2022-01-27 13:42:29','2022-01-27 13:42:29'),
	(1733,222,'Mrs. Rebeka Jones','vicky.hoppe@gmail.com','2022-01-27 13:42:29','2022-01-27 13:42:29'),
	(1734,586,'Diego Von','roberto82@hotmail.com','2022-01-27 13:42:29','2022-01-27 13:42:29'),
	(1735,261,'Marques Braun DVM','kyleigh54@yahoo.com','2022-01-27 13:42:29','2022-01-27 13:42:29'),
	(1736,52,'Mr. Gregorio Breitenberg III','reichert.alvera@hotmail.com','2022-01-27 13:42:29','2022-01-27 13:42:29'),
	(1737,425,'Sasha Thompson','mckayla.leannon@grimes.biz','2022-01-27 13:42:29','2022-01-27 13:42:29'),
	(1738,498,'Mr. Tod Wuckert II','lbartoletti@lowe.com','2022-01-27 13:42:29','2022-01-27 13:42:29'),
	(1739,258,'Carole Heidenreich','kailyn71@yahoo.com','2022-01-27 13:42:29','2022-01-27 13:42:29'),
	(1740,236,'Benton Corwin III','rmoen@gusikowski.com','2022-01-27 13:42:29','2022-01-27 13:42:29'),
	(1741,362,'Paula Bergstrom','nash.thiel@gmail.com','2022-01-27 13:42:29','2022-01-27 13:42:29'),
	(1742,69,'Eryn Koepp Jr.','nkemmer@yahoo.com','2022-01-27 13:42:29','2022-01-27 13:42:29'),
	(1743,54,'Tyree Robel','labbott@gmail.com','2022-01-27 13:42:29','2022-01-27 13:42:29'),
	(1744,229,'Frida Boyle','donnie91@yahoo.com','2022-01-27 13:42:29','2022-01-27 13:42:29'),
	(1745,197,'Layla O\'Connell','jed65@yahoo.com','2022-01-27 13:42:29','2022-01-27 13:42:29'),
	(1746,116,'Robert Durgan','pfannerstill.molly@hotmail.com','2022-01-27 13:42:29','2022-01-27 13:42:29'),
	(1747,545,'Mr. Bartholome Ratke PhD','schimmel.cassidy@yahoo.com','2022-01-27 13:42:29','2022-01-27 13:42:29'),
	(1748,402,'Raymond Bayer','harris.alanna@dare.info','2022-01-27 13:42:29','2022-01-27 13:42:29'),
	(1749,202,'Miss Zita Mueller','ali.christiansen@cartwright.com','2022-01-27 13:42:29','2022-01-27 13:42:29'),
	(1750,467,'Delia Reichert','elockman@gmail.com','2022-01-27 13:42:29','2022-01-27 13:42:29'),
	(1751,516,'Eduardo Gleichner','quigley.donny@gmail.com','2022-01-27 13:42:29','2022-01-27 13:42:29'),
	(1752,597,'Jorge Olson','deon17@homenick.com','2022-01-27 13:42:29','2022-01-27 13:42:29'),
	(1753,179,'Kaley Conroy','gcole@gmail.com','2022-01-27 13:42:29','2022-01-27 13:42:29'),
	(1754,427,'Ida Turner','elroy98@brakus.biz','2022-01-27 13:42:29','2022-01-27 13:42:29'),
	(1755,16,'Lily Oberbrunner','satterfield.juvenal@hotmail.com','2022-01-27 13:42:29','2022-01-27 13:42:29'),
	(1756,269,'Mr. Vincent Collins MD','wolff.emmy@hauck.com','2022-01-27 13:42:29','2022-01-27 13:42:29'),
	(1757,268,'Frederik Schinner V','selina82@yahoo.com','2022-01-27 13:42:29','2022-01-27 13:42:29'),
	(1758,103,'Dr. Winnifred Green','reynolds.bethel@yahoo.com','2022-01-27 13:42:29','2022-01-27 13:42:29'),
	(1759,412,'Kiana Streich','aglover@wunsch.com','2022-01-27 13:42:29','2022-01-27 13:42:29'),
	(1760,470,'Anastacio Powlowski','savannah.rath@schowalter.info','2022-01-27 13:42:29','2022-01-27 13:42:29'),
	(1761,281,'Camille Daniel III','telly.daugherty@kreiger.net','2022-01-27 13:42:29','2022-01-27 13:42:29'),
	(1762,417,'Randi Kub','hbailey@mante.com','2022-01-27 13:42:29','2022-01-27 13:42:29'),
	(1763,564,'Adrien Bechtelar','oswald80@zieme.com','2022-01-27 13:42:29','2022-01-27 13:42:29'),
	(1764,510,'Boyd Wilderman','grant.danny@durgan.com','2022-01-27 13:42:29','2022-01-27 13:42:29'),
	(1765,371,'Anissa Toy','feeney.katrine@frami.com','2022-01-27 13:42:29','2022-01-27 13:42:29'),
	(1766,319,'Rory Parker','ehoeger@hotmail.com','2022-01-27 13:42:29','2022-01-27 13:42:29'),
	(1767,96,'Mr. Vito Legros','ronaldo.bergnaum@hotmail.com','2022-01-27 13:42:29','2022-01-27 13:42:29'),
	(1768,550,'Virgil Von II','joreilly@yahoo.com','2022-01-27 13:42:29','2022-01-27 13:42:29'),
	(1769,402,'Alanis Lakin','shanie.okon@yahoo.com','2022-01-27 13:42:29','2022-01-27 13:42:29'),
	(1770,186,'Logan Leffler','jacobi.janelle@tremblay.org','2022-01-27 13:42:29','2022-01-27 13:42:29'),
	(1771,2,'Daryl Effertz','dudley01@waelchi.info','2022-01-27 13:42:29','2022-01-27 13:42:29'),
	(1772,269,'Evie Kerluke MD','fupton@stracke.com','2022-01-27 13:42:29','2022-01-27 13:42:29'),
	(1773,539,'Dr. Unique Hintz DDS','pacocha.moriah@ebert.com','2022-01-27 13:42:29','2022-01-27 13:42:29'),
	(1774,145,'Brock Hilpert','hoberbrunner@marks.com','2022-01-27 13:42:29','2022-01-27 13:42:29'),
	(1775,113,'Alfonzo Waelchi','hudson.sally@hotmail.com','2022-01-27 13:42:29','2022-01-27 13:42:29'),
	(1776,95,'Mac Corwin','gjerde@gmail.com','2022-01-27 13:42:29','2022-01-27 13:42:29'),
	(1777,558,'Thora Torphy III','bahringer.murl@hotmail.com','2022-01-27 13:42:29','2022-01-27 13:42:29'),
	(1778,139,'Mr. Andre Rolfson','swaniawski.miles@harber.org','2022-01-27 13:42:29','2022-01-27 13:42:29'),
	(1779,588,'Burnice Sporer MD','floyd.stehr@heller.info','2022-01-27 13:42:30','2022-01-27 13:42:30'),
	(1780,450,'Millie Shanahan','esteban70@hotmail.com','2022-01-27 13:42:30','2022-01-27 13:42:30'),
	(1781,389,'Prof. Janis Herzog PhD','marlin44@yahoo.com','2022-01-27 13:42:30','2022-01-27 13:42:30'),
	(1782,121,'Sharon Olson','fritsch.iliana@cole.com','2022-01-27 13:42:30','2022-01-27 13:42:30'),
	(1783,173,'Katheryn Kemmer I','zbins@yahoo.com','2022-01-27 13:42:30','2022-01-27 13:42:30'),
	(1784,436,'Dovie Bashirian IV','cormier.roberto@berge.org','2022-01-27 13:42:30','2022-01-27 13:42:30'),
	(1785,147,'Emmet Weber','thintz@hotmail.com','2022-01-27 13:42:30','2022-01-27 13:42:30'),
	(1786,401,'Forest Douglas','kessler.karen@yahoo.com','2022-01-27 13:42:30','2022-01-27 13:42:30'),
	(1787,531,'Lester Konopelski','glenda.kilback@ratke.net','2022-01-27 13:42:30','2022-01-27 13:42:30'),
	(1788,77,'Vidal Parker III','taufderhar@bernhard.com','2022-01-27 13:42:30','2022-01-27 13:42:30'),
	(1789,147,'Vernon Frami','malvina.ferry@yahoo.com','2022-01-27 13:42:30','2022-01-27 13:42:30'),
	(1790,328,'Ransom Donnelly','otis09@leffler.com','2022-01-27 13:42:30','2022-01-27 13:42:30'),
	(1791,477,'Coty Lynch','eliza.kutch@yahoo.com','2022-01-27 13:42:30','2022-01-27 13:42:30'),
	(1792,104,'Fiona Cummerata V','donnelly.kaitlyn@heaney.net','2022-01-27 13:42:30','2022-01-27 13:42:30'),
	(1793,550,'Dasia Hayes','aokuneva@lind.com','2022-01-27 13:42:30','2022-01-27 13:42:30'),
	(1794,269,'Maye Schinner II','qziemann@gmail.com','2022-01-27 13:42:30','2022-01-27 13:42:30'),
	(1795,525,'Prof. Angela Wisozk','bashirian.katrina@gmail.com','2022-01-27 13:42:30','2022-01-27 13:42:30'),
	(1796,245,'Edward Lesch','josianne10@yahoo.com','2022-01-27 13:42:30','2022-01-27 13:42:30'),
	(1797,557,'Alexandro Reinger','jpowlowski@streich.com','2022-01-27 13:42:30','2022-01-27 13:42:30'),
	(1798,343,'Aimee Lowe IV','rudolph.cole@yahoo.com','2022-01-27 13:42:30','2022-01-27 13:42:30'),
	(1799,197,'Mrs. Tierra Kreiger','deckow.iva@russel.com','2022-01-27 13:42:30','2022-01-27 13:42:30'),
	(1800,500,'Carolyn Cummings','ahmad.gerhold@hegmann.net','2022-01-27 13:42:30','2022-01-27 13:42:30'),
	(1801,127,'Reginald Goldner','norene77@hotmail.com','2022-01-27 13:42:30','2022-01-27 13:42:30'),
	(1802,496,'Hertha Hills','veda.barton@damore.biz','2022-01-27 13:42:30','2022-01-27 13:42:30'),
	(1803,93,'Dr. Marlen Okuneva V','dorcas18@lesch.info','2022-01-27 13:42:30','2022-01-27 13:42:30'),
	(1804,570,'Rhianna Greenfelder','bradly.goyette@hotmail.com','2022-01-27 13:42:30','2022-01-27 13:42:30'),
	(1805,428,'Reinhold Kautzer','gmurray@pfannerstill.com','2022-01-27 13:42:30','2022-01-27 13:42:30'),
	(1806,285,'Jakayla Erdman','balistreri.friedrich@roob.com','2022-01-27 13:42:30','2022-01-27 13:42:30'),
	(1807,15,'Ms. Juanita Graham','evangeline96@prosacco.com','2022-01-27 13:42:30','2022-01-27 13:42:30'),
	(1808,549,'Jody Schoen','zyundt@gmail.com','2022-01-27 13:42:30','2022-01-27 13:42:30'),
	(1809,41,'Ms. Autumn Grady','alia.hansen@durgan.com','2022-01-27 13:42:30','2022-01-27 13:42:30'),
	(1810,544,'Olga Spinka Sr.','sterling62@gerhold.biz','2022-01-27 13:42:30','2022-01-27 13:42:30'),
	(1811,494,'Katelin Hayes IV','raynor.una@lynch.net','2022-01-27 13:42:30','2022-01-27 13:42:30'),
	(1812,499,'Ms. Kirsten Moore DVM','monica16@gmail.com','2022-01-27 13:42:30','2022-01-27 13:42:30'),
	(1813,48,'Jaiden Hand','rau.tamia@gmail.com','2022-01-27 13:42:30','2022-01-27 13:42:30'),
	(1814,228,'Levi Raynor','manuel23@hotmail.com','2022-01-27 13:42:30','2022-01-27 13:42:30'),
	(1815,330,'Rosalyn Herzog','ibrahim70@gmail.com','2022-01-27 13:42:30','2022-01-27 13:42:30'),
	(1816,162,'Adelbert Feest','dwight82@gmail.com','2022-01-27 13:42:30','2022-01-27 13:42:30'),
	(1817,177,'Delfina Smith','stoltenberg.fritz@leffler.com','2022-01-27 13:42:30','2022-01-27 13:42:30'),
	(1818,36,'Teagan Hackett','zbernhard@yahoo.com','2022-01-27 13:42:30','2022-01-27 13:42:30'),
	(1819,301,'Thalia Connelly','deontae77@prosacco.com','2022-01-27 13:42:30','2022-01-27 13:42:30'),
	(1820,92,'Dejah Ward','wintheiser.lawson@hayes.com','2022-01-27 13:42:30','2022-01-27 13:42:30'),
	(1821,507,'Lula Torp','arlo.ernser@yahoo.com','2022-01-27 13:42:30','2022-01-27 13:42:30'),
	(1822,200,'Prof. Electa Rath','burnice31@kovacek.org','2022-01-27 13:42:30','2022-01-27 13:42:30'),
	(1823,333,'Malinda Treutel III','lavern31@gmail.com','2022-01-27 13:42:30','2022-01-27 13:42:30'),
	(1824,516,'Arden Hintz IV','bblick@kuhic.biz','2022-01-27 13:42:30','2022-01-27 13:42:30'),
	(1825,168,'Miss Dorothy Bayer','stan.hirthe@yahoo.com','2022-01-27 13:42:30','2022-01-27 13:42:30'),
	(1826,203,'General Murazik','volkman.alba@mccullough.org','2022-01-27 13:42:30','2022-01-27 13:42:30'),
	(1827,559,'Mr. Rodger Greenfelder','gerardo.bayer@cormier.org','2022-01-27 13:42:30','2022-01-27 13:42:30'),
	(1828,592,'Ms. Aubrey Hoppe','brooklyn55@kreiger.com','2022-01-27 13:42:30','2022-01-27 13:42:30'),
	(1829,61,'Ms. Minerva Bogan','dawn.doyle@marquardt.com','2022-01-27 13:42:30','2022-01-27 13:42:30'),
	(1830,381,'Tyler Greenholt','reichel.annie@gmail.com','2022-01-27 13:42:30','2022-01-27 13:42:30'),
	(1831,522,'Mossie Shields','mills.blaise@yahoo.com','2022-01-27 13:42:30','2022-01-27 13:42:30'),
	(1832,467,'Ian Toy','martin33@hotmail.com','2022-01-27 13:42:30','2022-01-27 13:42:30'),
	(1833,537,'Jamel O\'Conner','aroberts@mraz.com','2022-01-27 13:42:30','2022-01-27 13:42:30'),
	(1834,355,'Ms. Stephany Keebler V','charlene81@kertzmann.net','2022-01-27 13:42:30','2022-01-27 13:42:30'),
	(1835,16,'Clare Blanda','schowalter.abbie@bailey.com','2022-01-27 13:42:30','2022-01-27 13:42:30'),
	(1836,447,'Ruthe Lemke III','denesik.hadley@yahoo.com','2022-01-27 13:42:30','2022-01-27 13:42:30'),
	(1837,383,'Vivian Lowe','lrolfson@gmail.com','2022-01-27 13:42:30','2022-01-27 13:42:30'),
	(1838,216,'Linda Lubowitz','zhomenick@yahoo.com','2022-01-27 13:42:30','2022-01-27 13:42:30'),
	(1839,280,'Dr. Kiel Wisoky','elmore03@yahoo.com','2022-01-27 13:42:30','2022-01-27 13:42:30'),
	(1840,426,'Ronny Dare','uschmitt@yahoo.com','2022-01-27 13:42:30','2022-01-27 13:42:30'),
	(1841,329,'Rosalyn Lueilwitz','nmaggio@gmail.com','2022-01-27 13:42:30','2022-01-27 13:42:30'),
	(1842,239,'Lisa Goodwin','astreich@gutmann.com','2022-01-27 13:42:30','2022-01-27 13:42:30'),
	(1843,47,'Patsy Nicolas','fklein@witting.info','2022-01-27 13:42:30','2022-01-27 13:42:30'),
	(1844,201,'Rosemary Keebler II','lang.leanna@stanton.biz','2022-01-27 13:42:30','2022-01-27 13:42:30'),
	(1845,95,'Rae Schiller','egorczany@wilkinson.com','2022-01-27 13:42:30','2022-01-27 13:42:30'),
	(1846,14,'Prof. Kaylie Veum','vhamill@yahoo.com','2022-01-27 13:42:30','2022-01-27 13:42:30'),
	(1847,340,'Keyshawn Wehner','adeline.paucek@gmail.com','2022-01-27 13:42:30','2022-01-27 13:42:30'),
	(1848,51,'Dr. Johann Bogisich IV','garnett.rogahn@gmail.com','2022-01-27 13:42:30','2022-01-27 13:42:30'),
	(1849,499,'Dr. Maximilian Lueilwitz DVM','walter.emmanuel@hotmail.com','2022-01-27 13:42:30','2022-01-27 13:42:30'),
	(1850,428,'Santos Hodkiewicz PhD','clarissa.heaney@berge.biz','2022-01-27 13:42:30','2022-01-27 13:42:30'),
	(1851,387,'Dr. Jacquelyn Wehner III','rkulas@mcclure.info','2022-01-27 13:42:30','2022-01-27 13:42:30'),
	(1852,551,'Ignatius Hickle','eloise.gorczany@connelly.biz','2022-01-27 13:42:30','2022-01-27 13:42:30'),
	(1853,596,'Earlene Conn','rglover@jast.org','2022-01-27 13:42:30','2022-01-27 13:42:30'),
	(1854,457,'Ms. Mandy Kihn','mckenna00@hotmail.com','2022-01-27 13:42:30','2022-01-27 13:42:30'),
	(1855,195,'Della Stehr','dweimann@schiller.net','2022-01-27 13:42:30','2022-01-27 13:42:30'),
	(1856,457,'Micaela Schulist','neoma.kemmer@hotmail.com','2022-01-27 13:42:30','2022-01-27 13:42:30'),
	(1857,43,'Golda O\'Hara','lenny.barrows@gmail.com','2022-01-27 13:42:30','2022-01-27 13:42:30'),
	(1858,158,'Louie Simonis I','shackett@bednar.com','2022-01-27 13:42:30','2022-01-27 13:42:30'),
	(1859,219,'Dr. Harold Kuhlman Jr.','mann.merle@hotmail.com','2022-01-27 13:42:30','2022-01-27 13:42:30'),
	(1860,76,'Kiara McClure','rdooley@krajcik.org','2022-01-27 13:42:30','2022-01-27 13:42:30'),
	(1861,43,'Mrs. Madeline Klocko I','swolf@yahoo.com','2022-01-27 13:42:30','2022-01-27 13:42:30'),
	(1862,544,'Arvel Marks','diana.damore@hotmail.com','2022-01-27 13:42:30','2022-01-27 13:42:30'),
	(1863,547,'Wyatt Durgan','lindsay.hill@hotmail.com','2022-01-27 13:42:30','2022-01-27 13:42:30'),
	(1864,190,'Jimmie Berge','benton85@yahoo.com','2022-01-27 13:42:30','2022-01-27 13:42:30'),
	(1865,231,'Nettie Huel','rickey.schinner@heathcote.com','2022-01-27 13:42:30','2022-01-27 13:42:30'),
	(1866,496,'Cassandra Walsh','torp.flo@gmail.com','2022-01-27 13:42:30','2022-01-27 13:42:30'),
	(1867,1,'Dr. Janis Kihn IV','annalise.hettinger@gmail.com','2022-01-27 13:42:30','2022-01-27 13:42:30'),
	(1868,156,'Lon Rosenbaum','damon.gerlach@beier.info','2022-01-27 13:42:30','2022-01-27 13:42:30'),
	(1869,340,'Jody Abbott','hlittle@metz.com','2022-01-27 13:42:30','2022-01-27 13:42:30'),
	(1870,214,'Laverna Tromp V','lilyan.collins@hotmail.com','2022-01-27 13:42:30','2022-01-27 13:42:30'),
	(1871,170,'Vinnie Shields Sr.','daisha.effertz@hotmail.com','2022-01-27 13:42:30','2022-01-27 13:42:30'),
	(1872,578,'Mrs. Santina Sawayn','deshawn64@gmail.com','2022-01-27 13:42:30','2022-01-27 13:42:30'),
	(1873,206,'Dr. Eliane O\'Reilly','breitenberg.anna@hotmail.com','2022-01-27 13:42:30','2022-01-27 13:42:30'),
	(1874,73,'Amina Wolf','bechtelar.columbus@gmail.com','2022-01-27 13:42:30','2022-01-27 13:42:30'),
	(1875,310,'Telly Howell','sister49@yahoo.com','2022-01-27 13:42:30','2022-01-27 13:42:30'),
	(1876,269,'Prof. Louvenia Stoltenberg','xzavier21@yahoo.com','2022-01-27 13:42:30','2022-01-27 13:42:30'),
	(1877,195,'Hyman Legros PhD','gkoss@moore.com','2022-01-27 13:42:30','2022-01-27 13:42:30'),
	(1878,87,'Miss Anabelle Runte','idibbert@farrell.com','2022-01-27 13:42:30','2022-01-27 13:42:30'),
	(1879,584,'Ellen Wiegand','hermiston.hardy@yahoo.com','2022-01-27 13:42:30','2022-01-27 13:42:30'),
	(1880,290,'Shirley Zieme V','qlemke@gmail.com','2022-01-27 13:42:30','2022-01-27 13:42:30'),
	(1881,287,'Lexus Legros','miller.winfield@gmail.com','2022-01-27 13:42:30','2022-01-27 13:42:30'),
	(1882,399,'Aletha Yundt','jesse.trantow@effertz.net','2022-01-27 13:42:30','2022-01-27 13:42:30'),
	(1883,291,'Mr. Jefferey Gerhold','barrett.nikolaus@hermann.org','2022-01-27 13:42:30','2022-01-27 13:42:30'),
	(1884,518,'Rashad Beahan','elisabeth98@gmail.com','2022-01-27 13:42:30','2022-01-27 13:42:30'),
	(1885,552,'Dr. Gretchen Jakubowski PhD','monahan.meda@hotmail.com','2022-01-27 13:42:30','2022-01-27 13:42:30'),
	(1886,242,'Marley Connelly','gortiz@yahoo.com','2022-01-27 13:42:30','2022-01-27 13:42:30'),
	(1887,367,'Prof. Manley Witting','wilhelm54@prosacco.com','2022-01-27 13:42:30','2022-01-27 13:42:30'),
	(1888,290,'Mae Cronin','labadie.candace@yahoo.com','2022-01-27 13:42:30','2022-01-27 13:42:30'),
	(1889,513,'Dr. Genesis Krajcik II','haylie.adams@welch.com','2022-01-27 13:42:30','2022-01-27 13:42:30'),
	(1890,262,'Vladimir Tromp','rhianna.kunde@hotmail.com','2022-01-27 13:42:30','2022-01-27 13:42:30'),
	(1891,54,'Clotilde Schiller','caesar.hand@hotmail.com','2022-01-27 13:42:30','2022-01-27 13:42:30'),
	(1892,38,'Benjamin Douglas','dkoss@yahoo.com','2022-01-27 13:42:30','2022-01-27 13:42:30'),
	(1893,178,'Roberta Mitchell','kuphal.rocio@yahoo.com','2022-01-27 13:42:30','2022-01-27 13:42:30'),
	(1894,336,'Blanca Schaden','rachelle.greenfelder@gmail.com','2022-01-27 13:42:30','2022-01-27 13:42:30'),
	(1895,510,'Juvenal Johnston','miller.friesen@yahoo.com','2022-01-27 13:42:30','2022-01-27 13:42:30'),
	(1896,165,'Filiberto Legros','gorczany.anabel@kuhic.net','2022-01-27 13:42:30','2022-01-27 13:42:30'),
	(1897,426,'Addie Schamberger','qsauer@ruecker.com','2022-01-27 13:42:30','2022-01-27 13:42:30'),
	(1898,146,'Destany Schamberger III','emard.gabriel@hotmail.com','2022-01-27 13:42:30','2022-01-27 13:42:30'),
	(1899,223,'Lavern Mraz','goldner.gideon@yahoo.com','2022-01-27 13:42:30','2022-01-27 13:42:30'),
	(1900,127,'Rickey Herzog','nicholaus82@hotmail.com','2022-01-27 13:42:30','2022-01-27 13:42:30'),
	(1901,97,'Laurel Hills','emie.larson@hotmail.com','2022-01-27 13:42:30','2022-01-27 13:42:30'),
	(1902,432,'Mr. Christop Cartwright II','goodwin.palma@yahoo.com','2022-01-27 13:42:30','2022-01-27 13:42:30'),
	(1903,548,'Malvina Pfeffer','rtoy@yahoo.com','2022-01-27 13:42:30','2022-01-27 13:42:30'),
	(1904,118,'Stephania Sanford','muriel08@becker.biz','2022-01-27 13:42:30','2022-01-27 13:42:30'),
	(1905,386,'Mrs. Miracle Mayer V','luna.morar@hotmail.com','2022-01-27 13:42:30','2022-01-27 13:42:30'),
	(1906,317,'Geraldine Towne','jose34@gmail.com','2022-01-27 13:42:30','2022-01-27 13:42:30'),
	(1907,158,'Mrs. Genevieve Abernathy I','rosa34@yahoo.com','2022-01-27 13:42:30','2022-01-27 13:42:30'),
	(1908,339,'Mr. Andy Rogahn','bkuphal@nader.com','2022-01-27 13:42:30','2022-01-27 13:42:30'),
	(1909,145,'Warren Keebler','noemi.corwin@zulauf.info','2022-01-27 13:42:30','2022-01-27 13:42:30'),
	(1910,361,'Ms. Magdalen Rodriguez Jr.','hmann@mitchell.net','2022-01-27 13:42:30','2022-01-27 13:42:30'),
	(1911,156,'Susana Davis IV','uhagenes@dibbert.org','2022-01-27 13:42:30','2022-01-27 13:42:30'),
	(1912,141,'Dr. Crystal O\'Reilly','kbogisich@gmail.com','2022-01-27 13:42:30','2022-01-27 13:42:30'),
	(1913,260,'Sophie Green','ramiro09@hoppe.org','2022-01-27 13:42:30','2022-01-27 13:42:30'),
	(1914,141,'Raul Konopelski','ferry.dorothea@yahoo.com','2022-01-27 13:42:30','2022-01-27 13:42:30'),
	(1915,180,'Andreanne Ankunding DDS','houston15@yahoo.com','2022-01-27 13:42:30','2022-01-27 13:42:30'),
	(1916,436,'Gabrielle Kemmer','maxine.kutch@hotmail.com','2022-01-27 13:42:30','2022-01-27 13:42:30'),
	(1917,47,'Ms. Misty Smith','yolanda.rice@yahoo.com','2022-01-27 13:42:30','2022-01-27 13:42:30'),
	(1918,151,'Prof. Delmer Doyle','lavon.predovic@farrell.com','2022-01-27 13:42:30','2022-01-27 13:42:30'),
	(1919,543,'Nicholas Koepp Jr.','okon.cecile@greenholt.com','2022-01-27 13:42:30','2022-01-27 13:42:30'),
	(1920,123,'Mr. Irwin Terry','qluettgen@christiansen.com','2022-01-27 13:42:30','2022-01-27 13:42:30'),
	(1921,167,'Kyla Upton Sr.','eichmann.elissa@wiza.org','2022-01-27 13:42:30','2022-01-27 13:42:30'),
	(1922,470,'Prof. Dejon Parisian Jr.','qbruen@hotmail.com','2022-01-27 13:42:30','2022-01-27 13:42:30'),
	(1923,448,'Meaghan Rau','vernice.koepp@yahoo.com','2022-01-27 13:42:30','2022-01-27 13:42:30'),
	(1924,559,'Prof. Clement O\'Conner','candido.hammes@bernhard.com','2022-01-27 13:42:30','2022-01-27 13:42:30'),
	(1925,548,'Faye Greenholt','akilback@gmail.com','2022-01-27 13:42:30','2022-01-27 13:42:30'),
	(1926,70,'Dr. Guillermo Beatty MD','creichel@johnston.net','2022-01-27 13:42:30','2022-01-27 13:42:30'),
	(1927,243,'Aubree Schmeler','mkub@yahoo.com','2022-01-27 13:42:30','2022-01-27 13:42:30'),
	(1928,103,'Joseph Boyle PhD','kianna66@hotmail.com','2022-01-27 13:42:30','2022-01-27 13:42:30'),
	(1929,35,'Dr. Myriam Lockman','augustus54@hotmail.com','2022-01-27 13:42:30','2022-01-27 13:42:30'),
	(1930,103,'Leola Hodkiewicz III','garth.auer@hotmail.com','2022-01-27 13:42:30','2022-01-27 13:42:30'),
	(1931,98,'Markus Nienow','bwisoky@gmail.com','2022-01-27 13:42:30','2022-01-27 13:42:30'),
	(1932,115,'Price Cartwright','joy31@hackett.net','2022-01-27 13:42:30','2022-01-27 13:42:30'),
	(1933,36,'Prof. Mia Goldner Sr.','etowne@hotmail.com','2022-01-27 13:42:30','2022-01-27 13:42:30'),
	(1934,263,'Marian Tillman','kertzmann.katrine@mertz.net','2022-01-27 13:42:30','2022-01-27 13:42:30'),
	(1935,299,'Tatyana Braun','mitchell41@bogan.org','2022-01-27 13:42:30','2022-01-27 13:42:30'),
	(1936,244,'Prof. Jamison Gleason V','ymuller@mante.com','2022-01-27 13:42:30','2022-01-27 13:42:30'),
	(1937,324,'Delores Fisher','zborer@gmail.com','2022-01-27 13:42:30','2022-01-27 13:42:30'),
	(1938,255,'Dr. Virginie Paucek','monroe.douglas@gmail.com','2022-01-27 13:42:30','2022-01-27 13:42:30'),
	(1939,586,'Ole Miller','otto34@mayert.com','2022-01-27 13:42:30','2022-01-27 13:42:30'),
	(1940,350,'Miss Delphine Hahn Sr.','xmccullough@hotmail.com','2022-01-27 13:42:30','2022-01-27 13:42:30'),
	(1941,449,'Abdiel Medhurst Jr.','greenholt.arely@yahoo.com','2022-01-27 13:42:30','2022-01-27 13:42:30'),
	(1942,88,'Yoshiko Littel Jr.','wwuckert@hotmail.com','2022-01-27 13:42:30','2022-01-27 13:42:30'),
	(1943,124,'Adriel Barton Sr.','keebler.zula@gmail.com','2022-01-27 13:42:30','2022-01-27 13:42:30'),
	(1944,68,'Tara Stracke','giuseppe69@gmail.com','2022-01-27 13:42:30','2022-01-27 13:42:30'),
	(1945,312,'Dr. Harrison Kshlerin','dgusikowski@shanahan.com','2022-01-27 13:42:30','2022-01-27 13:42:30'),
	(1946,359,'Madelynn Stroman Sr.','anissa29@jacobs.biz','2022-01-27 13:42:30','2022-01-27 13:42:30'),
	(1947,481,'Kavon Gorczany','wiley78@gmail.com','2022-01-27 13:42:30','2022-01-27 13:42:30'),
	(1948,290,'Gonzalo Daugherty','bergstrom.jaydon@bednar.com','2022-01-27 13:42:30','2022-01-27 13:42:30'),
	(1949,35,'Katelynn Ankunding','eichmann.orpha@gmail.com','2022-01-27 13:42:30','2022-01-27 13:42:30'),
	(1950,439,'Hayden Carroll V','grayce.metz@torphy.com','2022-01-27 13:42:30','2022-01-27 13:42:30'),
	(1951,579,'Stacy Kreiger','jess13@hotmail.com','2022-01-27 13:42:30','2022-01-27 13:42:30'),
	(1952,156,'Mozelle Hilpert','fdouglas@franecki.info','2022-01-27 13:42:30','2022-01-27 13:42:30'),
	(1953,300,'Lukas Kuvalis','hayden.mertz@robel.net','2022-01-27 13:42:30','2022-01-27 13:42:30'),
	(1954,587,'Prof. Dorthy Bayer Sr.','hunter64@yahoo.com','2022-01-27 13:42:30','2022-01-27 13:42:30'),
	(1955,296,'Prof. Hayley McClure IV','norval42@homenick.com','2022-01-27 13:42:30','2022-01-27 13:42:30'),
	(1956,50,'Grayson Greenholt III','johnson.shaniya@sawayn.com','2022-01-27 13:42:30','2022-01-27 13:42:30'),
	(1957,15,'Miss Sophie Prohaska MD','hane.tracey@gmail.com','2022-01-27 13:42:30','2022-01-27 13:42:30'),
	(1958,600,'Mr. Antwon Feest','peggie.swift@gmail.com','2022-01-27 13:42:30','2022-01-27 13:42:30'),
	(1959,281,'Dr. Kari Swaniawski','hansen.elinor@larkin.com','2022-01-27 13:42:30','2022-01-27 13:42:30'),
	(1960,408,'Nelle Bogan','olaf23@gmail.com','2022-01-27 13:42:30','2022-01-27 13:42:30'),
	(1961,179,'Alvera Moore I','troy.wolf@hotmail.com','2022-01-27 13:42:30','2022-01-27 13:42:30'),
	(1962,370,'Prof. Diamond Casper','fbotsford@yahoo.com','2022-01-27 13:42:30','2022-01-27 13:42:30'),
	(1963,285,'Alia Krajcik','jermey.hamill@hotmail.com','2022-01-27 13:42:30','2022-01-27 13:42:30'),
	(1964,447,'Ashlee Bartoletti DVM','stark.kamren@hotmail.com','2022-01-27 13:42:30','2022-01-27 13:42:30'),
	(1965,294,'Katharina Kassulke','murl.monahan@treutel.com','2022-01-27 13:42:30','2022-01-27 13:42:30'),
	(1966,287,'Rebecca Borer','murray.laurine@gmail.com','2022-01-27 13:42:30','2022-01-27 13:42:30'),
	(1967,506,'Noble Kautzer','gzemlak@gmail.com','2022-01-27 13:42:30','2022-01-27 13:42:30'),
	(1968,376,'Leone Dickens DDS','rozella.kohler@hansen.biz','2022-01-27 13:42:30','2022-01-27 13:42:30'),
	(1969,439,'Briana Mraz','elouise.barton@dietrich.com','2022-01-27 13:42:30','2022-01-27 13:42:30'),
	(1970,572,'Tressie Kiehn','gleichner.henri@hotmail.com','2022-01-27 13:42:30','2022-01-27 13:42:30'),
	(1971,48,'Shirley Koch','torphy.samir@bins.com','2022-01-27 13:42:30','2022-01-27 13:42:30'),
	(1972,267,'Kelsie Rutherford','ally69@mante.net','2022-01-27 13:42:30','2022-01-27 13:42:30'),
	(1973,129,'Hellen Rice','jolie43@hotmail.com','2022-01-27 13:42:30','2022-01-27 13:42:30'),
	(1974,545,'Catharine Leannon','koss.haskell@yahoo.com','2022-01-27 13:42:30','2022-01-27 13:42:30'),
	(1975,389,'Dr. Clair Kuphal Jr.','skiles.angelica@yahoo.com','2022-01-27 13:42:30','2022-01-27 13:42:30'),
	(1976,54,'Glenda Hansen','psawayn@yahoo.com','2022-01-27 13:42:30','2022-01-27 13:42:30'),
	(1977,186,'Julianne Treutel','kuhn.julia@yahoo.com','2022-01-27 13:42:30','2022-01-27 13:42:30'),
	(1978,582,'Aidan Hammes Sr.','kertzmann.justus@cronin.com','2022-01-27 13:42:30','2022-01-27 13:42:30'),
	(1979,505,'Adrian O\'Kon DVM','stevie.altenwerth@gmail.com','2022-01-27 13:42:30','2022-01-27 13:42:30'),
	(1980,34,'Leone Rath','feeney.elna@deckow.com','2022-01-27 13:42:30','2022-01-27 13:42:30'),
	(1981,516,'Antonette Cole Sr.','bertha.hintz@morissette.com','2022-01-27 13:42:30','2022-01-27 13:42:30'),
	(1982,576,'Prof. Rosalind Conroy II','ibalistreri@gmail.com','2022-01-27 13:42:30','2022-01-27 13:42:30'),
	(1983,26,'Vivianne Crooks','ozella.schneider@yahoo.com','2022-01-27 13:42:30','2022-01-27 13:42:30'),
	(1984,6,'Mrs. Teagan Luettgen Jr.','mackenzie.armstrong@gmail.com','2022-01-27 13:42:30','2022-01-27 13:42:30'),
	(1985,366,'Leonie Zboncak','glover.ena@little.com','2022-01-27 13:42:30','2022-01-27 13:42:30'),
	(1986,37,'Carlotta Haag','ora02@stiedemann.net','2022-01-27 13:42:30','2022-01-27 13:42:30'),
	(1987,232,'Maegan Walker','nikolaus.araceli@schaden.biz','2022-01-27 13:42:30','2022-01-27 13:42:30'),
	(1988,585,'Dr. Elmo Parisian Sr.','rogahn.joan@koss.org','2022-01-27 13:42:30','2022-01-27 13:42:30'),
	(1989,460,'Nellie Hettinger','ila.klein@bauch.com','2022-01-27 13:42:30','2022-01-27 13:42:30'),
	(1990,83,'Merle Christiansen','conn.elijah@gmail.com','2022-01-27 13:42:30','2022-01-27 13:42:30'),
	(1991,485,'Mrs. Virginia Miller','wisoky.enos@will.com','2022-01-27 13:42:30','2022-01-27 13:42:30'),
	(1992,312,'Lauryn Funk DDS','tillman.bailee@hotmail.com','2022-01-27 13:42:30','2022-01-27 13:42:30'),
	(1993,202,'Dr. Nikki Abshire I','leda.cummerata@hotmail.com','2022-01-27 13:42:30','2022-01-27 13:42:30'),
	(1994,504,'Linda Pouros','jabari.franecki@yahoo.com','2022-01-27 13:42:30','2022-01-27 13:42:30'),
	(1995,98,'Lesly Funk','stanton.jabari@murray.com','2022-01-27 13:42:30','2022-01-27 13:42:30'),
	(1996,113,'Sonya Marvin','quinton.feeney@gmail.com','2022-01-27 13:42:30','2022-01-27 13:42:30'),
	(1997,180,'Mrs. Rahsaan Jerde V','justen63@yahoo.com','2022-01-27 13:42:30','2022-01-27 13:42:30'),
	(1998,179,'Dr. Geovanni Jaskolski','hudson.samara@gmail.com','2022-01-27 13:42:30','2022-01-27 13:42:30'),
	(1999,532,'Marcel Bartoletti','carter.shea@smitham.info','2022-01-27 13:42:30','2022-01-27 13:42:30'),
	(2000,486,'Ayana Fritsch DVM','jreichel@trantow.com','2022-01-27 13:42:30','2022-01-27 13:42:30'),
	(2001,142,'Baby Borer','smitham.ellis@buckridge.org','2022-01-27 13:42:30','2022-01-27 13:42:30'),
	(2002,432,'Torey Purdy','tavares92@hotmail.com','2022-01-27 13:42:30','2022-01-27 13:42:30'),
	(2003,458,'Ole Hermiston','nicholaus.dooley@hotmail.com','2022-01-27 13:42:30','2022-01-27 13:42:30'),
	(2004,392,'Ms. Chyna Ryan','kulas.aniya@rice.org','2022-01-27 13:42:30','2022-01-27 13:42:30'),
	(2005,51,'Dr. Colby Spinka Sr.','lkutch@gmail.com','2022-01-27 13:42:30','2022-01-27 13:42:30'),
	(2006,471,'Wilburn Bergstrom DDS','dlemke@yahoo.com','2022-01-27 13:42:30','2022-01-27 13:42:30'),
	(2007,558,'Taya Rowe','ckoepp@flatley.com','2022-01-27 13:42:30','2022-01-27 13:42:30'),
	(2008,77,'Dylan Weissnat IV','laurianne92@lebsack.com','2022-01-27 13:42:30','2022-01-27 13:42:30'),
	(2009,367,'Milo Schuster','jared.tromp@hotmail.com','2022-01-27 13:42:30','2022-01-27 13:42:30'),
	(2010,201,'Luigi Kshlerin','judge78@ohara.net','2022-01-27 13:42:30','2022-01-27 13:42:30'),
	(2011,563,'Malvina O\'Hara','hbernhard@gmail.com','2022-01-27 13:42:30','2022-01-27 13:42:30'),
	(2012,136,'Gregorio Johnston','blick.wilmer@pfeffer.com','2022-01-27 13:42:30','2022-01-27 13:42:30'),
	(2013,90,'Mr. Travon Rippin','xanderson@hotmail.com','2022-01-27 13:42:30','2022-01-27 13:42:30'),
	(2014,137,'Luz Gislason','rocio51@yundt.net','2022-01-27 13:42:30','2022-01-27 13:42:30'),
	(2015,488,'Jayden Kertzmann III','witting.susan@gmail.com','2022-01-27 13:42:30','2022-01-27 13:42:30'),
	(2016,431,'Mallie Hansen','cchamplin@hotmail.com','2022-01-27 13:42:30','2022-01-27 13:42:30'),
	(2017,172,'Antonetta Nicolas DDS','jillian06@yahoo.com','2022-01-27 13:42:30','2022-01-27 13:42:30'),
	(2018,73,'Gunner Pouros III','frederic81@bergnaum.com','2022-01-27 13:42:30','2022-01-27 13:42:30'),
	(2019,67,'Gudrun Toy','fadel.fritz@hahn.biz','2022-01-27 13:42:30','2022-01-27 13:42:30'),
	(2020,445,'Mrs. Erika Champlin','isauer@gmail.com','2022-01-27 13:42:30','2022-01-27 13:42:30'),
	(2021,421,'Gaetano Wunsch','destini.cummings@yahoo.com','2022-01-27 13:42:30','2022-01-27 13:42:30'),
	(2022,382,'Mrs. Aurore Leffler II','wschuster@greenfelder.com','2022-01-27 13:42:30','2022-01-27 13:42:30'),
	(2023,593,'Prof. Lester Nolan','hermiston.jarred@mosciski.biz','2022-01-27 13:42:30','2022-01-27 13:42:30'),
	(2024,457,'Dusty Schuppe','oswald65@ryan.org','2022-01-27 13:42:30','2022-01-27 13:42:30'),
	(2025,432,'Elliott Grant I','gilberto17@gmail.com','2022-01-27 13:42:30','2022-01-27 13:42:30'),
	(2026,50,'Amaya Wuckert','kuhlman.robyn@yahoo.com','2022-01-27 13:42:30','2022-01-27 13:42:30'),
	(2027,41,'Mayra Pagac','brandon.zieme@towne.com','2022-01-27 13:42:30','2022-01-27 13:42:30'),
	(2028,241,'King Brakus V','torrance.conn@rempel.com','2022-01-27 13:42:30','2022-01-27 13:42:30'),
	(2029,55,'Bryana Bahringer','lebsack.dorothea@gmail.com','2022-01-27 13:42:30','2022-01-27 13:42:30'),
	(2030,45,'Mr. Skylar Little','flarkin@yahoo.com','2022-01-27 13:42:30','2022-01-27 13:42:30'),
	(2031,40,'Kamren Block','annette64@hotmail.com','2022-01-27 13:42:30','2022-01-27 13:42:30'),
	(2032,80,'Shayna Parisian','mohammed44@gmail.com','2022-01-27 13:42:30','2022-01-27 13:42:30'),
	(2033,118,'Kaya Gutmann IV','eladio.metz@hotmail.com','2022-01-27 13:42:30','2022-01-27 13:42:30'),
	(2034,291,'Lia Stamm DDS','mohamed26@hotmail.com','2022-01-27 13:42:30','2022-01-27 13:42:30'),
	(2035,408,'Jonatan Zemlak','rauer@hotmail.com','2022-01-27 13:42:30','2022-01-27 13:42:30'),
	(2036,325,'Virgie Gleichner','nienow.alfonso@stroman.net','2022-01-27 13:42:30','2022-01-27 13:42:30'),
	(2037,320,'Rubie Hand','macejkovic.naomie@gmail.com','2022-01-27 13:42:30','2022-01-27 13:42:30'),
	(2038,549,'Consuelo Wolf','drake45@grady.org','2022-01-27 13:42:30','2022-01-27 13:42:30'),
	(2039,187,'Felicity Nader','blaise11@gmail.com','2022-01-27 13:42:30','2022-01-27 13:42:30'),
	(2040,25,'Sandrine Kirlin','eweber@mante.com','2022-01-27 13:42:30','2022-01-27 13:42:30'),
	(2041,270,'Prof. Melyna McClure','murphy21@thompson.info','2022-01-27 13:42:30','2022-01-27 13:42:30'),
	(2042,221,'Dr. Clinton Wisozk','lura06@yahoo.com','2022-01-27 13:42:30','2022-01-27 13:42:30'),
	(2043,362,'Prof. Tamara Hauck II','paige.considine@yahoo.com','2022-01-27 13:42:30','2022-01-27 13:42:30'),
	(2044,90,'Ms. Jadyn Doyle','alec.kuhlman@will.com','2022-01-27 13:42:30','2022-01-27 13:42:30'),
	(2045,280,'Jayson Cruickshank','marquardt.vernie@carroll.com','2022-01-27 13:42:30','2022-01-27 13:42:30'),
	(2046,218,'Carley Hickle','glen.moore@yahoo.com','2022-01-27 13:42:30','2022-01-27 13:42:30'),
	(2047,568,'Sammie Howell Sr.','brenda.graham@watsica.info','2022-01-27 13:42:30','2022-01-27 13:42:30'),
	(2048,35,'Braxton Kemmer II','violet.zemlak@yahoo.com','2022-01-27 13:42:30','2022-01-27 13:42:30'),
	(2049,398,'Kaylie King','marcelle.boehm@wilkinson.net','2022-01-27 13:42:30','2022-01-27 13:42:30'),
	(2050,322,'Dr. Jamey Hessel III','rhill@gmail.com','2022-01-27 13:42:30','2022-01-27 13:42:30'),
	(2051,560,'Jamar Langworth','ehamill@lind.info','2022-01-27 13:42:30','2022-01-27 13:42:30'),
	(2052,360,'Prof. Otilia West','alison.koepp@nolan.com','2022-01-27 13:42:30','2022-01-27 13:42:30'),
	(2053,490,'Rowena Hamill Sr.','buford.pagac@klein.com','2022-01-27 13:42:30','2022-01-27 13:42:30'),
	(2054,292,'Alyce Barrows V','ahmed.daugherty@gorczany.com','2022-01-27 13:42:30','2022-01-27 13:42:30'),
	(2055,212,'Dahlia Waelchi DDS','geoffrey99@gmail.com','2022-01-27 13:42:30','2022-01-27 13:42:30'),
	(2056,460,'Rosario Rohan','runte.hayden@yahoo.com','2022-01-27 13:42:30','2022-01-27 13:42:30'),
	(2057,161,'Lavon Funk','kglover@smith.com','2022-01-27 13:42:30','2022-01-27 13:42:30'),
	(2058,446,'Prof. Dannie Schmidt IV','dmetz@ankunding.org','2022-01-27 13:42:30','2022-01-27 13:42:30'),
	(2059,524,'Kim Grant','dusty11@yahoo.com','2022-01-27 13:42:30','2022-01-27 13:42:30'),
	(2060,175,'Patricia Wintheiser','jan.aufderhar@yahoo.com','2022-01-27 13:42:30','2022-01-27 13:42:30'),
	(2061,284,'Kaci Gottlieb','wgibson@grant.com','2022-01-27 13:42:30','2022-01-27 13:42:30'),
	(2062,187,'Carmel Hoeger V','nigel.batz@koelpin.biz','2022-01-27 13:42:30','2022-01-27 13:42:30'),
	(2063,114,'Ellsworth Ziemann','wilhelmine91@runolfsson.com','2022-01-27 13:42:30','2022-01-27 13:42:30'),
	(2064,516,'Toney Ward','samir.bergnaum@raynor.org','2022-01-27 13:42:30','2022-01-27 13:42:30'),
	(2065,466,'Millie Prohaska Sr.','gerardo.harvey@stanton.com','2022-01-27 13:42:30','2022-01-27 13:42:30'),
	(2066,532,'Raquel Gutmann','ortiz.alfreda@gmail.com','2022-01-27 13:42:30','2022-01-27 13:42:30'),
	(2067,474,'Fleta Lebsack','reynolds.guido@kuphal.com','2022-01-27 13:42:30','2022-01-27 13:42:30'),
	(2068,108,'Jermaine Schaden DDS','stevie.roberts@yahoo.com','2022-01-27 13:42:30','2022-01-27 13:42:30'),
	(2069,77,'Name West','weber.wilber@feil.info','2022-01-27 13:42:30','2022-01-27 13:42:30'),
	(2070,567,'Miss Vivian Weissnat IV','chanel.legros@yahoo.com','2022-01-27 13:42:30','2022-01-27 13:42:30'),
	(2071,576,'Hermann Toy Jr.','stephon.dibbert@kessler.com','2022-01-27 13:42:30','2022-01-27 13:42:30'),
	(2072,557,'Zita Volkman','mia.mante@gmail.com','2022-01-27 13:42:30','2022-01-27 13:42:30'),
	(2073,468,'Petra Ritchie','alva.ryan@gmail.com','2022-01-27 13:42:30','2022-01-27 13:42:30'),
	(2074,387,'Tom Rice II','nkuphal@beatty.net','2022-01-27 13:42:30','2022-01-27 13:42:30'),
	(2075,147,'Macy Ratke','nigel57@senger.com','2022-01-27 13:42:30','2022-01-27 13:42:30'),
	(2076,104,'Moriah Kuphal','cbogan@weimann.info','2022-01-27 13:42:30','2022-01-27 13:42:30'),
	(2077,182,'Lesly Stanton','mschuppe@brakus.com','2022-01-27 13:42:30','2022-01-27 13:42:30'),
	(2078,468,'Zachariah Gaylord Sr.','kenneth.thompson@gmail.com','2022-01-27 13:42:30','2022-01-27 13:42:30'),
	(2079,428,'Randi Kuphal','fcummerata@carroll.com','2022-01-27 13:42:30','2022-01-27 13:42:30'),
	(2080,423,'Miss Graciela Leannon DDS','rjerde@gmail.com','2022-01-27 13:42:30','2022-01-27 13:42:30'),
	(2081,521,'Prof. Jessica Von III','nmoore@gmail.com','2022-01-27 13:42:30','2022-01-27 13:42:30'),
	(2082,288,'Isaias O\'Reilly DDS','kole.abbott@lockman.com','2022-01-27 13:42:30','2022-01-27 13:42:30'),
	(2083,49,'Mario Carroll','inicolas@hotmail.com','2022-01-27 13:42:30','2022-01-27 13:42:30'),
	(2084,588,'Dejah Ebert','juston37@rolfson.com','2022-01-27 13:42:30','2022-01-27 13:42:30'),
	(2085,434,'Prof. Mohammad Gibson III','lehner.lizeth@yahoo.com','2022-01-27 13:42:30','2022-01-27 13:42:30'),
	(2086,153,'Mr. Davonte Schoen','kenneth39@yahoo.com','2022-01-27 13:42:30','2022-01-27 13:42:30'),
	(2087,226,'Bridgette Yundt','ilubowitz@dicki.com','2022-01-27 13:42:30','2022-01-27 13:42:30'),
	(2088,71,'Dawson Robel','josianne63@bayer.com','2022-01-27 13:42:30','2022-01-27 13:42:30'),
	(2089,43,'Fannie Hagenes','sandy.toy@rath.com','2022-01-27 13:42:30','2022-01-27 13:42:30'),
	(2090,486,'Arely Kassulke','hmonahan@hagenes.com','2022-01-27 13:42:30','2022-01-27 13:42:30'),
	(2091,410,'Ms. Ottilie Kub PhD','kamron.sawayn@yahoo.com','2022-01-27 13:42:30','2022-01-27 13:42:30'),
	(2092,321,'Rod Dicki','delfina.hills@yahoo.com','2022-01-27 13:42:30','2022-01-27 13:42:30'),
	(2093,461,'Helene Fadel','fritz.grady@rowe.org','2022-01-27 13:42:30','2022-01-27 13:42:30'),
	(2094,430,'Thelma Brekke','murazik.bernard@metz.biz','2022-01-27 13:42:30','2022-01-27 13:42:30'),
	(2095,353,'Leonel Huels','bert84@yahoo.com','2022-01-27 13:42:30','2022-01-27 13:42:30'),
	(2096,471,'Jeremy Kozey','nkirlin@hotmail.com','2022-01-27 13:42:30','2022-01-27 13:42:30'),
	(2097,435,'Rosamond Kohler','lenore07@hotmail.com','2022-01-27 13:42:30','2022-01-27 13:42:30'),
	(2098,398,'Arvid Pagac','reyes.hessel@yahoo.com','2022-01-27 13:42:30','2022-01-27 13:42:30'),
	(2099,472,'Ms. Romaine Harris III','schmitt.eino@yahoo.com','2022-01-27 13:42:30','2022-01-27 13:42:30'),
	(2100,590,'Celestine Vandervort','cristina.grant@yahoo.com','2022-01-27 13:42:30','2022-01-27 13:42:30'),
	(2101,80,'Mrs. Aryanna Reichel II','fcrist@gmail.com','2022-01-27 13:42:30','2022-01-27 13:42:30'),
	(2102,594,'Kellen Kassulke','czulauf@gerlach.com','2022-01-27 13:42:30','2022-01-27 13:42:30'),
	(2103,349,'Mallory Bradtke','dhudson@aufderhar.info','2022-01-27 13:42:30','2022-01-27 13:42:30'),
	(2104,587,'Aglae Bruen','emante@nitzsche.biz','2022-01-27 13:42:30','2022-01-27 13:42:30'),
	(2105,209,'Karianne Hermiston MD','florida.marks@yahoo.com','2022-01-27 13:42:30','2022-01-27 13:42:30'),
	(2106,288,'Dr. Destin Rodriguez','bayer.blanche@yahoo.com','2022-01-27 13:42:30','2022-01-27 13:42:30'),
	(2107,426,'Lincoln Kirlin','reed48@gmail.com','2022-01-27 13:42:30','2022-01-27 13:42:30'),
	(2108,577,'Sid Toy','buckridge.meredith@hotmail.com','2022-01-27 13:42:30','2022-01-27 13:42:30'),
	(2109,177,'Mrs. Pasquale Heller','lula.hartmann@schmeler.org','2022-01-27 13:42:30','2022-01-27 13:42:30'),
	(2110,508,'Johnpaul Turner','okon.kacie@hotmail.com','2022-01-27 13:42:30','2022-01-27 13:42:30'),
	(2111,420,'Dr. Bernardo Parisian','zkunze@johnson.net','2022-01-27 13:42:30','2022-01-27 13:42:30'),
	(2112,352,'Shanon Kuhlman','awisozk@predovic.com','2022-01-27 13:42:30','2022-01-27 13:42:30'),
	(2113,318,'Logan Schmitt','kiehn.estefania@carter.com','2022-01-27 13:42:30','2022-01-27 13:42:30'),
	(2114,346,'Prof. Camryn Gerhold DVM','kuvalis.vergie@yahoo.com','2022-01-27 13:42:30','2022-01-27 13:42:30'),
	(2115,1,'Greyson Robel','rowe.enrique@jones.com','2022-01-27 13:42:30','2022-01-27 13:42:30'),
	(2116,193,'Raymond Frami DVM','kianna.waters@yahoo.com','2022-01-27 13:42:30','2022-01-27 13:42:30'),
	(2117,597,'Dayton Runolfsdottir','ubradtke@hotmail.com','2022-01-27 13:42:30','2022-01-27 13:42:30'),
	(2118,121,'Mellie Emard','denesik.sonia@yahoo.com','2022-01-27 13:42:30','2022-01-27 13:42:30'),
	(2119,411,'Furman Heller','kohler.cecilia@howe.biz','2022-01-27 13:42:30','2022-01-27 13:42:30'),
	(2120,222,'Cicero Sporer','zlarson@gmail.com','2022-01-27 13:42:30','2022-01-27 13:42:30'),
	(2121,277,'Colton Emard','sharon.huel@kub.com','2022-01-27 13:42:30','2022-01-27 13:42:30'),
	(2122,547,'Larissa Hane','lizzie.friesen@gmail.com','2022-01-27 13:42:30','2022-01-27 13:42:30'),
	(2123,162,'Jackson Sauer','grogahn@conn.com','2022-01-27 13:42:30','2022-01-27 13:42:30'),
	(2124,172,'Octavia Schuster Jr.','christophe51@yahoo.com','2022-01-27 13:42:30','2022-01-27 13:42:30'),
	(2125,546,'Demond Welch','harvey.daren@hotmail.com','2022-01-27 13:42:30','2022-01-27 13:42:30'),
	(2126,105,'Thurman Schuster','kautzer.minerva@koelpin.com','2022-01-27 13:42:30','2022-01-27 13:42:30'),
	(2127,180,'Deron Reynolds','quigley.alisha@waelchi.net','2022-01-27 13:42:30','2022-01-27 13:42:30'),
	(2128,85,'Lucienne Hauck','cummings.godfrey@cormier.info','2022-01-27 13:42:30','2022-01-27 13:42:30'),
	(2129,195,'Filiberto Brown DVM','emerald72@gmail.com','2022-01-27 13:42:30','2022-01-27 13:42:30'),
	(2130,524,'Lorena Emmerich','grau@morar.com','2022-01-27 13:42:30','2022-01-27 13:42:30'),
	(2131,23,'Mrs. Kellie Monahan III','cblick@roberts.biz','2022-01-27 13:42:30','2022-01-27 13:42:30'),
	(2132,374,'Prof. Lionel Wiegand PhD','madyson.hessel@yahoo.com','2022-01-27 13:42:30','2022-01-27 13:42:30'),
	(2133,511,'Prof. Adriana Zieme I','amiya86@hotmail.com','2022-01-27 13:42:30','2022-01-27 13:42:30'),
	(2134,326,'Charles Bartoletti','florine.bernier@eichmann.info','2022-01-27 13:42:30','2022-01-27 13:42:30'),
	(2135,590,'Frederik Schiller','lelah.kling@gislason.org','2022-01-27 13:42:30','2022-01-27 13:42:30'),
	(2136,422,'Verner O\'Connell','kuhn.connie@yahoo.com','2022-01-27 13:42:30','2022-01-27 13:42:30'),
	(2137,514,'Carlee Erdman','rempel.jaquan@hansen.com','2022-01-27 13:42:30','2022-01-27 13:42:30'),
	(2138,131,'Thomas Blick','dglover@gmail.com','2022-01-27 13:42:30','2022-01-27 13:42:30'),
	(2139,422,'Mr. Haleigh Kertzmann DVM','ashly67@luettgen.com','2022-01-27 13:42:30','2022-01-27 13:42:30'),
	(2140,257,'Alan Wisozk','xgerlach@hotmail.com','2022-01-27 13:42:30','2022-01-27 13:42:30'),
	(2141,514,'Mr. Robb Kuhic MD','lhomenick@borer.com','2022-01-27 13:42:30','2022-01-27 13:42:30'),
	(2142,506,'Emilie Ondricka','jmarks@leuschke.com','2022-01-27 13:42:30','2022-01-27 13:42:30'),
	(2143,179,'Kendall Von','joesph32@rogahn.net','2022-01-27 13:42:30','2022-01-27 13:42:30'),
	(2144,357,'Rodrigo Collins DDS','celestine.leffler@zboncak.org','2022-01-27 13:42:30','2022-01-27 13:42:30'),
	(2145,341,'Tre Doyle','estell.price@hotmail.com','2022-01-27 13:42:30','2022-01-27 13:42:30'),
	(2146,543,'Mrs. Bridie Halvorson','west.berneice@dickens.com','2022-01-27 13:42:30','2022-01-27 13:42:30'),
	(2147,61,'Cicero Kuhn','earl50@marquardt.com','2022-01-27 13:42:30','2022-01-27 13:42:30'),
	(2148,406,'Pamela Kris','miller.hailey@kiehn.com','2022-01-27 13:42:30','2022-01-27 13:42:30'),
	(2149,4,'Mr. Trace Brown II','ndaniel@runte.com','2022-01-27 13:42:30','2022-01-27 13:42:30'),
	(2150,39,'Prof. Amos Kuphal Sr.','nicole29@hotmail.com','2022-01-27 13:42:30','2022-01-27 13:42:30'),
	(2151,95,'Bennie Fadel DDS','thalvorson@bogan.org','2022-01-27 13:42:30','2022-01-27 13:42:30'),
	(2152,48,'Maximillia Ankunding','rhane@yahoo.com','2022-01-27 13:42:30','2022-01-27 13:42:30'),
	(2153,146,'Urban Pfeffer','jacobi.anthony@gmail.com','2022-01-27 13:42:30','2022-01-27 13:42:30'),
	(2154,34,'Pasquale Schulist','forrest.collins@hammes.com','2022-01-27 13:42:30','2022-01-27 13:42:30'),
	(2155,407,'Isaac O\'Conner','johns.leo@kihn.org','2022-01-27 13:42:30','2022-01-27 13:42:30'),
	(2156,488,'Prof. Theodora Morissette','lacy35@zieme.com','2022-01-27 13:42:30','2022-01-27 13:42:30'),
	(2157,263,'Braden O\'Conner','holly14@feil.com','2022-01-27 13:42:30','2022-01-27 13:42:30'),
	(2158,260,'Andre Cormier','dianna58@klocko.com','2022-01-27 13:42:30','2022-01-27 13:42:30'),
	(2159,305,'Ernest Walker','tara.schimmel@gmail.com','2022-01-27 13:42:30','2022-01-27 13:42:30'),
	(2160,162,'Demond Graham','taylor.lakin@kris.net','2022-01-27 13:42:30','2022-01-27 13:42:30'),
	(2161,248,'Dr. Scotty Jakubowski','vskiles@mohr.com','2022-01-27 13:42:30','2022-01-27 13:42:30'),
	(2162,308,'Tierra Homenick','hmoore@reinger.com','2022-01-27 13:42:30','2022-01-27 13:42:30'),
	(2163,128,'Dr. Chanelle Jacobi','mspinka@kulas.com','2022-01-27 13:42:30','2022-01-27 13:42:30'),
	(2164,487,'Prof. Lee Hagenes','schumm.gerhard@hotmail.com','2022-01-27 13:42:30','2022-01-27 13:42:30'),
	(2165,296,'Eulah Abshire','schamberger.albertha@green.net','2022-01-27 13:42:30','2022-01-27 13:42:30'),
	(2166,473,'Dr. Virginia Okuneva','kaya.turner@ratke.biz','2022-01-27 13:42:30','2022-01-27 13:42:30'),
	(2167,294,'Leif Torphy','devonte.mcclure@kunde.net','2022-01-27 13:42:30','2022-01-27 13:42:30'),
	(2168,420,'Carolyne Christiansen','francesca.hammes@smitham.com','2022-01-27 13:42:30','2022-01-27 13:42:30'),
	(2169,554,'Miss River Ferry MD','nathanael39@goldner.com','2022-01-27 13:42:30','2022-01-27 13:42:30'),
	(2170,228,'Miss Ima Huels','dennis.sporer@murphy.com','2022-01-27 13:42:30','2022-01-27 13:42:30'),
	(2171,377,'Coty Sawayn','hickle.ruby@zulauf.org','2022-01-27 13:42:30','2022-01-27 13:42:30'),
	(2172,480,'Magali Cole III','uharvey@hotmail.com','2022-01-27 13:42:30','2022-01-27 13:42:30'),
	(2173,379,'Dayton Pollich PhD','hilpert.mittie@koch.biz','2022-01-27 13:42:30','2022-01-27 13:42:30'),
	(2174,507,'Mr. Richmond Rice','dean.schultz@hotmail.com','2022-01-27 13:42:30','2022-01-27 13:42:30'),
	(2175,483,'Prof. Jamel Stokes Jr.','tina.pagac@gmail.com','2022-01-27 13:42:30','2022-01-27 13:42:30'),
	(2176,495,'Mrs. Elvie Ziemann MD','yyost@gmail.com','2022-01-27 13:42:30','2022-01-27 13:42:30'),
	(2177,487,'Bryon O\'Keefe','tressa73@hotmail.com','2022-01-27 13:42:30','2022-01-27 13:42:30'),
	(2178,439,'Jacky Berge','tristian.lindgren@becker.com','2022-01-27 13:42:30','2022-01-27 13:42:30'),
	(2179,561,'Tyson Hickle','daren.larkin@hotmail.com','2022-01-27 13:42:30','2022-01-27 13:42:30'),
	(2180,98,'Beryl Koepp','brippin@herzog.biz','2022-01-27 13:42:30','2022-01-27 13:42:30'),
	(2181,178,'Kenton Roob','abigayle.walker@yahoo.com','2022-01-27 13:42:30','2022-01-27 13:42:30'),
	(2182,581,'Dr. Scotty Homenick','kristy.ryan@hotmail.com','2022-01-27 13:42:30','2022-01-27 13:42:30'),
	(2183,528,'Tyree Jast V','juliana85@yahoo.com','2022-01-27 13:42:30','2022-01-27 13:42:30'),
	(2184,102,'Mr. Kaleb Gleason Sr.','vwiza@hotmail.com','2022-01-27 13:42:30','2022-01-27 13:42:30'),
	(2185,544,'Kaelyn Boehm','kassandra01@schultz.com','2022-01-27 13:42:30','2022-01-27 13:42:30'),
	(2186,385,'Mrs. Nettie Hoeger','blanche94@yahoo.com','2022-01-27 13:42:30','2022-01-27 13:42:30'),
	(2187,415,'Mrs. Elouise Bayer','cortney.brakus@yahoo.com','2022-01-27 13:42:30','2022-01-27 13:42:30'),
	(2188,38,'Reymundo Schamberger V','kamille.reilly@hotmail.com','2022-01-27 13:42:30','2022-01-27 13:42:30'),
	(2189,358,'Katherine Cummerata','syble.rau@dooley.com','2022-01-27 13:42:30','2022-01-27 13:42:30'),
	(2190,459,'Dr. Elias Krajcik','kaylah12@yahoo.com','2022-01-27 13:42:30','2022-01-27 13:42:30'),
	(2191,596,'Hailie Rippin','abner.sanford@hotmail.com','2022-01-27 13:42:30','2022-01-27 13:42:30'),
	(2192,302,'Lolita Reichert','ernser.devin@rosenbaum.com','2022-01-27 13:42:30','2022-01-27 13:42:30'),
	(2193,597,'Dr. Nya Pfeffer IV','gwendolyn76@gmail.com','2022-01-27 13:42:30','2022-01-27 13:42:30'),
	(2194,501,'Mr. Aaron Torp PhD','monahan.fritz@brown.info','2022-01-27 13:42:30','2022-01-27 13:42:30'),
	(2195,260,'Leone Kertzmann','bayer.natasha@wilkinson.com','2022-01-27 13:42:30','2022-01-27 13:42:30'),
	(2196,26,'Prof. Jakob Stamm DVM','casimir.nienow@bartell.com','2022-01-27 13:42:30','2022-01-27 13:42:30'),
	(2197,197,'Mrs. Alexanne Schaefer MD','sauer.kiley@hotmail.com','2022-01-27 13:42:30','2022-01-27 13:42:30'),
	(2198,88,'Allan Corkery III','garnet08@gorczany.net','2022-01-27 13:42:30','2022-01-27 13:42:30'),
	(2199,92,'Mrs. Anne Watsica I','keyshawn51@nolan.com','2022-01-27 13:42:30','2022-01-27 13:42:30'),
	(2200,251,'Aliya Raynor','betty26@yahoo.com','2022-01-27 13:42:30','2022-01-27 13:42:30'),
	(2201,505,'Dr. Reyna Goyette DDS','tom.brekke@hotmail.com','2022-01-27 13:42:30','2022-01-27 13:42:30'),
	(2202,61,'Prof. Kyleigh Romaguera','kaylie05@kiehn.com','2022-01-27 13:42:30','2022-01-27 13:42:30'),
	(2203,589,'Abdiel Kuhic','clakin@turner.com','2022-01-27 13:42:30','2022-01-27 13:42:30'),
	(2204,165,'Teagan Carter III','lafayette.murazik@moore.com','2022-01-27 13:42:30','2022-01-27 13:42:30'),
	(2205,339,'Prof. Garrick Purdy','mossie76@hotmail.com','2022-01-27 13:42:30','2022-01-27 13:42:30'),
	(2206,434,'Flavie Hodkiewicz','evie.shanahan@torphy.com','2022-01-27 13:42:30','2022-01-27 13:42:30'),
	(2207,405,'Dr. Freda Ryan','reyes.harris@gmail.com','2022-01-27 13:42:30','2022-01-27 13:42:30'),
	(2208,139,'Mr. Luigi Dicki Jr.','ustark@hotmail.com','2022-01-27 13:42:30','2022-01-27 13:42:30'),
	(2209,437,'Sammie Hill','jokeefe@gmail.com','2022-01-27 13:42:30','2022-01-27 13:42:30'),
	(2210,290,'Concepcion Kuvalis','aufderhar.osvaldo@gmail.com','2022-01-27 13:42:30','2022-01-27 13:42:30'),
	(2211,513,'Miss Victoria Satterfield Jr.','donny82@gmail.com','2022-01-27 13:42:30','2022-01-27 13:42:30'),
	(2212,166,'Mrs. Zoe Predovic','adare@hauck.com','2022-01-27 13:42:30','2022-01-27 13:42:30'),
	(2213,475,'Alba Lockman','jamar.predovic@douglas.org','2022-01-27 13:42:30','2022-01-27 13:42:30'),
	(2214,477,'Dr. Nayeli Cummerata Jr.','aaliyah54@gmail.com','2022-01-27 13:42:30','2022-01-27 13:42:30'),
	(2215,152,'Bette Powlowski','jamar.smitham@bednar.com','2022-01-27 13:42:30','2022-01-27 13:42:30'),
	(2216,273,'Prof. Angus Carroll Jr.','hobart.boyer@gmail.com','2022-01-27 13:42:30','2022-01-27 13:42:30'),
	(2217,444,'Miles Daniel','hkuhn@stiedemann.info','2022-01-27 13:42:30','2022-01-27 13:42:30'),
	(2218,514,'Margret Feeney I','khintz@yahoo.com','2022-01-27 13:42:30','2022-01-27 13:42:30'),
	(2219,261,'Eugene Hegmann','kiara.lindgren@brown.com','2022-01-27 13:42:30','2022-01-27 13:42:30'),
	(2220,311,'Leslie McKenzie','pfannerstill.verona@dickinson.com','2022-01-27 13:42:30','2022-01-27 13:42:30'),
	(2221,25,'Prof. Jorge Hansen','cheyanne.bosco@yahoo.com','2022-01-27 13:42:30','2022-01-27 13:42:30'),
	(2222,223,'Dr. Bertha Will','melvina.mayer@gmail.com','2022-01-27 13:42:30','2022-01-27 13:42:30'),
	(2223,206,'Mr. Mitchel Kemmer','hunter.mckenzie@hotmail.com','2022-01-27 13:42:30','2022-01-27 13:42:30'),
	(2224,157,'Samantha Swaniawski','farrell.germaine@gmail.com','2022-01-27 13:42:30','2022-01-27 13:42:30'),
	(2225,18,'Miss Nelle Abbott IV','ethyl.donnelly@parisian.com','2022-01-27 13:42:30','2022-01-27 13:42:30'),
	(2226,133,'Ms. River Orn III','homenick.larue@rath.biz','2022-01-27 13:42:30','2022-01-27 13:42:30'),
	(2227,456,'Dr. Brook Graham DVM','eusebio.hansen@heaney.com','2022-01-27 13:42:30','2022-01-27 13:42:30'),
	(2228,531,'Elroy O\'Conner','kiley.ondricka@hotmail.com','2022-01-27 13:42:30','2022-01-27 13:42:30'),
	(2229,358,'Harry Brekke','luigi.mohr@yahoo.com','2022-01-27 13:42:30','2022-01-27 13:42:30'),
	(2230,447,'Mr. Micah McGlynn III','ktorphy@yahoo.com','2022-01-27 13:42:30','2022-01-27 13:42:30'),
	(2231,331,'Roxane Lockman III','vpurdy@hotmail.com','2022-01-27 13:42:30','2022-01-27 13:42:30'),
	(2232,394,'Dr. Edwin O\'Kon II','vinnie57@yahoo.com','2022-01-27 13:42:30','2022-01-27 13:42:30'),
	(2233,252,'Eleanora Hudson','yazmin00@gmail.com','2022-01-27 13:42:30','2022-01-27 13:42:30'),
	(2234,67,'Abbigail Bode','emanuel10@rolfson.com','2022-01-27 13:42:30','2022-01-27 13:42:30'),
	(2235,328,'Miss Zelma Schinner Sr.','michel.lebsack@ebert.com','2022-01-27 13:42:30','2022-01-27 13:42:30'),
	(2236,44,'Nona Crist','morissette.adolf@gmail.com','2022-01-27 13:42:30','2022-01-27 13:42:30'),
	(2237,236,'Mr. Bill Hettinger','elena31@gmail.com','2022-01-27 13:42:30','2022-01-27 13:42:30'),
	(2238,330,'Lavina Baumbach','eliseo07@mann.com','2022-01-27 13:42:30','2022-01-27 13:42:30'),
	(2239,272,'Monserrat Price','hhaley@bruen.net','2022-01-27 13:42:30','2022-01-27 13:42:30'),
	(2240,181,'Nickolas Hegmann','west.violet@konopelski.org','2022-01-27 13:42:30','2022-01-27 13:42:30'),
	(2241,309,'Prof. Kirsten Ryan DDS','schaden.jarret@gmail.com','2022-01-27 13:42:30','2022-01-27 13:42:30'),
	(2242,102,'Prof. Destany Pouros','johnnie75@mohr.com','2022-01-27 13:42:30','2022-01-27 13:42:30'),
	(2243,14,'Micheal Baumbach II','yasmin.simonis@gmail.com','2022-01-27 13:42:30','2022-01-27 13:42:30'),
	(2244,145,'Mr. Bennie Howell MD','annabelle.pfeffer@yahoo.com','2022-01-27 13:42:30','2022-01-27 13:42:30'),
	(2245,157,'Odessa Cormier','daniel.helene@gmail.com','2022-01-27 13:42:30','2022-01-27 13:42:30'),
	(2246,44,'Dr. Darien Homenick III','pierre.batz@hotmail.com','2022-01-27 13:42:30','2022-01-27 13:42:30'),
	(2247,96,'Candelario Crooks V','pfannerstill.carli@schultz.com','2022-01-27 13:42:30','2022-01-27 13:42:30'),
	(2248,226,'Antoinette Crona','blaze.halvorson@yahoo.com','2022-01-27 13:42:30','2022-01-27 13:42:30'),
	(2249,533,'Ms. Josianne Veum','izaiah.nader@ferry.net','2022-01-27 13:42:30','2022-01-27 13:42:30'),
	(2250,418,'Roy Cremin DVM','yschmidt@hotmail.com','2022-01-27 13:42:30','2022-01-27 13:42:30'),
	(2251,510,'Dr. Fletcher Feil IV','kovacek.german@haag.com','2022-01-27 13:42:30','2022-01-27 13:42:30'),
	(2252,593,'Alaina Kuhic','josiah82@corwin.net','2022-01-27 13:42:30','2022-01-27 13:42:30'),
	(2253,155,'Ms. Cassidy Johnson','elizabeth.rogahn@williamson.org','2022-01-27 13:42:30','2022-01-27 13:42:30'),
	(2254,46,'Anya Collins','enos78@eichmann.info','2022-01-27 13:42:30','2022-01-27 13:42:30'),
	(2255,414,'Dr. Garrick Stark II','rice.sidney@gmail.com','2022-01-27 13:42:30','2022-01-27 13:42:30'),
	(2256,552,'Jammie Keeling','ehickle@lesch.com','2022-01-27 13:42:30','2022-01-27 13:42:30'),
	(2257,467,'Dr. Nash Donnelly MD','michel28@mclaughlin.net','2022-01-27 13:42:30','2022-01-27 13:42:30'),
	(2258,237,'Eda Frami','queen18@windler.biz','2022-01-27 13:42:30','2022-01-27 13:42:30'),
	(2259,367,'Annie Schamberger II','koch.sigrid@cummerata.info','2022-01-27 13:42:30','2022-01-27 13:42:30'),
	(2260,494,'Krystel Wisoky','xjenkins@hotmail.com','2022-01-27 13:42:30','2022-01-27 13:42:30'),
	(2261,400,'Valentin Spinka','ariel.hyatt@hotmail.com','2022-01-27 13:42:30','2022-01-27 13:42:30'),
	(2262,204,'Loraine Casper III','zkris@pouros.com','2022-01-27 13:42:30','2022-01-27 13:42:30'),
	(2263,581,'Forest Emmerich IV','aditya63@kovacek.com','2022-01-27 13:42:30','2022-01-27 13:42:30'),
	(2264,59,'Mr. Waylon King','lessie16@hessel.com','2022-01-27 13:42:30','2022-01-27 13:42:30'),
	(2265,287,'Mr. Jordy Quigley','cordelia.goodwin@hotmail.com','2022-01-27 13:42:30','2022-01-27 13:42:30'),
	(2266,347,'Ernie Carter','violette83@corkery.biz','2022-01-27 13:42:30','2022-01-27 13:42:30'),
	(2267,365,'Delphia Murray','hilario41@gmail.com','2022-01-27 13:42:30','2022-01-27 13:42:30'),
	(2268,7,'Zelma Cole','orion43@durgan.org','2022-01-27 13:42:30','2022-01-27 13:42:30'),
	(2269,198,'Mr. Maxime Schiller','reynold71@spinka.com','2022-01-27 13:42:30','2022-01-27 13:42:30'),
	(2270,229,'Dr. Teagan Hettinger MD','lilliana43@glover.net','2022-01-27 13:42:30','2022-01-27 13:42:30'),
	(2271,360,'Dr. Eldora Keeling','hane.domenick@gmail.com','2022-01-27 13:42:30','2022-01-27 13:42:30'),
	(2272,570,'Eugenia Klocko','bbergstrom@maggio.com','2022-01-27 13:42:30','2022-01-27 13:42:30'),
	(2273,569,'Caitlyn Conn','nigel30@yahoo.com','2022-01-27 13:42:30','2022-01-27 13:42:30'),
	(2274,264,'Federico Ortiz DDS','libby.klocko@morar.net','2022-01-27 13:42:30','2022-01-27 13:42:30'),
	(2275,275,'Ms. Dakota Langworth','susan05@hotmail.com','2022-01-27 13:42:30','2022-01-27 13:42:30'),
	(2276,120,'Miss Amber Willms','connelly.russell@little.com','2022-01-27 13:42:30','2022-01-27 13:42:30'),
	(2277,600,'Kariane Bayer','alaina.abbott@hotmail.com','2022-01-27 13:42:30','2022-01-27 13:42:30'),
	(2278,181,'Emerald Gusikowski','esauer@hotmail.com','2022-01-27 13:42:30','2022-01-27 13:42:30'),
	(2279,499,'Edna Beahan','sheila.goldner@kuhic.com','2022-01-27 13:42:30','2022-01-27 13:42:30'),
	(2280,274,'Cristopher Smith','stephany39@hotmail.com','2022-01-27 13:42:30','2022-01-27 13:42:30'),
	(2281,521,'Ms. Alexanne Dibbert','seth69@yahoo.com','2022-01-27 13:42:30','2022-01-27 13:42:30'),
	(2282,88,'Serenity Jacobi','breichert@gmail.com','2022-01-27 13:42:30','2022-01-27 13:42:30'),
	(2283,381,'Amie Lindgren V','emueller@yahoo.com','2022-01-27 13:42:30','2022-01-27 13:42:30'),
	(2284,539,'Mr. Horace Sporer','carolanne.graham@denesik.com','2022-01-27 13:42:30','2022-01-27 13:42:30'),
	(2285,188,'Nigel Volkman','kgoodwin@yahoo.com','2022-01-27 13:42:30','2022-01-27 13:42:30'),
	(2286,316,'Arvilla Haley','swift.zelda@dubuque.com','2022-01-27 13:42:30','2022-01-27 13:42:30'),
	(2287,14,'Santiago Balistreri I','luther.von@gmail.com','2022-01-27 13:42:30','2022-01-27 13:42:30'),
	(2288,59,'Dr. Kavon Witting PhD','nathanael22@bogan.net','2022-01-27 13:42:30','2022-01-27 13:42:30'),
	(2289,557,'Hannah Cummerata IV','salvatore64@yahoo.com','2022-01-27 13:42:30','2022-01-27 13:42:30'),
	(2290,314,'Dr. Jake Hirthe I','demetris38@hotmail.com','2022-01-27 13:42:31','2022-01-27 13:42:31'),
	(2291,233,'Fae Denesik','mante.joelle@gmail.com','2022-01-27 13:42:31','2022-01-27 13:42:31'),
	(2292,462,'Emma Runte II','hester83@gmail.com','2022-01-27 13:42:31','2022-01-27 13:42:31'),
	(2293,500,'Zander Kozey','piper85@osinski.info','2022-01-27 13:42:31','2022-01-27 13:42:31'),
	(2294,232,'London Schaden','baron.schmitt@zulauf.net','2022-01-27 13:42:31','2022-01-27 13:42:31'),
	(2295,287,'Jerad Predovic','savion.borer@ohara.com','2022-01-27 13:42:31','2022-01-27 13:42:31'),
	(2296,431,'Leif McLaughlin','aabernathy@kuphal.com','2022-01-27 13:42:31','2022-01-27 13:42:31'),
	(2297,352,'Ethyl Padberg','djaskolski@renner.com','2022-01-27 13:42:31','2022-01-27 13:42:31'),
	(2298,194,'Malvina Ryan','loma22@yahoo.com','2022-01-27 13:42:31','2022-01-27 13:42:31'),
	(2299,310,'Cathy Bradtke','jfriesen@kiehn.com','2022-01-27 13:42:31','2022-01-27 13:42:31'),
	(2300,2,'Dr. Kenton Stokes','iherman@yahoo.com','2022-01-27 13:42:31','2022-01-27 13:42:31'),
	(2301,487,'Christopher Leffler','candace60@cole.com','2022-01-27 13:42:31','2022-01-27 13:42:31'),
	(2302,109,'Christop Mayert','stuart.jast@dooley.com','2022-01-27 13:42:31','2022-01-27 13:42:31'),
	(2303,353,'Hollie Runolfsdottir','sid66@hauck.com','2022-01-27 13:42:31','2022-01-27 13:42:31'),
	(2304,200,'Miss Pat Bergstrom','ethompson@considine.com','2022-01-27 13:42:31','2022-01-27 13:42:31'),
	(2305,405,'Maria Blick IV','christ.steuber@yahoo.com','2022-01-27 13:42:31','2022-01-27 13:42:31'),
	(2306,109,'Carter Gerlach','olaf76@yahoo.com','2022-01-27 13:42:31','2022-01-27 13:42:31'),
	(2307,292,'Ashton Hirthe','louisa63@pfannerstill.info','2022-01-27 13:42:31','2022-01-27 13:42:31'),
	(2308,514,'Hester Ondricka','zbernhard@hilpert.com','2022-01-27 13:42:31','2022-01-27 13:42:31'),
	(2309,324,'Myrl Harber','shields.milo@kovacek.com','2022-01-27 13:42:31','2022-01-27 13:42:31'),
	(2310,42,'Yoshiko Rogahn','pagac.magnus@gmail.com','2022-01-27 13:42:31','2022-01-27 13:42:31'),
	(2311,178,'Jarod Stehr Sr.','pacocha.abner@gmail.com','2022-01-27 13:42:31','2022-01-27 13:42:31'),
	(2312,17,'Laney Thiel','acrist@bogan.com','2022-01-27 13:42:31','2022-01-27 13:42:31'),
	(2313,548,'Orion Morissette','selena.hickle@heathcote.com','2022-01-27 13:42:31','2022-01-27 13:42:31'),
	(2314,298,'Emmett Farrell Jr.','suzanne.senger@yahoo.com','2022-01-27 13:42:31','2022-01-27 13:42:31'),
	(2315,287,'Mr. Bart Cummerata PhD','wmckenzie@yahoo.com','2022-01-27 13:42:31','2022-01-27 13:42:31'),
	(2316,429,'Mrs. Fiona Swift MD','johnston.myron@cartwright.com','2022-01-27 13:42:31','2022-01-27 13:42:31'),
	(2317,76,'Miss Lauryn Cassin DDS','tluettgen@tillman.com','2022-01-27 13:42:31','2022-01-27 13:42:31'),
	(2318,202,'Walker Kulas','jaylan43@harris.org','2022-01-27 13:42:31','2022-01-27 13:42:31'),
	(2319,283,'Mr. Ned Gorczany V','lysanne32@rosenbaum.net','2022-01-27 13:42:31','2022-01-27 13:42:31'),
	(2320,553,'Pascale Bogisich MD','karelle33@steuber.com','2022-01-27 13:42:31','2022-01-27 13:42:31'),
	(2321,251,'Elenora Littel V','van.erdman@tillman.com','2022-01-27 13:42:31','2022-01-27 13:42:31'),
	(2322,259,'Juanita O\'Reilly Sr.','abbott.jamel@beahan.biz','2022-01-27 13:42:31','2022-01-27 13:42:31'),
	(2323,345,'Coleman O\'Kon','agrimes@hotmail.com','2022-01-27 13:42:31','2022-01-27 13:42:31'),
	(2324,563,'Aletha Buckridge','katheryn72@gmail.com','2022-01-27 13:42:31','2022-01-27 13:42:31'),
	(2325,558,'Carmen Dach','gutmann.adella@hotmail.com','2022-01-27 13:42:31','2022-01-27 13:42:31'),
	(2326,89,'Arlene Franecki','muriel.stoltenberg@yahoo.com','2022-01-27 13:42:31','2022-01-27 13:42:31'),
	(2327,441,'Dr. Dovie Beatty','schmitt.emma@hotmail.com','2022-01-27 13:42:31','2022-01-27 13:42:31'),
	(2328,505,'Robbie Osinski DDS','ryan.ricky@yahoo.com','2022-01-27 13:42:31','2022-01-27 13:42:31'),
	(2329,535,'Kaitlin Feeney','moore.alf@gmail.com','2022-01-27 13:42:31','2022-01-27 13:42:31'),
	(2330,433,'Mrs. Lavonne Kulas IV','mann.ericka@ebert.biz','2022-01-27 13:42:31','2022-01-27 13:42:31'),
	(2331,118,'Dr. Benton Eichmann III','walker.rebeca@simonis.info','2022-01-27 13:42:31','2022-01-27 13:42:31'),
	(2332,90,'Miss Neva Boyle','cronin.cullen@murray.net','2022-01-27 13:42:31','2022-01-27 13:42:31'),
	(2333,458,'Gaetano Breitenberg','general.schmidt@hand.com','2022-01-27 13:42:31','2022-01-27 13:42:31'),
	(2334,467,'Dr. Van Smith DDS','kevon32@ferry.org','2022-01-27 13:42:31','2022-01-27 13:42:31'),
	(2335,200,'Cara Ritchie','crooks.martin@luettgen.com','2022-01-27 13:42:31','2022-01-27 13:42:31'),
	(2336,552,'Makenna Dicki IV','shayne37@gmail.com','2022-01-27 13:42:31','2022-01-27 13:42:31'),
	(2337,246,'Dr. Jevon Bruen DDS','cjacobson@yahoo.com','2022-01-27 13:42:31','2022-01-27 13:42:31'),
	(2338,28,'Dr. Alan Littel','cedrick36@schoen.com','2022-01-27 13:42:31','2022-01-27 13:42:31'),
	(2339,181,'Arnaldo Kunde','hstracke@hotmail.com','2022-01-27 13:42:31','2022-01-27 13:42:31'),
	(2340,87,'Loyal Greenfelder','christophe06@gmail.com','2022-01-27 13:42:31','2022-01-27 13:42:31'),
	(2341,63,'Mr. Mohammad Johnston','murray.miller@yahoo.com','2022-01-27 13:42:31','2022-01-27 13:42:31'),
	(2342,261,'Kelley Corkery','princess.davis@muller.com','2022-01-27 13:42:31','2022-01-27 13:42:31'),
	(2343,168,'Prof. Orin Vandervort IV','pat37@gmail.com','2022-01-27 13:42:31','2022-01-27 13:42:31'),
	(2344,35,'Billie Corkery','gthiel@dickens.net','2022-01-27 13:42:31','2022-01-27 13:42:31'),
	(2345,9,'Bella Hagenes','amanda34@hotmail.com','2022-01-27 13:42:31','2022-01-27 13:42:31'),
	(2346,564,'Ms. Katarina Hansen','rosamond.mayert@gottlieb.org','2022-01-27 13:42:31','2022-01-27 13:42:31'),
	(2347,79,'Mrs. Maria Legros PhD','camron.marks@lindgren.net','2022-01-27 13:42:31','2022-01-27 13:42:31'),
	(2348,51,'Amari O\'Conner','tgleichner@oberbrunner.com','2022-01-27 13:42:31','2022-01-27 13:42:31'),
	(2349,570,'Abigail Kohler','kaycee.lesch@gleichner.info','2022-01-27 13:42:31','2022-01-27 13:42:31'),
	(2350,243,'Maud Daniel','hoeger.makayla@hotmail.com','2022-01-27 13:42:31','2022-01-27 13:42:31'),
	(2351,278,'Tia Olson','koelpin.jamar@yahoo.com','2022-01-27 13:42:31','2022-01-27 13:42:31'),
	(2352,466,'Darwin Mraz','reagan35@yahoo.com','2022-01-27 13:42:31','2022-01-27 13:42:31'),
	(2353,268,'Johnathon Hayes','dee65@smith.org','2022-01-27 13:42:31','2022-01-27 13:42:31'),
	(2354,512,'Alanis Kassulke V','hansen.ransom@kozey.com','2022-01-27 13:42:31','2022-01-27 13:42:31'),
	(2355,52,'Amie Brekke','kaleigh.boehm@hotmail.com','2022-01-27 13:42:31','2022-01-27 13:42:31'),
	(2356,263,'Kaden Hickle','kristina.dooley@fritsch.org','2022-01-27 13:42:31','2022-01-27 13:42:31'),
	(2357,177,'Axel Blanda','lconn@kutch.net','2022-01-27 13:42:31','2022-01-27 13:42:31'),
	(2358,393,'Ally Powlowski','fmann@hotmail.com','2022-01-27 13:42:31','2022-01-27 13:42:31'),
	(2359,331,'Leda Grady','hirthe.adah@waelchi.info','2022-01-27 13:42:31','2022-01-27 13:42:31'),
	(2360,457,'Daija Brown III','eherman@gmail.com','2022-01-27 13:42:31','2022-01-27 13:42:31'),
	(2361,235,'Yasmine Haag','ebert.lenna@hotmail.com','2022-01-27 13:42:31','2022-01-27 13:42:31'),
	(2362,450,'Stacey Blick','merl51@batz.com','2022-01-27 13:42:31','2022-01-27 13:42:31'),
	(2363,302,'Johnpaul Walker','gayle.bogan@hotmail.com','2022-01-27 13:42:31','2022-01-27 13:42:31'),
	(2364,591,'Prof. Antwan Bruen','herzog.walton@stroman.com','2022-01-27 13:42:31','2022-01-27 13:42:31'),
	(2365,371,'Miss Chasity Dach','sschamberger@ratke.org','2022-01-27 13:42:31','2022-01-27 13:42:31'),
	(2366,128,'Rey Johns','haven.stoltenberg@gmail.com','2022-01-27 13:42:31','2022-01-27 13:42:31'),
	(2367,240,'Samara West','hoppe.sherwood@yahoo.com','2022-01-27 13:42:31','2022-01-27 13:42:31'),
	(2368,359,'Mrs. Maci Doyle IV','lwalter@gmail.com','2022-01-27 13:42:31','2022-01-27 13:42:31'),
	(2369,561,'Barney Ullrich','omurazik@hotmail.com','2022-01-27 13:42:31','2022-01-27 13:42:31'),
	(2370,458,'Dock Davis','jayda.jacobi@koch.info','2022-01-27 13:42:31','2022-01-27 13:42:31'),
	(2371,514,'Prof. Brenden Hermiston','rose.cole@hotmail.com','2022-01-27 13:42:31','2022-01-27 13:42:31'),
	(2372,400,'Dr. Elmo Wyman II','hettie75@yahoo.com','2022-01-27 13:42:31','2022-01-27 13:42:31'),
	(2373,28,'Dedrick Price Sr.','jazmin74@yahoo.com','2022-01-27 13:42:31','2022-01-27 13:42:31'),
	(2374,593,'Elise Haley','carolina38@yahoo.com','2022-01-27 13:42:31','2022-01-27 13:42:31'),
	(2375,51,'Annamarie Will','barrett.wolf@yahoo.com','2022-01-27 13:42:31','2022-01-27 13:42:31'),
	(2376,123,'Markus Robel','lehner.julie@hotmail.com','2022-01-27 13:42:31','2022-01-27 13:42:31'),
	(2377,257,'Dr. Lazaro Simonis I','mittie47@gmail.com','2022-01-27 13:42:31','2022-01-27 13:42:31'),
	(2378,376,'Katlyn Cremin','antonio79@yahoo.com','2022-01-27 13:42:31','2022-01-27 13:42:31'),
	(2379,600,'Ethyl Jaskolski','ostoltenberg@von.com','2022-01-27 13:42:31','2022-01-27 13:42:31'),
	(2380,148,'Keaton Stark','vladimir.rohan@schamberger.net','2022-01-27 13:42:31','2022-01-27 13:42:31'),
	(2381,433,'Jamir Hudson','montana55@ziemann.com','2022-01-27 13:42:31','2022-01-27 13:42:31'),
	(2382,377,'Kendrick Denesik','koch.lorenza@hotmail.com','2022-01-27 13:42:31','2022-01-27 13:42:31'),
	(2383,263,'Deontae Greenholt','nparker@dietrich.com','2022-01-27 13:42:31','2022-01-27 13:42:31'),
	(2384,428,'Virginie O\'Reilly','ltromp@yahoo.com','2022-01-27 13:42:31','2022-01-27 13:42:31'),
	(2385,495,'Prof. Heidi Langworth','leo.donnelly@gmail.com','2022-01-27 13:42:31','2022-01-27 13:42:31'),
	(2386,550,'Prof. Isaias Halvorson I','homenick.anne@abshire.com','2022-01-27 13:42:31','2022-01-27 13:42:31'),
	(2387,361,'Craig Hudson','ihoppe@hotmail.com','2022-01-27 13:42:31','2022-01-27 13:42:31'),
	(2388,280,'Patrick Metz DDS','gtreutel@morissette.com','2022-01-27 13:42:31','2022-01-27 13:42:31'),
	(2389,207,'Tatum Bins','dach.heidi@boehm.com','2022-01-27 13:42:31','2022-01-27 13:42:31'),
	(2390,450,'Meda Stroman','yfeil@yahoo.com','2022-01-27 13:42:31','2022-01-27 13:42:31'),
	(2391,77,'Mrs. Cierra Abshire DVM','luella50@kunze.com','2022-01-27 13:42:31','2022-01-27 13:42:31'),
	(2392,206,'Coralie Wilkinson','alanna.marvin@gmail.com','2022-01-27 13:42:31','2022-01-27 13:42:31'),
	(2393,517,'Dakota Grant','sanderson@hirthe.com','2022-01-27 13:42:31','2022-01-27 13:42:31'),
	(2394,536,'Genevieve Moore','rebecca.koch@collins.com','2022-01-27 13:42:31','2022-01-27 13:42:31'),
	(2395,477,'Destin Kuhic','tpollich@rogahn.com','2022-01-27 13:42:31','2022-01-27 13:42:31'),
	(2396,389,'Mrs. Janae Bechtelar PhD','stracke.isabel@pagac.info','2022-01-27 13:42:31','2022-01-27 13:42:31'),
	(2397,350,'Leonie Kutch','jones.reid@hotmail.com','2022-01-27 13:42:31','2022-01-27 13:42:31'),
	(2398,154,'Ms. Jacklyn Morissette','lesly65@prosacco.com','2022-01-27 13:42:31','2022-01-27 13:42:31'),
	(2399,288,'Mathew Hickle','kunze.westley@mosciski.com','2022-01-27 13:42:31','2022-01-27 13:42:31'),
	(2400,219,'Hailey Kuphal','marjorie23@yahoo.com','2022-01-27 13:42:31','2022-01-27 13:42:31');

/*!40000 ALTER TABLE `employees` ENABLE KEYS */;
UNLOCK TABLES;


# Dump of table shops
# ------------------------------------------------------------

DROP TABLE IF EXISTS `shops`;

CREATE TABLE `shops` (
  `id` bigint unsigned NOT NULL AUTO_INCREMENT,
  `city_id` bigint unsigned NOT NULL,
  `name` varchar(255) COLLATE utf8mb4_unicode_ci NOT NULL,
  `created_at` timestamp NULL DEFAULT NULL,
  `updated_at` timestamp NULL DEFAULT NULL,
  PRIMARY KEY (`id`),
  KEY `shops_city_id_foreign` (`city_id`),
  CONSTRAINT `shops_city_id_foreign` FOREIGN KEY (`city_id`) REFERENCES `cities` (`id`) ON DELETE CASCADE
) ENGINE=InnoDB DEFAULT CHARSET=utf8mb4 COLLATE=utf8mb4_unicode_ci;

LOCK TABLES `shops` WRITE;
/*!40000 ALTER TABLE `shops` DISABLE KEYS */;

INSERT INTO `shops` (`id`, `city_id`, `name`, `created_at`, `updated_at`)
VALUES
	(1,247,'Kshlerin, Mueller and Romaguera','2022-01-27 13:42:25','2022-01-27 13:42:25'),
	(2,63,'Casper, Kris and Abernathy','2022-01-27 13:42:25','2022-01-27 13:42:25'),
	(3,241,'Turner PLC','2022-01-27 13:42:25','2022-01-27 13:42:25'),
	(4,154,'Stehr-Kuhic','2022-01-27 13:42:25','2022-01-27 13:42:25'),
	(5,264,'Altenwerth-Rogahn','2022-01-27 13:42:25','2022-01-27 13:42:25'),
	(6,289,'Klein, Kling and Schamberger','2022-01-27 13:42:25','2022-01-27 13:42:25'),
	(7,108,'Nicolas, Lueilwitz and Cruickshank','2022-01-27 13:42:25','2022-01-27 13:42:25'),
	(8,190,'Wunsch-McKenzie','2022-01-27 13:42:25','2022-01-27 13:42:25'),
	(9,278,'Brekke-Willms','2022-01-27 13:42:25','2022-01-27 13:42:25'),
	(10,220,'Kirlin-Paucek','2022-01-27 13:42:25','2022-01-27 13:42:25'),
	(11,243,'Yost PLC','2022-01-27 13:42:25','2022-01-27 13:42:25'),
	(12,235,'Lowe-Ortiz','2022-01-27 13:42:25','2022-01-27 13:42:25'),
	(13,208,'Barton-McCullough','2022-01-27 13:42:25','2022-01-27 13:42:25'),
	(14,21,'Homenick-Flatley','2022-01-27 13:42:25','2022-01-27 13:42:25'),
	(15,241,'Romaguera LLC','2022-01-27 13:42:25','2022-01-27 13:42:25'),
	(16,225,'McGlynn PLC','2022-01-27 13:42:25','2022-01-27 13:42:25'),
	(17,171,'Collins Inc','2022-01-27 13:42:25','2022-01-27 13:42:25'),
	(18,267,'Weimann, Green and Donnelly','2022-01-27 13:42:25','2022-01-27 13:42:25'),
	(19,20,'Mante, Pollich and Koepp','2022-01-27 13:42:25','2022-01-27 13:42:25'),
	(20,217,'Fritsch Group','2022-01-27 13:42:25','2022-01-27 13:42:25'),
	(21,100,'Veum-Hermiston','2022-01-27 13:42:25','2022-01-27 13:42:25'),
	(22,287,'Barton and Sons','2022-01-27 13:42:25','2022-01-27 13:42:25'),
	(23,200,'McCullough LLC','2022-01-27 13:42:25','2022-01-27 13:42:25'),
	(24,65,'Turcotte and Sons','2022-01-27 13:42:25','2022-01-27 13:42:25'),
	(25,270,'Mitchell, Abernathy and Russel','2022-01-27 13:42:25','2022-01-27 13:42:25'),
	(26,293,'Funk, Bode and Mohr','2022-01-27 13:42:25','2022-01-27 13:42:25'),
	(27,202,'Harber LLC','2022-01-27 13:42:25','2022-01-27 13:42:25'),
	(28,236,'Predovic, Barton and Hackett','2022-01-27 13:42:25','2022-01-27 13:42:25'),
	(29,247,'Cruickshank, Smitham and Franecki','2022-01-27 13:42:25','2022-01-27 13:42:25'),
	(30,124,'Predovic, Douglas and Price','2022-01-27 13:42:25','2022-01-27 13:42:25'),
	(31,131,'Conn Inc','2022-01-27 13:42:25','2022-01-27 13:42:25'),
	(32,212,'Murazik-Dach','2022-01-27 13:42:25','2022-01-27 13:42:25'),
	(33,225,'Thompson-Kozey','2022-01-27 13:42:25','2022-01-27 13:42:25'),
	(34,165,'Barrows, Schulist and Deckow','2022-01-27 13:42:25','2022-01-27 13:42:25'),
	(35,68,'Labadie, Nikolaus and Kilback','2022-01-27 13:42:25','2022-01-27 13:42:25'),
	(36,55,'Lehner-Schiller','2022-01-27 13:42:25','2022-01-27 13:42:25'),
	(37,37,'Casper-Fadel','2022-01-27 13:42:25','2022-01-27 13:42:25'),
	(38,112,'Dibbert, Johns and Rempel','2022-01-27 13:42:25','2022-01-27 13:42:25'),
	(39,146,'Cruickshank Inc','2022-01-27 13:42:25','2022-01-27 13:42:25'),
	(40,22,'Kautzer, Denesik and Olson','2022-01-27 13:42:25','2022-01-27 13:42:25'),
	(41,104,'Satterfield, Mayer and Schultz','2022-01-27 13:42:25','2022-01-27 13:42:25'),
	(42,220,'Bosco Inc','2022-01-27 13:42:25','2022-01-27 13:42:25'),
	(43,192,'Robel Inc','2022-01-27 13:42:25','2022-01-27 13:42:25'),
	(44,221,'Bergnaum, Botsford and Luettgen','2022-01-27 13:42:25','2022-01-27 13:42:25'),
	(45,39,'Braun Ltd','2022-01-27 13:42:25','2022-01-27 13:42:25'),
	(46,21,'Stehr-Farrell','2022-01-27 13:42:25','2022-01-27 13:42:25'),
	(47,216,'Grant-Bechtelar','2022-01-27 13:42:25','2022-01-27 13:42:25'),
	(48,253,'Franecki, Yundt and Gleichner','2022-01-27 13:42:25','2022-01-27 13:42:25'),
	(49,27,'Ziemann-Effertz','2022-01-27 13:42:25','2022-01-27 13:42:25'),
	(50,5,'Thompson-Little','2022-01-27 13:42:25','2022-01-27 13:42:25'),
	(51,89,'Senger-Upton','2022-01-27 13:42:25','2022-01-27 13:42:25'),
	(52,179,'Stracke, Murray and Howell','2022-01-27 13:42:25','2022-01-27 13:42:25'),
	(53,217,'Yost and Sons','2022-01-27 13:42:25','2022-01-27 13:42:25'),
	(54,37,'Morar-Corwin','2022-01-27 13:42:25','2022-01-27 13:42:25'),
	(55,281,'Yundt, Goyette and McKenzie','2022-01-27 13:42:25','2022-01-27 13:42:25'),
	(56,124,'Gislason LLC','2022-01-27 13:42:25','2022-01-27 13:42:25'),
	(57,44,'Nicolas PLC','2022-01-27 13:42:25','2022-01-27 13:42:25'),
	(58,53,'Rogahn-Denesik','2022-01-27 13:42:25','2022-01-27 13:42:25'),
	(59,205,'Strosin-Bruen','2022-01-27 13:42:25','2022-01-27 13:42:25'),
	(60,16,'Kozey, Price and Bogan','2022-01-27 13:42:25','2022-01-27 13:42:25'),
	(61,2,'Morar and Sons','2022-01-27 13:42:25','2022-01-27 13:42:25'),
	(62,220,'Jast LLC','2022-01-27 13:42:25','2022-01-27 13:42:25'),
	(63,63,'Wisoky Inc','2022-01-27 13:42:25','2022-01-27 13:42:25'),
	(64,131,'Herzog-Ullrich','2022-01-27 13:42:25','2022-01-27 13:42:25'),
	(65,282,'Gutkowski, Nicolas and Gislason','2022-01-27 13:42:25','2022-01-27 13:42:25'),
	(66,249,'Monahan, West and Kuhn','2022-01-27 13:42:25','2022-01-27 13:42:25'),
	(67,200,'Wiegand, Skiles and Hartmann','2022-01-27 13:42:25','2022-01-27 13:42:25'),
	(68,2,'Waters, Vandervort and Roob','2022-01-27 13:42:25','2022-01-27 13:42:25'),
	(69,192,'Jacobs and Sons','2022-01-27 13:42:25','2022-01-27 13:42:25'),
	(70,57,'Mayer-Wunsch','2022-01-27 13:42:25','2022-01-27 13:42:25'),
	(71,121,'Walsh, Kohler and Ratke','2022-01-27 13:42:25','2022-01-27 13:42:25'),
	(72,86,'Jakubowski, Ernser and Treutel','2022-01-27 13:42:25','2022-01-27 13:42:25'),
	(73,141,'Olson LLC','2022-01-27 13:42:25','2022-01-27 13:42:25'),
	(74,2,'Mayer and Sons','2022-01-27 13:42:25','2022-01-27 13:42:25'),
	(75,60,'Rau-Swift','2022-01-27 13:42:25','2022-01-27 13:42:25'),
	(76,50,'Emard, Cummings and Larson','2022-01-27 13:42:25','2022-01-27 13:42:25'),
	(77,279,'Donnelly LLC','2022-01-27 13:42:25','2022-01-27 13:42:25'),
	(78,144,'Swaniawski PLC','2022-01-27 13:42:25','2022-01-27 13:42:25'),
	(79,152,'Jerde Ltd','2022-01-27 13:42:25','2022-01-27 13:42:25'),
	(80,62,'Botsford PLC','2022-01-27 13:42:25','2022-01-27 13:42:25'),
	(81,288,'Abshire LLC','2022-01-27 13:42:25','2022-01-27 13:42:25'),
	(82,261,'Wolff, Hyatt and Hermiston','2022-01-27 13:42:25','2022-01-27 13:42:25'),
	(83,98,'Gulgowski-Crooks','2022-01-27 13:42:25','2022-01-27 13:42:25'),
	(84,54,'DuBuque Group','2022-01-27 13:42:25','2022-01-27 13:42:25'),
	(85,229,'Bednar-Kertzmann','2022-01-27 13:42:25','2022-01-27 13:42:25'),
	(86,54,'Predovic, Hane and Schamberger','2022-01-27 13:42:25','2022-01-27 13:42:25'),
	(87,264,'Hilpert Inc','2022-01-27 13:42:25','2022-01-27 13:42:25'),
	(88,140,'Runolfsdottir, O\'Keefe and Mertz','2022-01-27 13:42:25','2022-01-27 13:42:25'),
	(89,25,'Cormier LLC','2022-01-27 13:42:25','2022-01-27 13:42:25'),
	(90,32,'Legros Ltd','2022-01-27 13:42:25','2022-01-27 13:42:25'),
	(91,256,'Zboncak, Lemke and Koelpin','2022-01-27 13:42:25','2022-01-27 13:42:25'),
	(92,257,'Dibbert-Walker','2022-01-27 13:42:25','2022-01-27 13:42:25'),
	(93,63,'Dach-Gerlach','2022-01-27 13:42:25','2022-01-27 13:42:25'),
	(94,40,'Von, O\'Reilly and Reichel','2022-01-27 13:42:25','2022-01-27 13:42:25'),
	(95,46,'Toy-Kutch','2022-01-27 13:42:25','2022-01-27 13:42:25'),
	(96,38,'Steuber-Turcotte','2022-01-27 13:42:25','2022-01-27 13:42:25'),
	(97,228,'Turner-Kovacek','2022-01-27 13:42:25','2022-01-27 13:42:25'),
	(98,174,'Murray, Walker and Kovacek','2022-01-27 13:42:25','2022-01-27 13:42:25'),
	(99,267,'Effertz-Parisian','2022-01-27 13:42:25','2022-01-27 13:42:25'),
	(100,109,'Schneider-Turcotte','2022-01-27 13:42:25','2022-01-27 13:42:25'),
	(101,96,'Runolfsdottir, Grimes and Mante','2022-01-27 13:42:25','2022-01-27 13:42:25'),
	(102,20,'Lang-Kertzmann','2022-01-27 13:42:25','2022-01-27 13:42:25'),
	(103,132,'Runolfsson Ltd','2022-01-27 13:42:25','2022-01-27 13:42:25'),
	(104,208,'Cremin, Ullrich and VonRueden','2022-01-27 13:42:25','2022-01-27 13:42:25'),
	(105,3,'Walsh, Schmitt and Fisher','2022-01-27 13:42:25','2022-01-27 13:42:25'),
	(106,219,'Stiedemann Ltd','2022-01-27 13:42:25','2022-01-27 13:42:25'),
	(107,102,'Rosenbaum-Medhurst','2022-01-27 13:42:25','2022-01-27 13:42:25'),
	(108,224,'Hoppe, Mosciski and Stehr','2022-01-27 13:42:25','2022-01-27 13:42:25'),
	(109,152,'Gerhold, Pfannerstill and Bruen','2022-01-27 13:42:25','2022-01-27 13:42:25'),
	(110,279,'Little, Abshire and Price','2022-01-27 13:42:25','2022-01-27 13:42:25'),
	(111,249,'Watsica, Balistreri and DuBuque','2022-01-27 13:42:25','2022-01-27 13:42:25'),
	(112,252,'Brakus Ltd','2022-01-27 13:42:25','2022-01-27 13:42:25'),
	(113,208,'Pagac, Ward and Leuschke','2022-01-27 13:42:25','2022-01-27 13:42:25'),
	(114,94,'Hartmann Group','2022-01-27 13:42:25','2022-01-27 13:42:25'),
	(115,15,'Wilkinson-O\'Kon','2022-01-27 13:42:25','2022-01-27 13:42:25'),
	(116,76,'Veum LLC','2022-01-27 13:42:25','2022-01-27 13:42:25'),
	(117,160,'Wiza, Bogisich and Sipes','2022-01-27 13:42:25','2022-01-27 13:42:25'),
	(118,75,'Rowe, Skiles and Flatley','2022-01-27 13:42:25','2022-01-27 13:42:25'),
	(119,269,'Little-Homenick','2022-01-27 13:42:25','2022-01-27 13:42:25'),
	(120,36,'Reinger-West','2022-01-27 13:42:25','2022-01-27 13:42:25'),
	(121,18,'Mayer LLC','2022-01-27 13:42:25','2022-01-27 13:42:25'),
	(122,211,'Renner Group','2022-01-27 13:42:25','2022-01-27 13:42:25'),
	(123,122,'Carter, Metz and Dooley','2022-01-27 13:42:25','2022-01-27 13:42:25'),
	(124,39,'Gerhold, Kautzer and Witting','2022-01-27 13:42:25','2022-01-27 13:42:25'),
	(125,279,'Hayes LLC','2022-01-27 13:42:25','2022-01-27 13:42:25'),
	(126,144,'Conroy-Hackett','2022-01-27 13:42:25','2022-01-27 13:42:25'),
	(127,165,'Cummings Group','2022-01-27 13:42:25','2022-01-27 13:42:25'),
	(128,267,'Hartmann-Veum','2022-01-27 13:42:25','2022-01-27 13:42:25'),
	(129,112,'Zulauf, Heidenreich and Cummerata','2022-01-27 13:42:25','2022-01-27 13:42:25'),
	(130,220,'Hill-Heller','2022-01-27 13:42:25','2022-01-27 13:42:25'),
	(131,235,'Rice, McGlynn and Doyle','2022-01-27 13:42:25','2022-01-27 13:42:25'),
	(132,267,'Leannon Inc','2022-01-27 13:42:25','2022-01-27 13:42:25'),
	(133,269,'Parisian-McCullough','2022-01-27 13:42:25','2022-01-27 13:42:25'),
	(134,246,'Lockman-Walter','2022-01-27 13:42:25','2022-01-27 13:42:25'),
	(135,24,'Beer Group','2022-01-27 13:42:25','2022-01-27 13:42:25'),
	(136,161,'Flatley and Sons','2022-01-27 13:42:25','2022-01-27 13:42:25'),
	(137,243,'Hansen, Collier and Romaguera','2022-01-27 13:42:25','2022-01-27 13:42:25'),
	(138,36,'Botsford, Langworth and Wisoky','2022-01-27 13:42:25','2022-01-27 13:42:25'),
	(139,100,'Veum, Hilpert and Stoltenberg','2022-01-27 13:42:25','2022-01-27 13:42:25'),
	(140,146,'Reinger-Kling','2022-01-27 13:42:25','2022-01-27 13:42:25'),
	(141,44,'Balistreri, Fadel and Kulas','2022-01-27 13:42:25','2022-01-27 13:42:25'),
	(142,171,'Jones-Bruen','2022-01-27 13:42:25','2022-01-27 13:42:25'),
	(143,11,'Rogahn-Goodwin','2022-01-27 13:42:25','2022-01-27 13:42:25'),
	(144,233,'Jakubowski and Sons','2022-01-27 13:42:25','2022-01-27 13:42:25'),
	(145,178,'Jenkins Inc','2022-01-27 13:42:25','2022-01-27 13:42:25'),
	(146,267,'Goyette, D\'Amore and Barrows','2022-01-27 13:42:25','2022-01-27 13:42:25'),
	(147,141,'Windler, Willms and Stoltenberg','2022-01-27 13:42:25','2022-01-27 13:42:25'),
	(148,270,'Wiegand-Balistreri','2022-01-27 13:42:25','2022-01-27 13:42:25'),
	(149,254,'Ernser-McLaughlin','2022-01-27 13:42:25','2022-01-27 13:42:25'),
	(150,71,'Rutherford, Moore and White','2022-01-27 13:42:25','2022-01-27 13:42:25'),
	(151,42,'Bailey, Maggio and Block','2022-01-27 13:42:25','2022-01-27 13:42:25'),
	(152,160,'O\'Keefe Inc','2022-01-27 13:42:25','2022-01-27 13:42:25'),
	(153,45,'Kub, Torphy and Stokes','2022-01-27 13:42:25','2022-01-27 13:42:25'),
	(154,28,'Witting, Thiel and Bednar','2022-01-27 13:42:25','2022-01-27 13:42:25'),
	(155,28,'Reilly-Konopelski','2022-01-27 13:42:25','2022-01-27 13:42:25'),
	(156,275,'Bradtke-Veum','2022-01-27 13:42:25','2022-01-27 13:42:25'),
	(157,54,'Connelly, Mosciski and Reichel','2022-01-27 13:42:25','2022-01-27 13:42:25'),
	(158,162,'Boehm, Gaylord and Schinner','2022-01-27 13:42:25','2022-01-27 13:42:25'),
	(159,229,'McKenzie Ltd','2022-01-27 13:42:25','2022-01-27 13:42:25'),
	(160,120,'Altenwerth and Sons','2022-01-27 13:42:25','2022-01-27 13:42:25'),
	(161,29,'Donnelly and Sons','2022-01-27 13:42:25','2022-01-27 13:42:25'),
	(162,146,'Morissette Inc','2022-01-27 13:42:25','2022-01-27 13:42:25'),
	(163,291,'Runte-Hoeger','2022-01-27 13:42:25','2022-01-27 13:42:25'),
	(164,177,'Von-Funk','2022-01-27 13:42:25','2022-01-27 13:42:25'),
	(165,262,'Mraz, Hessel and Hagenes','2022-01-27 13:42:25','2022-01-27 13:42:25'),
	(166,77,'Kautzer-O\'Hara','2022-01-27 13:42:25','2022-01-27 13:42:25'),
	(167,172,'Volkman-Schowalter','2022-01-27 13:42:25','2022-01-27 13:42:25'),
	(168,120,'Williamson Group','2022-01-27 13:42:25','2022-01-27 13:42:25'),
	(169,272,'Spinka, Bauch and Fahey','2022-01-27 13:42:25','2022-01-27 13:42:25'),
	(170,298,'Rice-Stokes','2022-01-27 13:42:25','2022-01-27 13:42:25'),
	(171,196,'Littel LLC','2022-01-27 13:42:25','2022-01-27 13:42:25'),
	(172,176,'Wiegand PLC','2022-01-27 13:42:25','2022-01-27 13:42:25'),
	(173,216,'Jacobs Ltd','2022-01-27 13:42:25','2022-01-27 13:42:25'),
	(174,59,'Metz-Lemke','2022-01-27 13:42:25','2022-01-27 13:42:25'),
	(175,263,'Fahey, Kunze and Buckridge','2022-01-27 13:42:25','2022-01-27 13:42:25'),
	(176,157,'Cartwright, Parisian and Kris','2022-01-27 13:42:25','2022-01-27 13:42:25'),
	(177,48,'Stoltenberg, Von and Zboncak','2022-01-27 13:42:25','2022-01-27 13:42:25'),
	(178,114,'Kunde-Nitzsche','2022-01-27 13:42:25','2022-01-27 13:42:25'),
	(179,149,'Wilkinson-Feil','2022-01-27 13:42:25','2022-01-27 13:42:25'),
	(180,235,'Beatty Group','2022-01-27 13:42:25','2022-01-27 13:42:25'),
	(181,105,'Quitzon and Sons','2022-01-27 13:42:25','2022-01-27 13:42:25'),
	(182,41,'Harvey-Raynor','2022-01-27 13:42:25','2022-01-27 13:42:25'),
	(183,285,'Wolff and Sons','2022-01-27 13:42:25','2022-01-27 13:42:25'),
	(184,160,'Lesch, Mosciski and Gleichner','2022-01-27 13:42:25','2022-01-27 13:42:25'),
	(185,33,'Moore-Schumm','2022-01-27 13:42:25','2022-01-27 13:42:25'),
	(186,63,'Anderson, Howell and Beatty','2022-01-27 13:42:25','2022-01-27 13:42:25'),
	(187,188,'Stanton, Pouros and Murray','2022-01-27 13:42:25','2022-01-27 13:42:25'),
	(188,222,'Luettgen, Gerhold and Jaskolski','2022-01-27 13:42:25','2022-01-27 13:42:25'),
	(189,290,'Fay-Kohler','2022-01-27 13:42:25','2022-01-27 13:42:25'),
	(190,231,'Cormier and Sons','2022-01-27 13:42:25','2022-01-27 13:42:25'),
	(191,164,'Williamson PLC','2022-01-27 13:42:25','2022-01-27 13:42:25'),
	(192,91,'Hane LLC','2022-01-27 13:42:25','2022-01-27 13:42:25'),
	(193,101,'Fay, Towne and Pfeffer','2022-01-27 13:42:25','2022-01-27 13:42:25'),
	(194,201,'Jacobs-Sipes','2022-01-27 13:42:25','2022-01-27 13:42:25'),
	(195,209,'Beahan, Collier and Conn','2022-01-27 13:42:25','2022-01-27 13:42:25'),
	(196,47,'Lindgren-Schimmel','2022-01-27 13:42:25','2022-01-27 13:42:25'),
	(197,137,'Emard-Reynolds','2022-01-27 13:42:25','2022-01-27 13:42:25'),
	(198,249,'Erdman Group','2022-01-27 13:42:25','2022-01-27 13:42:25'),
	(199,242,'Grimes, Schroeder and Sanford','2022-01-27 13:42:25','2022-01-27 13:42:25'),
	(200,277,'Leuschke, Cole and Grant','2022-01-27 13:42:25','2022-01-27 13:42:25'),
	(201,169,'Hettinger and Sons','2022-01-27 13:42:25','2022-01-27 13:42:25'),
	(202,207,'Mueller-Johns','2022-01-27 13:42:25','2022-01-27 13:42:25'),
	(203,130,'Berge-Bartell','2022-01-27 13:42:25','2022-01-27 13:42:25'),
	(204,233,'Padberg and Sons','2022-01-27 13:42:25','2022-01-27 13:42:25'),
	(205,202,'Leannon, Hagenes and Schamberger','2022-01-27 13:42:25','2022-01-27 13:42:25'),
	(206,152,'Tremblay, Wyman and Marvin','2022-01-27 13:42:25','2022-01-27 13:42:25'),
	(207,86,'Larson, Hahn and Rohan','2022-01-27 13:42:25','2022-01-27 13:42:25'),
	(208,4,'Bergstrom, Ruecker and Leffler','2022-01-27 13:42:25','2022-01-27 13:42:25'),
	(209,117,'Gutmann Group','2022-01-27 13:42:25','2022-01-27 13:42:25'),
	(210,286,'Ward, Willms and Dare','2022-01-27 13:42:25','2022-01-27 13:42:25'),
	(211,9,'Stoltenberg PLC','2022-01-27 13:42:25','2022-01-27 13:42:25'),
	(212,292,'Lesch Group','2022-01-27 13:42:25','2022-01-27 13:42:25'),
	(213,88,'Wolf-Abbott','2022-01-27 13:42:25','2022-01-27 13:42:25'),
	(214,259,'Hamill PLC','2022-01-27 13:42:25','2022-01-27 13:42:25'),
	(215,165,'Hagenes, Runte and Lang','2022-01-27 13:42:25','2022-01-27 13:42:25'),
	(216,216,'Gutkowski, Gislason and Hyatt','2022-01-27 13:42:25','2022-01-27 13:42:25'),
	(217,44,'Gulgowski, Purdy and Schroeder','2022-01-27 13:42:25','2022-01-27 13:42:25'),
	(218,283,'Toy-Green','2022-01-27 13:42:25','2022-01-27 13:42:25'),
	(219,299,'VonRueden-Lehner','2022-01-27 13:42:25','2022-01-27 13:42:25'),
	(220,232,'D\'Amore and Sons','2022-01-27 13:42:25','2022-01-27 13:42:25'),
	(221,258,'Daugherty, Strosin and Ebert','2022-01-27 13:42:25','2022-01-27 13:42:25'),
	(222,299,'Cronin, Rolfson and Gottlieb','2022-01-27 13:42:25','2022-01-27 13:42:25'),
	(223,92,'O\'Reilly-Kuhic','2022-01-27 13:42:25','2022-01-27 13:42:25'),
	(224,64,'Funk-Beatty','2022-01-27 13:42:25','2022-01-27 13:42:25'),
	(225,5,'West Ltd','2022-01-27 13:42:25','2022-01-27 13:42:25'),
	(226,287,'Mante LLC','2022-01-27 13:42:25','2022-01-27 13:42:25'),
	(227,218,'Kilback and Sons','2022-01-27 13:42:25','2022-01-27 13:42:25'),
	(228,42,'Hilpert-Jakubowski','2022-01-27 13:42:25','2022-01-27 13:42:25'),
	(229,241,'Conn-Jast','2022-01-27 13:42:25','2022-01-27 13:42:25'),
	(230,189,'Barrows-Boyer','2022-01-27 13:42:25','2022-01-27 13:42:25'),
	(231,22,'Herzog-Wuckert','2022-01-27 13:42:25','2022-01-27 13:42:25'),
	(232,170,'Nader Inc','2022-01-27 13:42:25','2022-01-27 13:42:25'),
	(233,107,'Kemmer, Howell and Goodwin','2022-01-27 13:42:25','2022-01-27 13:42:25'),
	(234,99,'Barton LLC','2022-01-27 13:42:25','2022-01-27 13:42:25'),
	(235,261,'Considine, Mraz and Wisozk','2022-01-27 13:42:25','2022-01-27 13:42:25'),
	(236,16,'Gusikowski, Hoeger and Blanda','2022-01-27 13:42:25','2022-01-27 13:42:25'),
	(237,227,'Cremin, Cassin and Shields','2022-01-27 13:42:25','2022-01-27 13:42:25'),
	(238,174,'Jacobi-Blick','2022-01-27 13:42:25','2022-01-27 13:42:25'),
	(239,242,'Dare, Predovic and Yundt','2022-01-27 13:42:25','2022-01-27 13:42:25'),
	(240,287,'Hartmann-Stokes','2022-01-27 13:42:25','2022-01-27 13:42:25'),
	(241,50,'Rohan-Boyle','2022-01-27 13:42:25','2022-01-27 13:42:25'),
	(242,193,'Wolff, Oberbrunner and Rowe','2022-01-27 13:42:25','2022-01-27 13:42:25'),
	(243,101,'Willms, Glover and Hermann','2022-01-27 13:42:25','2022-01-27 13:42:25'),
	(244,289,'Aufderhar, Pacocha and Kessler','2022-01-27 13:42:25','2022-01-27 13:42:25'),
	(245,278,'Kassulke, Dibbert and Larkin','2022-01-27 13:42:25','2022-01-27 13:42:25'),
	(246,13,'Kuphal-Reichert','2022-01-27 13:42:25','2022-01-27 13:42:25'),
	(247,144,'Kuphal, Turcotte and Hegmann','2022-01-27 13:42:25','2022-01-27 13:42:25'),
	(248,215,'Stracke, Sanford and Yost','2022-01-27 13:42:25','2022-01-27 13:42:25'),
	(249,106,'Kovacek-Lang','2022-01-27 13:42:25','2022-01-27 13:42:25'),
	(250,273,'Johnson, Abshire and Weissnat','2022-01-27 13:42:25','2022-01-27 13:42:25'),
	(251,226,'Bins-Hahn','2022-01-27 13:42:25','2022-01-27 13:42:25'),
	(252,100,'Farrell-Mann','2022-01-27 13:42:25','2022-01-27 13:42:25'),
	(253,101,'Reilly, Grimes and Rowe','2022-01-27 13:42:25','2022-01-27 13:42:25'),
	(254,4,'Green Group','2022-01-27 13:42:25','2022-01-27 13:42:25'),
	(255,31,'Schamberger-Kuhlman','2022-01-27 13:42:25','2022-01-27 13:42:25'),
	(256,169,'Dickinson PLC','2022-01-27 13:42:25','2022-01-27 13:42:25'),
	(257,164,'Gottlieb-Kris','2022-01-27 13:42:25','2022-01-27 13:42:25'),
	(258,4,'Boehm, Ruecker and Schultz','2022-01-27 13:42:25','2022-01-27 13:42:25'),
	(259,180,'Corkery, Waelchi and Moen','2022-01-27 13:42:25','2022-01-27 13:42:25'),
	(260,234,'Barrows-Schuster','2022-01-27 13:42:25','2022-01-27 13:42:25'),
	(261,235,'Konopelski-Johnson','2022-01-27 13:42:25','2022-01-27 13:42:25'),
	(262,240,'Simonis-Hoppe','2022-01-27 13:42:25','2022-01-27 13:42:25'),
	(263,55,'Herman Group','2022-01-27 13:42:25','2022-01-27 13:42:25'),
	(264,10,'Haag-Bartell','2022-01-27 13:42:25','2022-01-27 13:42:25'),
	(265,248,'Schulist LLC','2022-01-27 13:42:25','2022-01-27 13:42:25'),
	(266,75,'Hegmann-Ruecker','2022-01-27 13:42:25','2022-01-27 13:42:25'),
	(267,184,'Fisher and Sons','2022-01-27 13:42:25','2022-01-27 13:42:25'),
	(268,292,'Jacobi, Shields and Fay','2022-01-27 13:42:25','2022-01-27 13:42:25'),
	(269,36,'Kiehn, Schinner and Kessler','2022-01-27 13:42:25','2022-01-27 13:42:25'),
	(270,90,'Schamberger Group','2022-01-27 13:42:25','2022-01-27 13:42:25'),
	(271,210,'Mohr, Purdy and Gislason','2022-01-27 13:42:25','2022-01-27 13:42:25'),
	(272,21,'Wolff-Lockman','2022-01-27 13:42:25','2022-01-27 13:42:25'),
	(273,222,'Nader, Gottlieb and Schuppe','2022-01-27 13:42:25','2022-01-27 13:42:25'),
	(274,184,'Morar, Bruen and Larson','2022-01-27 13:42:25','2022-01-27 13:42:25'),
	(275,61,'Gutmann Ltd','2022-01-27 13:42:25','2022-01-27 13:42:25'),
	(276,87,'Lowe Ltd','2022-01-27 13:42:25','2022-01-27 13:42:25'),
	(277,137,'Hahn Ltd','2022-01-27 13:42:25','2022-01-27 13:42:25'),
	(278,286,'Jenkins, Gorczany and Labadie','2022-01-27 13:42:25','2022-01-27 13:42:25'),
	(279,79,'Block, Hoppe and Spencer','2022-01-27 13:42:25','2022-01-27 13:42:25'),
	(280,153,'Crooks Inc','2022-01-27 13:42:25','2022-01-27 13:42:25'),
	(281,66,'Schaefer, Halvorson and Zulauf','2022-01-27 13:42:25','2022-01-27 13:42:25'),
	(282,34,'Goldner, Wolf and Sanford','2022-01-27 13:42:25','2022-01-27 13:42:25'),
	(283,118,'Homenick Inc','2022-01-27 13:42:25','2022-01-27 13:42:25'),
	(284,227,'Cole Ltd','2022-01-27 13:42:25','2022-01-27 13:42:25'),
	(285,260,'Deckow-Prosacco','2022-01-27 13:42:25','2022-01-27 13:42:25'),
	(286,111,'Skiles-O\'Reilly','2022-01-27 13:42:25','2022-01-27 13:42:25'),
	(287,49,'Crona Ltd','2022-01-27 13:42:25','2022-01-27 13:42:25'),
	(288,206,'Reilly, Bins and Beahan','2022-01-27 13:42:25','2022-01-27 13:42:25'),
	(289,219,'Upton and Sons','2022-01-27 13:42:25','2022-01-27 13:42:25'),
	(290,161,'Anderson, King and Yost','2022-01-27 13:42:25','2022-01-27 13:42:25'),
	(291,122,'Goyette, Donnelly and Grant','2022-01-27 13:42:25','2022-01-27 13:42:25'),
	(292,277,'Mosciski-Maggio','2022-01-27 13:42:25','2022-01-27 13:42:25'),
	(293,154,'Kiehn, Greenfelder and Harvey','2022-01-27 13:42:25','2022-01-27 13:42:25'),
	(294,83,'Jerde-Haley','2022-01-27 13:42:25','2022-01-27 13:42:25'),
	(295,238,'Considine LLC','2022-01-27 13:42:25','2022-01-27 13:42:25'),
	(296,44,'Bins-Orn','2022-01-27 13:42:25','2022-01-27 13:42:25'),
	(297,38,'Murray Inc','2022-01-27 13:42:25','2022-01-27 13:42:25'),
	(298,177,'Osinski Group','2022-01-27 13:42:25','2022-01-27 13:42:25'),
	(299,85,'Roob LLC','2022-01-27 13:42:25','2022-01-27 13:42:25'),
	(300,4,'Breitenberg, Dach and Dickinson','2022-01-27 13:42:25','2022-01-27 13:42:25'),
	(301,109,'Little Ltd','2022-01-27 13:42:25','2022-01-27 13:42:25'),
	(302,66,'Schaden-Bogisich','2022-01-27 13:42:25','2022-01-27 13:42:25'),
	(303,47,'Kautzer-Boyle','2022-01-27 13:42:25','2022-01-27 13:42:25'),
	(304,19,'Ortiz and Sons','2022-01-27 13:42:25','2022-01-27 13:42:25'),
	(305,27,'Denesik, Hansen and Leuschke','2022-01-27 13:42:25','2022-01-27 13:42:25'),
	(306,12,'Mayert PLC','2022-01-27 13:42:25','2022-01-27 13:42:25'),
	(307,148,'Lockman-Muller','2022-01-27 13:42:25','2022-01-27 13:42:25'),
	(308,264,'Ullrich, Prohaska and Tromp','2022-01-27 13:42:25','2022-01-27 13:42:25'),
	(309,49,'Rempel Inc','2022-01-27 13:42:25','2022-01-27 13:42:25'),
	(310,143,'Skiles-Conn','2022-01-27 13:42:25','2022-01-27 13:42:25'),
	(311,27,'Dooley, Huels and Cassin','2022-01-27 13:42:25','2022-01-27 13:42:25'),
	(312,18,'Kreiger Ltd','2022-01-27 13:42:25','2022-01-27 13:42:25'),
	(313,26,'Bins, Kunze and D\'Amore','2022-01-27 13:42:25','2022-01-27 13:42:25'),
	(314,222,'Effertz and Sons','2022-01-27 13:42:25','2022-01-27 13:42:25'),
	(315,178,'Pfannerstill-Schowalter','2022-01-27 13:42:25','2022-01-27 13:42:25'),
	(316,39,'Bartell, Ziemann and Kunde','2022-01-27 13:42:25','2022-01-27 13:42:25'),
	(317,92,'Ortiz, Mueller and Hagenes','2022-01-27 13:42:25','2022-01-27 13:42:25'),
	(318,171,'McKenzie PLC','2022-01-27 13:42:25','2022-01-27 13:42:25'),
	(319,149,'Dare and Sons','2022-01-27 13:42:25','2022-01-27 13:42:25'),
	(320,17,'Hermann-Torphy','2022-01-27 13:42:25','2022-01-27 13:42:25'),
	(321,102,'Dietrich-Maggio','2022-01-27 13:42:25','2022-01-27 13:42:25'),
	(322,154,'Borer-Kuhn','2022-01-27 13:42:25','2022-01-27 13:42:25'),
	(323,140,'Hammes Ltd','2022-01-27 13:42:25','2022-01-27 13:42:25'),
	(324,183,'Wunsch, Reilly and Corkery','2022-01-27 13:42:25','2022-01-27 13:42:25'),
	(325,151,'O\'Hara-Rowe','2022-01-27 13:42:25','2022-01-27 13:42:25'),
	(326,96,'Jones-Hauck','2022-01-27 13:42:25','2022-01-27 13:42:25'),
	(327,171,'Stoltenberg LLC','2022-01-27 13:42:25','2022-01-27 13:42:25'),
	(328,274,'Morar-Monahan','2022-01-27 13:42:25','2022-01-27 13:42:25'),
	(329,21,'Rau Ltd','2022-01-27 13:42:25','2022-01-27 13:42:25'),
	(330,41,'Hackett Group','2022-01-27 13:42:25','2022-01-27 13:42:25'),
	(331,3,'Smith-Gorczany','2022-01-27 13:42:25','2022-01-27 13:42:25'),
	(332,246,'Dach-Adams','2022-01-27 13:42:25','2022-01-27 13:42:25'),
	(333,300,'Grant LLC','2022-01-27 13:42:25','2022-01-27 13:42:25'),
	(334,6,'Welch LLC','2022-01-27 13:42:25','2022-01-27 13:42:25'),
	(335,34,'Auer, Rosenbaum and Grady','2022-01-27 13:42:25','2022-01-27 13:42:25'),
	(336,201,'Rice and Sons','2022-01-27 13:42:25','2022-01-27 13:42:25'),
	(337,299,'Stanton PLC','2022-01-27 13:42:25','2022-01-27 13:42:25'),
	(338,89,'Bogan-Schmitt','2022-01-27 13:42:25','2022-01-27 13:42:25'),
	(339,191,'Lebsack, Cruickshank and Jacobi','2022-01-27 13:42:25','2022-01-27 13:42:25'),
	(340,229,'Witting Ltd','2022-01-27 13:42:25','2022-01-27 13:42:25'),
	(341,218,'Schiller, Ryan and Wolff','2022-01-27 13:42:25','2022-01-27 13:42:25'),
	(342,64,'Gaylord-Cormier','2022-01-27 13:42:25','2022-01-27 13:42:25'),
	(343,290,'Weber PLC','2022-01-27 13:42:25','2022-01-27 13:42:25'),
	(344,211,'Reichert, Gaylord and Collier','2022-01-27 13:42:25','2022-01-27 13:42:25'),
	(345,287,'Schaefer, Prohaska and Reinger','2022-01-27 13:42:25','2022-01-27 13:42:25'),
	(346,164,'O\'Kon-Robel','2022-01-27 13:42:25','2022-01-27 13:42:25'),
	(347,183,'Walsh and Sons','2022-01-27 13:42:25','2022-01-27 13:42:25'),
	(348,83,'Kutch, Hand and Kilback','2022-01-27 13:42:25','2022-01-27 13:42:25'),
	(349,249,'Botsford Inc','2022-01-27 13:42:25','2022-01-27 13:42:25'),
	(350,50,'Kub-Ondricka','2022-01-27 13:42:25','2022-01-27 13:42:25'),
	(351,256,'Crona-Runolfsdottir','2022-01-27 13:42:25','2022-01-27 13:42:25'),
	(352,93,'Christiansen, Okuneva and Spencer','2022-01-27 13:42:25','2022-01-27 13:42:25'),
	(353,225,'Harvey Inc','2022-01-27 13:42:25','2022-01-27 13:42:25'),
	(354,65,'Will-Shields','2022-01-27 13:42:25','2022-01-27 13:42:25'),
	(355,166,'Hintz, Hauck and Jenkins','2022-01-27 13:42:25','2022-01-27 13:42:25'),
	(356,201,'Grant-Prohaska','2022-01-27 13:42:25','2022-01-27 13:42:25'),
	(357,39,'Graham LLC','2022-01-27 13:42:25','2022-01-27 13:42:25'),
	(358,161,'Carroll PLC','2022-01-27 13:42:25','2022-01-27 13:42:25'),
	(359,278,'Zemlak, Ferry and Ledner','2022-01-27 13:42:25','2022-01-27 13:42:25'),
	(360,119,'Thiel Group','2022-01-27 13:42:25','2022-01-27 13:42:25'),
	(361,122,'Zulauf-Wunsch','2022-01-27 13:42:25','2022-01-27 13:42:25'),
	(362,154,'Simonis-Emmerich','2022-01-27 13:42:25','2022-01-27 13:42:25'),
	(363,213,'Gislason LLC','2022-01-27 13:42:25','2022-01-27 13:42:25'),
	(364,106,'Keeling-Bechtelar','2022-01-27 13:42:25','2022-01-27 13:42:25'),
	(365,151,'Stracke-Howe','2022-01-27 13:42:25','2022-01-27 13:42:25'),
	(366,162,'Rice, Torphy and Ondricka','2022-01-27 13:42:25','2022-01-27 13:42:25'),
	(367,213,'Ziemann, Wisoky and Schumm','2022-01-27 13:42:25','2022-01-27 13:42:25'),
	(368,87,'Cruickshank, Morar and Emmerich','2022-01-27 13:42:25','2022-01-27 13:42:25'),
	(369,147,'Nienow-Beatty','2022-01-27 13:42:25','2022-01-27 13:42:25'),
	(370,248,'Will, Terry and Murphy','2022-01-27 13:42:25','2022-01-27 13:42:25'),
	(371,229,'Dietrich Ltd','2022-01-27 13:42:25','2022-01-27 13:42:25'),
	(372,273,'Kunde-Hahn','2022-01-27 13:42:25','2022-01-27 13:42:25'),
	(373,235,'Shanahan, Schulist and Hamill','2022-01-27 13:42:25','2022-01-27 13:42:25'),
	(374,269,'Hahn-Zulauf','2022-01-27 13:42:25','2022-01-27 13:42:25'),
	(375,55,'Funk, Botsford and Ward','2022-01-27 13:42:25','2022-01-27 13:42:25'),
	(376,1,'Windler-Will','2022-01-27 13:42:25','2022-01-27 13:42:25'),
	(377,112,'Green-Reichel','2022-01-27 13:42:25','2022-01-27 13:42:25'),
	(378,143,'Crooks Ltd','2022-01-27 13:42:25','2022-01-27 13:42:25'),
	(379,281,'Daniel Group','2022-01-27 13:42:25','2022-01-27 13:42:25'),
	(380,295,'Cruickshank-Rodriguez','2022-01-27 13:42:25','2022-01-27 13:42:25'),
	(381,196,'Dare, Veum and Jacobson','2022-01-27 13:42:25','2022-01-27 13:42:25'),
	(382,6,'Buckridge-Murray','2022-01-27 13:42:25','2022-01-27 13:42:25'),
	(383,133,'Koepp, Stokes and Keebler','2022-01-27 13:42:25','2022-01-27 13:42:25'),
	(384,54,'Robel, Denesik and Schaden','2022-01-27 13:42:25','2022-01-27 13:42:25'),
	(385,65,'Roberts-Heathcote','2022-01-27 13:42:25','2022-01-27 13:42:25'),
	(386,160,'Kuhlman, Harris and Barton','2022-01-27 13:42:25','2022-01-27 13:42:25'),
	(387,205,'Harvey LLC','2022-01-27 13:42:25','2022-01-27 13:42:25'),
	(388,204,'Lueilwitz, Adams and Farrell','2022-01-27 13:42:25','2022-01-27 13:42:25'),
	(389,78,'Flatley Ltd','2022-01-27 13:42:25','2022-01-27 13:42:25'),
	(390,155,'Leuschke-Pouros','2022-01-27 13:42:25','2022-01-27 13:42:25'),
	(391,255,'Hodkiewicz-Brakus','2022-01-27 13:42:25','2022-01-27 13:42:25'),
	(392,287,'Johnson Ltd','2022-01-27 13:42:25','2022-01-27 13:42:25'),
	(393,13,'Corwin, O\'Kon and Gulgowski','2022-01-27 13:42:25','2022-01-27 13:42:25'),
	(394,285,'Mills, McGlynn and Schiller','2022-01-27 13:42:25','2022-01-27 13:42:25'),
	(395,7,'O\'Hara Inc','2022-01-27 13:42:25','2022-01-27 13:42:25'),
	(396,65,'Grady, Corkery and Miller','2022-01-27 13:42:25','2022-01-27 13:42:25'),
	(397,299,'Rath, Homenick and Skiles','2022-01-27 13:42:25','2022-01-27 13:42:25'),
	(398,220,'Weissnat-Schoen','2022-01-27 13:42:25','2022-01-27 13:42:25'),
	(399,102,'Hartmann-Ortiz','2022-01-27 13:42:25','2022-01-27 13:42:25'),
	(400,137,'Connelly-Toy','2022-01-27 13:42:25','2022-01-27 13:42:25'),
	(401,229,'Fadel, Nitzsche and O\'Conner','2022-01-27 13:42:25','2022-01-27 13:42:25'),
	(402,169,'Torp, Reilly and Pacocha','2022-01-27 13:42:25','2022-01-27 13:42:25'),
	(403,291,'Hahn LLC','2022-01-27 13:42:25','2022-01-27 13:42:25'),
	(404,111,'Tillman, Hauck and Schamberger','2022-01-27 13:42:25','2022-01-27 13:42:25'),
	(405,83,'Feil and Sons','2022-01-27 13:42:25','2022-01-27 13:42:25'),
	(406,273,'Robel and Sons','2022-01-27 13:42:25','2022-01-27 13:42:25'),
	(407,70,'Rippin LLC','2022-01-27 13:42:25','2022-01-27 13:42:25'),
	(408,48,'Cole, Murazik and Green','2022-01-27 13:42:25','2022-01-27 13:42:25'),
	(409,166,'Ondricka-Farrell','2022-01-27 13:42:25','2022-01-27 13:42:25'),
	(410,223,'Sawayn, Kuhlman and Wiegand','2022-01-27 13:42:25','2022-01-27 13:42:25'),
	(411,275,'Kirlin PLC','2022-01-27 13:42:25','2022-01-27 13:42:25'),
	(412,62,'Davis Group','2022-01-27 13:42:25','2022-01-27 13:42:25'),
	(413,25,'Satterfield Inc','2022-01-27 13:42:25','2022-01-27 13:42:25'),
	(414,9,'Grimes-Rosenbaum','2022-01-27 13:42:25','2022-01-27 13:42:25'),
	(415,242,'Ondricka Group','2022-01-27 13:42:25','2022-01-27 13:42:25'),
	(416,180,'Collins Ltd','2022-01-27 13:42:25','2022-01-27 13:42:25'),
	(417,210,'Heaney, Tillman and Harris','2022-01-27 13:42:25','2022-01-27 13:42:25'),
	(418,156,'Collier, Monahan and Ullrich','2022-01-27 13:42:25','2022-01-27 13:42:25'),
	(419,150,'Fahey-Emmerich','2022-01-27 13:42:25','2022-01-27 13:42:25'),
	(420,152,'Fadel, Oberbrunner and Abbott','2022-01-27 13:42:25','2022-01-27 13:42:25'),
	(421,17,'Zieme Inc','2022-01-27 13:42:25','2022-01-27 13:42:25'),
	(422,237,'Haag Group','2022-01-27 13:42:25','2022-01-27 13:42:25'),
	(423,31,'Kiehn-Goodwin','2022-01-27 13:42:25','2022-01-27 13:42:25'),
	(424,231,'Jaskolski, Goodwin and Maggio','2022-01-27 13:42:25','2022-01-27 13:42:25'),
	(425,166,'Cormier Inc','2022-01-27 13:42:25','2022-01-27 13:42:25'),
	(426,162,'Kemmer-Larkin','2022-01-27 13:42:25','2022-01-27 13:42:25'),
	(427,27,'Smith, Hartmann and Champlin','2022-01-27 13:42:25','2022-01-27 13:42:25'),
	(428,280,'Jerde-Carter','2022-01-27 13:42:25','2022-01-27 13:42:25'),
	(429,91,'Fisher, Stroman and Fisher','2022-01-27 13:42:25','2022-01-27 13:42:25'),
	(430,44,'Koelpin Ltd','2022-01-27 13:42:25','2022-01-27 13:42:25'),
	(431,217,'Nader, Gleason and Halvorson','2022-01-27 13:42:25','2022-01-27 13:42:25'),
	(432,241,'Mann LLC','2022-01-27 13:42:25','2022-01-27 13:42:25'),
	(433,8,'Daniel-Moore','2022-01-27 13:42:25','2022-01-27 13:42:25'),
	(434,124,'Wyman Inc','2022-01-27 13:42:25','2022-01-27 13:42:25'),
	(435,71,'Spencer, Lueilwitz and McCullough','2022-01-27 13:42:25','2022-01-27 13:42:25'),
	(436,290,'Gusikowski Inc','2022-01-27 13:42:25','2022-01-27 13:42:25'),
	(437,176,'Herman, Pfeffer and Fadel','2022-01-27 13:42:25','2022-01-27 13:42:25'),
	(438,215,'Sporer-Blick','2022-01-27 13:42:25','2022-01-27 13:42:25'),
	(439,282,'Raynor, Welch and Koelpin','2022-01-27 13:42:25','2022-01-27 13:42:25'),
	(440,134,'McLaughlin, Mraz and Jerde','2022-01-27 13:42:25','2022-01-27 13:42:25'),
	(441,8,'Hansen-Bednar','2022-01-27 13:42:25','2022-01-27 13:42:25'),
	(442,48,'Legros Ltd','2022-01-27 13:42:25','2022-01-27 13:42:25'),
	(443,46,'Romaguera LLC','2022-01-27 13:42:25','2022-01-27 13:42:25'),
	(444,292,'Boyer-Jacobs','2022-01-27 13:42:25','2022-01-27 13:42:25'),
	(445,5,'Hackett Group','2022-01-27 13:42:25','2022-01-27 13:42:25'),
	(446,53,'Dicki-Brakus','2022-01-27 13:42:25','2022-01-27 13:42:25'),
	(447,53,'Bechtelar, Schinner and Donnelly','2022-01-27 13:42:25','2022-01-27 13:42:25'),
	(448,140,'Hessel, Lockman and Will','2022-01-27 13:42:25','2022-01-27 13:42:25'),
	(449,75,'Spinka Group','2022-01-27 13:42:25','2022-01-27 13:42:25'),
	(450,138,'Mills Inc','2022-01-27 13:42:25','2022-01-27 13:42:25'),
	(451,160,'Lowe-Sipes','2022-01-27 13:42:25','2022-01-27 13:42:25'),
	(452,135,'Wilderman-O\'Hara','2022-01-27 13:42:25','2022-01-27 13:42:25'),
	(453,260,'McGlynn-Will','2022-01-27 13:42:25','2022-01-27 13:42:25'),
	(454,66,'Frami, Kuhn and Kihn','2022-01-27 13:42:25','2022-01-27 13:42:25'),
	(455,270,'Renner Inc','2022-01-27 13:42:25','2022-01-27 13:42:25'),
	(456,206,'Kunze, Pagac and Rippin','2022-01-27 13:42:25','2022-01-27 13:42:25'),
	(457,121,'Wisozk, Denesik and Gaylord','2022-01-27 13:42:25','2022-01-27 13:42:25'),
	(458,271,'Kerluke Group','2022-01-27 13:42:25','2022-01-27 13:42:25'),
	(459,26,'Pagac-Moen','2022-01-27 13:42:25','2022-01-27 13:42:25'),
	(460,72,'Balistreri and Sons','2022-01-27 13:42:25','2022-01-27 13:42:25'),
	(461,101,'Bins, Lehner and Paucek','2022-01-27 13:42:25','2022-01-27 13:42:25'),
	(462,32,'Murazik Group','2022-01-27 13:42:25','2022-01-27 13:42:25'),
	(463,41,'Huels-Hayes','2022-01-27 13:42:25','2022-01-27 13:42:25'),
	(464,126,'Ernser-Davis','2022-01-27 13:42:25','2022-01-27 13:42:25'),
	(465,225,'Hane, Will and Christiansen','2022-01-27 13:42:25','2022-01-27 13:42:25'),
	(466,70,'Robel, Monahan and Hoppe','2022-01-27 13:42:25','2022-01-27 13:42:25'),
	(467,64,'Vandervort-Mayert','2022-01-27 13:42:25','2022-01-27 13:42:25'),
	(468,168,'Prohaska-Kerluke','2022-01-27 13:42:25','2022-01-27 13:42:25'),
	(469,26,'Schaefer LLC','2022-01-27 13:42:25','2022-01-27 13:42:25'),
	(470,174,'Paucek-Okuneva','2022-01-27 13:42:25','2022-01-27 13:42:25'),
	(471,69,'Boyer, Spencer and Hermann','2022-01-27 13:42:25','2022-01-27 13:42:25'),
	(472,150,'Little-Cormier','2022-01-27 13:42:25','2022-01-27 13:42:25'),
	(473,259,'Cummerata-Price','2022-01-27 13:42:25','2022-01-27 13:42:25'),
	(474,101,'Predovic Group','2022-01-27 13:42:25','2022-01-27 13:42:25'),
	(475,268,'Reichert Inc','2022-01-27 13:42:25','2022-01-27 13:42:25'),
	(476,192,'Schuster, Altenwerth and Leuschke','2022-01-27 13:42:25','2022-01-27 13:42:25'),
	(477,67,'Lockman-Tromp','2022-01-27 13:42:25','2022-01-27 13:42:25'),
	(478,231,'Heidenreich, Kirlin and Adams','2022-01-27 13:42:25','2022-01-27 13:42:25'),
	(479,222,'Langosh-Walsh','2022-01-27 13:42:25','2022-01-27 13:42:25'),
	(480,2,'Reynolds-Kohler','2022-01-27 13:42:25','2022-01-27 13:42:25'),
	(481,27,'Hyatt, Bins and Reinger','2022-01-27 13:42:25','2022-01-27 13:42:25'),
	(482,264,'Hegmann Inc','2022-01-27 13:42:25','2022-01-27 13:42:25'),
	(483,29,'McCullough-Balistreri','2022-01-27 13:42:25','2022-01-27 13:42:25'),
	(484,6,'Kuhlman Ltd','2022-01-27 13:42:25','2022-01-27 13:42:25'),
	(485,82,'Waters PLC','2022-01-27 13:42:25','2022-01-27 13:42:25'),
	(486,184,'Hilpert, Schmitt and Stark','2022-01-27 13:42:25','2022-01-27 13:42:25'),
	(487,52,'Harvey, Mraz and Fritsch','2022-01-27 13:42:25','2022-01-27 13:42:25'),
	(488,234,'Watsica Inc','2022-01-27 13:42:25','2022-01-27 13:42:25'),
	(489,225,'Boyer, Champlin and Rosenbaum','2022-01-27 13:42:25','2022-01-27 13:42:25'),
	(490,31,'Beahan-Emmerich','2022-01-27 13:42:25','2022-01-27 13:42:25'),
	(491,225,'Bednar-Kunze','2022-01-27 13:42:25','2022-01-27 13:42:25'),
	(492,87,'Leuschke-Heidenreich','2022-01-27 13:42:25','2022-01-27 13:42:25'),
	(493,286,'Kunde-Bruen','2022-01-27 13:42:25','2022-01-27 13:42:25'),
	(494,267,'Watsica-Corwin','2022-01-27 13:42:25','2022-01-27 13:42:25'),
	(495,32,'Stokes LLC','2022-01-27 13:42:25','2022-01-27 13:42:25'),
	(496,155,'Walter Group','2022-01-27 13:42:25','2022-01-27 13:42:25'),
	(497,98,'Roberts LLC','2022-01-27 13:42:26','2022-01-27 13:42:26'),
	(498,3,'Leannon, Kuphal and Homenick','2022-01-27 13:42:26','2022-01-27 13:42:26'),
	(499,267,'Lesch Inc','2022-01-27 13:42:26','2022-01-27 13:42:26'),
	(500,32,'Smith-Ryan','2022-01-27 13:42:26','2022-01-27 13:42:26'),
	(501,229,'Kub-Lowe','2022-01-27 13:42:26','2022-01-27 13:42:26'),
	(502,179,'Hayes, Flatley and Bednar','2022-01-27 13:42:26','2022-01-27 13:42:26'),
	(503,108,'Lind, Olson and Kling','2022-01-27 13:42:26','2022-01-27 13:42:26'),
	(504,234,'Ferry and Sons','2022-01-27 13:42:26','2022-01-27 13:42:26'),
	(505,148,'Koepp, Muller and Kihn','2022-01-27 13:42:26','2022-01-27 13:42:26'),
	(506,249,'Lowe PLC','2022-01-27 13:42:26','2022-01-27 13:42:26'),
	(507,210,'Jacobi, Armstrong and Carroll','2022-01-27 13:42:26','2022-01-27 13:42:26'),
	(508,217,'Carter LLC','2022-01-27 13:42:26','2022-01-27 13:42:26'),
	(509,34,'Jacobi, Heidenreich and McGlynn','2022-01-27 13:42:26','2022-01-27 13:42:26'),
	(510,33,'Lind, Kshlerin and Crooks','2022-01-27 13:42:26','2022-01-27 13:42:26'),
	(511,103,'Von, Sawayn and Prosacco','2022-01-27 13:42:26','2022-01-27 13:42:26'),
	(512,283,'Wiegand-Gutmann','2022-01-27 13:42:26','2022-01-27 13:42:26'),
	(513,247,'Sipes Ltd','2022-01-27 13:42:26','2022-01-27 13:42:26'),
	(514,162,'Goldner Group','2022-01-27 13:42:26','2022-01-27 13:42:26'),
	(515,11,'Hermann-Donnelly','2022-01-27 13:42:26','2022-01-27 13:42:26'),
	(516,27,'Powlowski-McDermott','2022-01-27 13:42:26','2022-01-27 13:42:26'),
	(517,176,'Nikolaus, Boyle and Miller','2022-01-27 13:42:26','2022-01-27 13:42:26'),
	(518,91,'Fahey, DuBuque and Erdman','2022-01-27 13:42:26','2022-01-27 13:42:26'),
	(519,285,'O\'Conner-Kreiger','2022-01-27 13:42:26','2022-01-27 13:42:26'),
	(520,169,'Bayer-Purdy','2022-01-27 13:42:26','2022-01-27 13:42:26'),
	(521,289,'Franecki-Block','2022-01-27 13:42:26','2022-01-27 13:42:26'),
	(522,256,'Bergstrom Group','2022-01-27 13:42:26','2022-01-27 13:42:26'),
	(523,132,'Bauch, VonRueden and Schiller','2022-01-27 13:42:26','2022-01-27 13:42:26'),
	(524,16,'Spinka-Sporer','2022-01-27 13:42:26','2022-01-27 13:42:26'),
	(525,162,'Gleason-O\'Hara','2022-01-27 13:42:26','2022-01-27 13:42:26'),
	(526,293,'Upton, Robel and Veum','2022-01-27 13:42:26','2022-01-27 13:42:26'),
	(527,83,'Lebsack Inc','2022-01-27 13:42:26','2022-01-27 13:42:26'),
	(528,190,'Hyatt LLC','2022-01-27 13:42:26','2022-01-27 13:42:26'),
	(529,195,'Heathcote-Brown','2022-01-27 13:42:26','2022-01-27 13:42:26'),
	(530,204,'Nader-Rosenbaum','2022-01-27 13:42:26','2022-01-27 13:42:26'),
	(531,73,'Gulgowski, Purdy and Rath','2022-01-27 13:42:26','2022-01-27 13:42:26'),
	(532,217,'Heathcote Group','2022-01-27 13:42:26','2022-01-27 13:42:26'),
	(533,72,'Hegmann LLC','2022-01-27 13:42:26','2022-01-27 13:42:26'),
	(534,297,'Koss-Ratke','2022-01-27 13:42:26','2022-01-27 13:42:26'),
	(535,296,'Labadie-Bergnaum','2022-01-27 13:42:26','2022-01-27 13:42:26'),
	(536,188,'Vandervort PLC','2022-01-27 13:42:26','2022-01-27 13:42:26'),
	(537,186,'Ortiz-Klein','2022-01-27 13:42:26','2022-01-27 13:42:26'),
	(538,291,'Wehner, Berge and O\'Conner','2022-01-27 13:42:26','2022-01-27 13:42:26'),
	(539,39,'Parisian, Greenfelder and Kreiger','2022-01-27 13:42:26','2022-01-27 13:42:26'),
	(540,162,'Oberbrunner PLC','2022-01-27 13:42:26','2022-01-27 13:42:26'),
	(541,104,'Brekke, Will and Harber','2022-01-27 13:42:26','2022-01-27 13:42:26'),
	(542,293,'Thiel-Witting','2022-01-27 13:42:26','2022-01-27 13:42:26'),
	(543,272,'Fadel, Ward and Weber','2022-01-27 13:42:26','2022-01-27 13:42:26'),
	(544,172,'Marks-Kub','2022-01-27 13:42:26','2022-01-27 13:42:26'),
	(545,36,'Feest and Sons','2022-01-27 13:42:26','2022-01-27 13:42:26'),
	(546,7,'Blick-Kihn','2022-01-27 13:42:26','2022-01-27 13:42:26'),
	(547,161,'Labadie Ltd','2022-01-27 13:42:26','2022-01-27 13:42:26'),
	(548,295,'Boyer, Brekke and Balistreri','2022-01-27 13:42:26','2022-01-27 13:42:26'),
	(549,215,'Leuschke PLC','2022-01-27 13:42:26','2022-01-27 13:42:26'),
	(550,100,'Rath PLC','2022-01-27 13:42:26','2022-01-27 13:42:26'),
	(551,11,'Fay Group','2022-01-27 13:42:26','2022-01-27 13:42:26'),
	(552,300,'Kunze, Little and Beahan','2022-01-27 13:42:26','2022-01-27 13:42:26'),
	(553,236,'Hammes LLC','2022-01-27 13:42:26','2022-01-27 13:42:26'),
	(554,60,'Greenfelder, Bernier and Feil','2022-01-27 13:42:26','2022-01-27 13:42:26'),
	(555,83,'Corkery-Krajcik','2022-01-27 13:42:26','2022-01-27 13:42:26'),
	(556,66,'Sawayn, VonRueden and Schmeler','2022-01-27 13:42:26','2022-01-27 13:42:26'),
	(557,24,'Marvin, Funk and Morissette','2022-01-27 13:42:26','2022-01-27 13:42:26'),
	(558,218,'Marvin, Corkery and Parker','2022-01-27 13:42:26','2022-01-27 13:42:26'),
	(559,218,'Cummerata, Homenick and Parisian','2022-01-27 13:42:26','2022-01-27 13:42:26'),
	(560,293,'Schmidt Inc','2022-01-27 13:42:26','2022-01-27 13:42:26'),
	(561,31,'Pfeffer, Dietrich and Volkman','2022-01-27 13:42:26','2022-01-27 13:42:26'),
	(562,21,'Raynor-Zulauf','2022-01-27 13:42:26','2022-01-27 13:42:26'),
	(563,16,'Kunze PLC','2022-01-27 13:42:26','2022-01-27 13:42:26'),
	(564,87,'Champlin Ltd','2022-01-27 13:42:26','2022-01-27 13:42:26'),
	(565,158,'Aufderhar-Hayes','2022-01-27 13:42:26','2022-01-27 13:42:26'),
	(566,109,'Morar-Bauch','2022-01-27 13:42:26','2022-01-27 13:42:26'),
	(567,26,'Ryan Inc','2022-01-27 13:42:26','2022-01-27 13:42:26'),
	(568,231,'Grady LLC','2022-01-27 13:42:26','2022-01-27 13:42:26'),
	(569,99,'Weimann, Deckow and Shields','2022-01-27 13:42:26','2022-01-27 13:42:26'),
	(570,211,'Wolff PLC','2022-01-27 13:42:26','2022-01-27 13:42:26'),
	(571,26,'Quigley-Rippin','2022-01-27 13:42:26','2022-01-27 13:42:26'),
	(572,233,'Kohler, Ledner and Braun','2022-01-27 13:42:26','2022-01-27 13:42:26'),
	(573,137,'Kling LLC','2022-01-27 13:42:26','2022-01-27 13:42:26'),
	(574,282,'Russel, Lynch and Keeling','2022-01-27 13:42:26','2022-01-27 13:42:26'),
	(575,161,'Mayert Inc','2022-01-27 13:42:26','2022-01-27 13:42:26'),
	(576,16,'Jones, O\'Kon and Franecki','2022-01-27 13:42:26','2022-01-27 13:42:26'),
	(577,292,'Wisozk Ltd','2022-01-27 13:42:26','2022-01-27 13:42:26'),
	(578,64,'Quitzon and Sons','2022-01-27 13:42:26','2022-01-27 13:42:26'),
	(579,275,'Koepp-Olson','2022-01-27 13:42:26','2022-01-27 13:42:26'),
	(580,178,'Blick Ltd','2022-01-27 13:42:26','2022-01-27 13:42:26'),
	(581,30,'Halvorson-Jacobs','2022-01-27 13:42:26','2022-01-27 13:42:26'),
	(582,20,'Bauch LLC','2022-01-27 13:42:26','2022-01-27 13:42:26'),
	(583,144,'Welch and Sons','2022-01-27 13:42:26','2022-01-27 13:42:26'),
	(584,177,'Boyer-Mante','2022-01-27 13:42:26','2022-01-27 13:42:26'),
	(585,194,'Stehr Group','2022-01-27 13:42:26','2022-01-27 13:42:26'),
	(586,118,'Schneider, Ratke and Rippin','2022-01-27 13:42:26','2022-01-27 13:42:26'),
	(587,262,'Jerde PLC','2022-01-27 13:42:26','2022-01-27 13:42:26'),
	(588,120,'Aufderhar, Robel and Fisher','2022-01-27 13:42:26','2022-01-27 13:42:26'),
	(589,165,'Kris, Hahn and Wintheiser','2022-01-27 13:42:26','2022-01-27 13:42:26'),
	(590,214,'Wehner and Sons','2022-01-27 13:42:26','2022-01-27 13:42:26'),
	(591,121,'Goodwin Group','2022-01-27 13:42:26','2022-01-27 13:42:26'),
	(592,25,'Schamberger LLC','2022-01-27 13:42:26','2022-01-27 13:42:26'),
	(593,14,'Altenwerth PLC','2022-01-27 13:42:26','2022-01-27 13:42:26'),
	(594,236,'Heller-Ratke','2022-01-27 13:42:26','2022-01-27 13:42:26'),
	(595,137,'Spencer Group','2022-01-27 13:42:26','2022-01-27 13:42:26'),
	(596,174,'Conn PLC','2022-01-27 13:42:26','2022-01-27 13:42:26'),
	(597,300,'O\'Keefe, Ryan and Grady','2022-01-27 13:42:26','2022-01-27 13:42:26'),
	(598,253,'Goldner-Donnelly','2022-01-27 13:42:26','2022-01-27 13:42:26'),
	(599,110,'Beier, Funk and Jacobi','2022-01-27 13:42:26','2022-01-27 13:42:26'),
	(600,88,'Zemlak-Kemmer','2022-01-27 13:42:26','2022-01-27 13:42:26');

/*!40000 ALTER TABLE `shops` ENABLE KEYS */;
UNLOCK TABLES;



/*!40111 SET SQL_NOTES=@OLD_SQL_NOTES */;
/*!40101 SET SQL_MODE=@OLD_SQL_MODE */;
/*!40014 SET FOREIGN_KEY_CHECKS=@OLD_FOREIGN_KEY_CHECKS */;
/*!40101 SET CHARACTER_SET_CLIENT=@OLD_CHARACTER_SET_CLIENT */;
/*!40101 SET CHARACTER_SET_RESULTS=@OLD_CHARACTER_SET_RESULTS */;
/*!40101 SET COLLATION_CONNECTION=@OLD_COLLATION_CONNECTION */;
